run_id,run_number,workflow,event,actor_login,actor_type,class,job_id,job_name,started_at,completed_at,minutes,sku,rate_usd_per_min,cost_usd,runner_labels
36994554083,21730,(Runtime) Fuzz tests,schedule,poteto,User,human,110798176103,test_fuzz,2026-10-02T10:16:33Z,2026-10-02T10:17:40Z,2,actions_linux,0.006,0.012,ubuntu-latest
36994230002,19179,(Shared) Manage stale issues and PRs,schedule,poteto,User,human,110797147398,stale,2026-10-02T10:13:03Z,2026-10-02T10:13:20Z,1,actions_linux,0.006,0.006,ubuntu-latest
36993709615,1266,(Runtime) Sizebot Comment,workflow_run,drakeo338,User,human,110795505478,Comment with size changes,2026-10-02T10:07:30Z,2026-10-02T10:07:43Z,1,actions_linux,0.006,0.006,ubuntu-latest
36993704768,532,(DevTools) Discord Notify,pull_request_target,drakeo338,User,human,110795490756,check_access,2026-10-02T10:07:28Z,2026-10-02T10:07:32Z,1,actions_linux,0.006,0.006,ubuntu-latest
36993704768,532,(DevTools) Discord Notify,pull_request_target,drakeo338,User,human,110795539109,notify,2026-10-02T10:07:33Z,2026-10-02T10:07:32Z,1,actions_linux,0.006,0.006,ubuntu-latest
36993704768,532,(DevTools) Discord Notify,pull_request_target,drakeo338,User,human,110795539642,check_maintainer,2026-10-02T10:07:33Z,2026-10-02T10:07:32Z,1,actions_linux,0.006,0.006,
36993704764,5145,(Shared) Label Core Team PRs,pull_request_target,drakeo338,User,human,110795491796,check_access,2026-10-02T10:07:27Z,2026-10-02T10:07:30Z,1,actions_linux,0.006,0.006,ubuntu-latest
36993704764,5145,(Shared) Label Core Team PRs,pull_request_target,drakeo338,User,human,110795531676,check_maintainer,2026-10-02T10:07:31Z,2026-10-02T10:07:31Z,1,actions_linux,0.006,0.006,
36993704764,5145,(Shared) Label Core Team PRs,pull_request_target,drakeo338,User,human,110795532595,label,2026-10-02T10:07:31Z,2026-10-02T10:07:31Z,1,actions_linux,0.006,0.006,ubuntu-latest
36990390860,1265,(Runtime) Sizebot Comment,workflow_run,javache,User,human,110784976402,Comment with size changes,2026-10-02T09:32:50Z,2026-10-02T09:33:03Z,1,actions_linux,0.006,0.006,ubuntu-latest
36989931296,1264,(Runtime) Sizebot Comment,workflow_run,javache,User,human,110783514793,Comment with size changes,2026-10-02T09:28:07Z,2026-10-02T09:28:15Z,1,actions_linux,0.006,0.006,ubuntu-latest
36989928052,5144,(Shared) Label Core Team PRs,pull_request_target,javache,User,human,110783504878,check_access,2026-10-02T09:28:04Z,2026-10-02T09:28:06Z,1,actions_linux,0.006,0.006,ubuntu-latest
36989928052,5144,(Shared) Label Core Team PRs,pull_request_target,javache,User,human,110783544903,check_maintainer,2026-10-02T09:28:06Z,2026-10-02T09:28:06Z,1,actions_linux,0.006,0.006,
36989928052,5144,(Shared) Label Core Team PRs,pull_request_target,javache,User,human,110783545423,label,2026-10-02T09:28:06Z,2026-10-02T09:28:06Z,1,actions_linux,0.006,0.006,ubuntu-latest
36989927904,2931,(Runtime) Discord Notify,pull_request_target,javache,User,human,110783504055,check_access,2026-10-02T09:28:04Z,2026-10-02T09:28:07Z,1,actions_linux,0.006,0.006,ubuntu-latest
36989927904,2931,(Runtime) Discord Notify,pull_request_target,javache,User,human,110783551146,check_maintainer,2026-10-02T09:28:07Z,2026-10-02T09:28:07Z,1,actions_linux,0.006,0.006,
36989927904,2931,(Runtime) Discord Notify,pull_request_target,javache,User,human,110783551679,notify,2026-10-02T09:28:08Z,2026-10-02T09:28:07Z,1,actions_linux,0.006,0.006,ubuntu-latest
36989927837,13963,(Runtime) Build and Test,pull_request,javache,User,human,110783503393,"Cache Runtime, Compiler node_modules",2026-10-02T09:28:04Z,2026-10-02T09:28:33Z,1,actions_linux,0.006,0.006,ubuntu-latest
36989927837,13963,(Runtime) Build and Test,pull_request,javache,User,human,110783503654,Discover flow inline configs,2026-10-02T09:28:04Z,2026-10-02T09:28:11Z,1,actions_linux,0.006,0.006,ubuntu-latest
36989927837,13963,(Runtime) Build and Test,pull_request,javache,User,human,110783503742,Resolve build shard weights,2026-10-02T09:28:04Z,2026-10-02T09:28:10Z,1,actions_linux,0.006,0.006,ubuntu-latest
36989927837,13963,(Runtime) Build and Test,pull_request,javache,User,human,110783503810,Cache Runtime node_modules,2026-10-02T09:28:04Z,2026-10-02T09:28:18Z,1,actions_linux,0.006,0.006,ubuntu-latest
36989927837,13963,(Runtime) Build and Test,pull_request,javache,User,human,110783608077,Cache Runtime Playwright Chromium,2026-10-02T09:28:24Z,2026-10-02T09:28:50Z,1,actions_linux,0.006,0.006,ubuntu-latest
36989927837,13963,(Runtime) Build and Test,pull_request,javache,User,human,110783608217,Confirm generated inline Fizz runtime is up to date,2026-10-02T09:28:23Z,2026-10-02T09:29:16Z,1,actions_linux,0.006,0.006,ubuntu-latest
36989927837,13963,(Runtime) Build and Test,pull_request,javache,User,human,110783608341,Check flags,2026-10-02T09:28:23Z,2026-10-02T09:28:43Z,1,actions_linux,0.006,0.006,ubuntu-latest
36989927837,13963,(Runtime) Build and Test,pull_request,javache,User,human,110783608643,Flow check dom-browser,2026-10-02T09:28:23Z,2026-10-02T09:29:39Z,2,actions_linux,0.006,0.012,ubuntu-latest
36989927837,13963,(Runtime) Build and Test,pull_request,javache,User,human,110783608670,Flow check dom-browser-parcel,2026-10-02T09:28:24Z,2026-10-02T09:29:35Z,2,actions_linux,0.006,0.012,ubuntu-latest
36989927837,13963,(Runtime) Build and Test,pull_request,javache,User,human,110783608672,Flow check dom-node-esm,2026-10-02T09:28:23Z,2026-10-02T09:29:39Z,2,actions_linux,0.006,0.012,ubuntu-latest
36989927837,13963,(Runtime) Build and Test,pull_request,javache,User,human,110783608675,Flow check dom-node-parcel,2026-10-02T09:28:25Z,2026-10-02T09:30:09Z,2,actions_linux,0.006,0.012,ubuntu-latest
36989927837,13963,(Runtime) Build and Test,pull_request,javache,User,human,110783608688,Flow check dom-node-unbundled,2026-10-02T09:28:23Z,2026-10-02T09:29:41Z,2,actions_linux,0.006,0.012,ubuntu-latest
36989927837,13963,(Runtime) Build and Test,pull_request,javache,User,human,110783608691,Flow check dom-node,2026-10-02T09:28:24Z,2026-10-02T09:30:06Z,2,actions_linux,0.006,0.012,ubuntu-latest
36989927837,13963,(Runtime) Build and Test,pull_request,javache,User,human,110783608727,Flow check dom-node-fb,2026-10-02T09:28:23Z,2026-10-02T09:29:27Z,2,actions_linux,0.006,0.012,ubuntu-latest
36989927837,13963,(Runtime) Build and Test,pull_request,javache,User,human,110783608737,Flow check dom-node-turbopack,2026-10-02T09:28:23Z,2026-10-02T09:29:28Z,2,actions_linux,0.006,0.012,ubuntu-latest
36989927837,13963,(Runtime) Build and Test,pull_request,javache,User,human,110783608738,Flow check fabric,2026-10-02T09:28:24Z,2026-10-02T09:29:49Z,2,actions_linux,0.006,0.012,ubuntu-latest
36989927837,13963,(Runtime) Build and Test,pull_request,javache,User,human,110783608740,Flow check markup,2026-10-02T09:28:24Z,2026-10-02T09:30:18Z,2,actions_linux,0.006,0.012,ubuntu-latest
36989927837,13963,(Runtime) Build and Test,pull_request,javache,User,human,110783608749,Flow check art,2026-10-02T09:28:23Z,2026-10-02T09:28:40Z,1,actions_linux,0.006,0.006,ubuntu-latest
36989927837,13963,(Runtime) Build and Test,pull_request,javache,User,human,110783608770,Flow check dom-node-webpack,2026-10-02T09:28:23Z,2026-10-02T09:30:02Z,2,actions_linux,0.006,0.012,ubuntu-latest
36989927837,13963,(Runtime) Build and Test,pull_request,javache,User,human,110783608790,Flow check dom-legacy,2026-10-02T09:28:23Z,2026-10-02T09:30:12Z,2,actions_linux,0.006,0.012,ubuntu-latest
36989927837,13963,(Runtime) Build and Test,pull_request,javache,User,human,110783608801,Flow check dom-browser-esm,2026-10-02T09:28:24Z,2026-10-02T09:29:59Z,2,actions_linux,0.006,0.012,ubuntu-latest
36989927837,13963,(Runtime) Build and Test,pull_request,javache,User,human,110783608808,Flow check test,2026-10-02T09:28:23Z,2026-10-02T09:30:16Z,2,actions_linux,0.006,0.012,ubuntu-latest
36989927837,13963,(Runtime) Build and Test,pull_request,javache,User,human,110783608810,Flow check dom-edge-webpack,2026-10-02T09:28:24Z,2026-10-02T09:30:24Z,2,actions_linux,0.006,0.012,ubuntu-latest
36989927837,13963,(Runtime) Build and Test,pull_request,javache,User,human,110783608817,Flow check dom-browser-turbopack,2026-10-02T09:28:24Z,2026-10-02T09:30:12Z,2,actions_linux,0.006,0.012,ubuntu-latest
36989927837,13963,(Runtime) Build and Test,pull_request,javache,User,human,110783608820,Flow check dom-edge-parcel,2026-10-02T09:28:23Z,2026-10-02T09:30:02Z,2,actions_linux,0.006,0.012,ubuntu-latest
36989927837,13963,(Runtime) Build and Test,pull_request,javache,User,human,110783608828,Flow check dom-fb,2026-10-02T09:28:23Z,2026-10-02T09:30:11Z,2,actions_linux,0.006,0.012,ubuntu-latest
36989927837,13963,(Runtime) Build and Test,pull_request,javache,User,human,110783608839,Flow check dom-edge-turbopack,2026-10-02T09:28:23Z,2026-10-02T09:30:03Z,2,actions_linux,0.006,0.012,ubuntu-latest
36989927837,13963,(Runtime) Build and Test,pull_request,javache,User,human,110783608846,Flow check custom,2026-10-02T09:28:24Z,2026-10-02T09:30:04Z,2,actions_linux,0.006,0.012,ubuntu-latest
36989927837,13963,(Runtime) Build and Test,pull_request,javache,User,human,110783608854,Flow check dom-bun,2026-10-02T09:28:24Z,2026-10-02T09:29:45Z,2,actions_linux,0.006,0.012,ubuntu-latest
36989927837,13963,(Runtime) Build and Test,pull_request,javache,User,human,110783608856,Flow check noop,2026-10-02T09:28:23Z,2026-10-02T09:30:15Z,2,actions_linux,0.006,0.012,ubuntu-latest
36989927837,13963,(Runtime) Build and Test,pull_request,javache,User,human,110783608869,Flow check dom-browser-fb,2026-10-02T09:28:24Z,2026-10-02T09:30:04Z,2,actions_linux,0.006,0.012,ubuntu-latest
36989927837,13963,(Runtime) Build and Test,pull_request,javache,User,human,110783682910,Test eslint-plugin-react-hooks,2026-10-02T09:28:42Z,2026-10-02T09:29:48Z,2,actions_linux,0.006,0.012,ubuntu-latest
36989927837,13963,(Runtime) Build and Test,pull_request,javache,User,human,110783684410,"yarn build and lint (4, experimental)",2026-10-02T09:28:43Z,2026-10-02T09:30:00Z,2,actions_linux,0.006,0.012,ubuntu-latest
36989927837,13963,(Runtime) Build and Test,pull_request,javache,User,human,110783684415,"yarn build and lint (6, experimental)",2026-10-02T09:28:43Z,2026-10-02T09:30:13Z,2,actions_linux,0.006,0.012,ubuntu-latest
36989927837,13963,(Runtime) Build and Test,pull_request,javache,User,human,110783684424,"yarn build and lint (0, experimental)",2026-10-02T09:28:43Z,2026-10-02T09:29:56Z,2,actions_linux,0.006,0.012,ubuntu-latest
36989927837,13963,(Runtime) Build and Test,pull_request,javache,User,human,110783684426,"yarn build and lint (1, experimental)",2026-10-02T09:28:43Z,2026-10-02T09:29:52Z,2,actions_linux,0.006,0.012,ubuntu-latest
36989927837,13963,(Runtime) Build and Test,pull_request,javache,User,human,110783684427,"yarn build and lint (5, stable)",2026-10-02T09:28:43Z,2026-10-02T09:29:54Z,2,actions_linux,0.006,0.012,ubuntu-latest
36989927837,13963,(Runtime) Build and Test,pull_request,javache,User,human,110783684436,"yarn build and lint (6, stable)",2026-10-02T09:28:43Z,2026-10-02T09:29:48Z,2,actions_linux,0.006,0.012,ubuntu-latest
36989927837,13963,(Runtime) Build and Test,pull_request,javache,User,human,110783684442,"yarn build and lint (5, experimental)",2026-10-02T09:28:43Z,2026-10-02T09:30:00Z,2,actions_linux,0.006,0.012,ubuntu-latest
36989927837,13963,(Runtime) Build and Test,pull_request,javache,User,human,110783684463,"yarn build and lint (9, stable)",2026-10-02T09:28:41Z,2026-10-02T09:29:42Z,2,actions_linux,0.006,0.012,ubuntu-latest
36989927837,13963,(Runtime) Build and Test,pull_request,javache,User,human,110783684477,"yarn build and lint (10, stable)",2026-10-02T09:28:43Z,2026-10-02T09:30:00Z,2,actions_linux,0.006,0.012,ubuntu-latest
36989927837,13963,(Runtime) Build and Test,pull_request,javache,User,human,110783684480,"yarn build and lint (8, stable)",2026-10-02T09:28:42Z,2026-10-02T09:29:59Z,2,actions_linux,0.006,0.012,ubuntu-latest
36989927837,13963,(Runtime) Build and Test,pull_request,javache,User,human,110783684481,"yarn build and lint (2, stable)",2026-10-02T09:28:47Z,2026-10-02T09:29:58Z,2,actions_linux,0.006,0.012,ubuntu-latest
36989927837,13963,(Runtime) Build and Test,pull_request,javache,User,human,110783684484,"yarn build and lint (3, stable)",2026-10-02T09:28:47Z,2026-10-02T09:30:02Z,2,actions_linux,0.006,0.012,ubuntu-latest
36989927837,13963,(Runtime) Build and Test,pull_request,javache,User,human,110783684486,"yarn build and lint (0, stable)",2026-10-02T09:28:48Z,2026-10-02T09:30:01Z,2,actions_linux,0.006,0.012,ubuntu-latest
36989927837,13963,(Runtime) Build and Test,pull_request,javache,User,human,110783684493,"yarn build and lint (1, stable)",2026-10-02T09:28:47Z,2026-10-02T09:30:01Z,2,actions_linux,0.006,0.012,ubuntu-latest
36989927837,13963,(Runtime) Build and Test,pull_request,javache,User,human,110783684499,"yarn build and lint (12, experimental)",2026-10-02T09:28:44Z,2026-10-02T09:30:14Z,2,actions_linux,0.006,0.012,ubuntu-latest
36989927837,13963,(Runtime) Build and Test,pull_request,javache,User,human,110783684502,"yarn build and lint (11, stable)",2026-10-02T09:28:44Z,2026-10-02T09:30:01Z,2,actions_linux,0.006,0.012,ubuntu-latest
36989927837,13963,(Runtime) Build and Test,pull_request,javache,User,human,110783684503,"yarn build and lint (2, experimental)",2026-10-02T09:28:48Z,2026-10-02T09:30:02Z,2,actions_linux,0.006,0.012,ubuntu-latest
36989927837,13963,(Runtime) Build and Test,pull_request,javache,User,human,110783684506,"yarn build and lint (3, experimental)",2026-10-02T09:28:44Z,2026-10-02T09:30:06Z,2,actions_linux,0.006,0.012,ubuntu-latest
36989927837,13963,(Runtime) Build and Test,pull_request,javache,User,human,110783684522,"yarn build and lint (7, stable)",2026-10-02T09:28:48Z,2026-10-02T09:30:11Z,2,actions_linux,0.006,0.012,ubuntu-latest
36989927837,13963,(Runtime) Build and Test,pull_request,javache,User,human,110783684528,"yarn build and lint (10, experimental)",2026-10-02T09:28:48Z,2026-10-02T09:30:06Z,2,actions_linux,0.006,0.012,ubuntu-latest
36989927837,13963,(Runtime) Build and Test,pull_request,javache,User,human,110783684538,"yarn build and lint (11, experimental)",2026-10-02T09:28:43Z,2026-10-02T09:30:07Z,2,actions_linux,0.006,0.012,ubuntu-latest
36989927837,13963,(Runtime) Build and Test,pull_request,javache,User,human,110783684548,"yarn build and lint (7, experimental)",2026-10-02T09:28:48Z,2026-10-02T09:30:06Z,2,actions_linux,0.006,0.012,ubuntu-latest
36989927837,13963,(Runtime) Build and Test,pull_request,javache,User,human,110783684571,"yarn build and lint (8, experimental)",2026-10-02T09:28:48Z,2026-10-02T09:30:12Z,2,actions_linux,0.006,0.012,ubuntu-latest
36989927837,13963,(Runtime) Build and Test,pull_request,javache,User,human,110783684574,"yarn build and lint (9, experimental)",2026-10-02T09:28:49Z,2026-10-02T09:30:19Z,2,actions_linux,0.006,0.012,ubuntu-latest
36989927837,13963,(Runtime) Build and Test,pull_request,javache,User,human,110783684598,"yarn build and lint (14, experimental)",2026-10-02T09:28:43Z,2026-10-02T09:29:59Z,2,actions_linux,0.006,0.012,ubuntu-latest
36989927837,13963,(Runtime) Build and Test,pull_request,javache,User,human,110783684620,"yarn build and lint (4, stable)",2026-10-02T09:28:48Z,2026-10-02T09:30:04Z,2,actions_linux,0.006,0.012,ubuntu-latest
36989927837,13963,(Runtime) Build and Test,pull_request,javache,User,human,110783684624,"yarn build and lint (16, experimental)",2026-10-02T09:28:47Z,2026-10-02T09:29:58Z,2,actions_linux,0.006,0.012,ubuntu-latest
36989927837,13963,(Runtime) Build and Test,pull_request,javache,User,human,110783684657,"yarn build and lint (13, stable)",2026-10-02T09:28:47Z,2026-10-02T09:29:40Z,1,actions_linux,0.006,0.006,ubuntu-latest
36989927837,13963,(Runtime) Build and Test,pull_request,javache,User,human,110783684659,"yarn build and lint (18, experimental)",2026-10-02T09:28:48Z,2026-10-02T09:29:56Z,2,actions_linux,0.006,0.012,ubuntu-latest
36989927837,13963,(Runtime) Build and Test,pull_request,javache,User,human,110783684675,"yarn build and lint (16, stable)",2026-10-02T09:28:48Z,2026-10-02T09:30:06Z,2,actions_linux,0.006,0.012,ubuntu-latest
36989927837,13963,(Runtime) Build and Test,pull_request,javache,User,human,110783684678,"yarn build and lint (14, stable)",2026-10-02T09:28:47Z,2026-10-02T09:30:03Z,2,actions_linux,0.006,0.012,ubuntu-latest
36989927837,13963,(Runtime) Build and Test,pull_request,javache,User,human,110783684683,"yarn build and lint (15, experimental)",2026-10-02T09:28:48Z,2026-10-02T09:30:04Z,2,actions_linux,0.006,0.012,ubuntu-latest
36989927837,13963,(Runtime) Build and Test,pull_request,javache,User,human,110783684693,"yarn build and lint (15, stable)",2026-10-02T09:28:48Z,2026-10-02T09:30:13Z,2,actions_linux,0.006,0.012,ubuntu-latest
36989927837,13963,(Runtime) Build and Test,pull_request,javache,User,human,110783684703,"yarn build and lint (18, stable)",2026-10-02T09:28:47Z,2026-10-02T09:30:02Z,2,actions_linux,0.006,0.012,ubuntu-latest
36989927837,13963,(Runtime) Build and Test,pull_request,javache,User,human,110783684706,"yarn build and lint (17, stable)",2026-10-02T09:28:47Z,2026-10-02T09:30:01Z,2,actions_linux,0.006,0.012,ubuntu-latest
36989927837,13963,(Runtime) Build and Test,pull_request,javache,User,human,110783684714,"yarn build and lint (12, stable)",2026-10-02T09:28:47Z,2026-10-02T09:30:04Z,2,actions_linux,0.006,0.012,ubuntu-latest
36989927837,13963,(Runtime) Build and Test,pull_request,javache,User,human,110783684716,"yarn build and lint (19, experimental)",2026-10-02T09:28:48Z,2026-10-02T09:30:10Z,2,actions_linux,0.006,0.012,ubuntu-latest
36989927837,13963,(Runtime) Build and Test,pull_request,javache,User,human,110783684720,"yarn build and lint (20, stable)",2026-10-02T09:28:47Z,2026-10-02T09:29:52Z,2,actions_linux,0.006,0.012,ubuntu-latest
36989927837,13963,(Runtime) Build and Test,pull_request,javache,User,human,110783684726,"yarn build and lint (13, experimental)",2026-10-02T09:28:47Z,2026-10-02T09:29:54Z,2,actions_linux,0.006,0.012,ubuntu-latest
36989927837,13963,(Runtime) Build and Test,pull_request,javache,User,human,110783684748,"yarn build and lint (23, stable)",2026-10-02T09:28:48Z,2026-10-02T09:29:56Z,2,actions_linux,0.006,0.012,ubuntu-latest
36989927837,13963,(Runtime) Build and Test,pull_request,javache,User,human,110783684772,"yarn build and lint (22, experimental)",2026-10-02T09:28:47Z,2026-10-02T09:30:01Z,2,actions_linux,0.006,0.012,ubuntu-latest
36989927837,13963,(Runtime) Build and Test,pull_request,javache,User,human,110783684774,"yarn build and lint (17, experimental)",2026-10-02T09:28:48Z,2026-10-02T09:30:08Z,2,actions_linux,0.006,0.012,ubuntu-latest
36989927837,13963,(Runtime) Build and Test,pull_request,javache,User,human,110783684783,"yarn build and lint (24, stable)",2026-10-02T09:28:47Z,2026-10-02T09:30:04Z,2,actions_linux,0.006,0.012,ubuntu-latest
36989927837,13963,(Runtime) Build and Test,pull_request,javache,User,human,110783684796,"yarn build and lint (24, experimental)",2026-10-02T09:28:48Z,2026-10-02T09:30:13Z,2,actions_linux,0.006,0.012,ubuntu-latest
36989927837,13963,(Runtime) Build and Test,pull_request,javache,User,human,110783684813,"yarn build and lint (21, stable)",2026-10-02T09:28:48Z,2026-10-02T09:30:09Z,2,actions_linux,0.006,0.012,ubuntu-latest
36989927837,13963,(Runtime) Build and Test,pull_request,javache,User,human,110783684841,"yarn build and lint (19, stable)",2026-10-02T09:28:47Z,2026-10-02T09:29:53Z,2,actions_linux,0.006,0.012,ubuntu-latest
36989927837,13963,(Runtime) Build and Test,pull_request,javache,User,human,110783684848,"yarn build and lint (20, experimental)",2026-10-02T09:28:48Z,2026-10-02T09:30:05Z,2,actions_linux,0.006,0.012,ubuntu-latest
36989927837,13963,(Runtime) Build and Test,pull_request,javache,User,human,110783684911,"yarn build and lint (22, stable)",2026-10-02T09:28:47Z,2026-10-02T09:30:07Z,2,actions_linux,0.006,0.012,ubuntu-latest
36989927837,13963,(Runtime) Build and Test,pull_request,javache,User,human,110783684932,"yarn build and lint (23, experimental)",2026-10-02T09:28:48Z,2026-10-02T09:30:10Z,2,actions_linux,0.006,0.012,ubuntu-latest
36989927837,13963,(Runtime) Build and Test,pull_request,javache,User,human,110783684988,"yarn build and lint (21, experimental)",2026-10-02T09:28:50Z,2026-10-02T09:30:08Z,2,actions_linux,0.006,0.012,ubuntu-latest
36989927837,13963,(Runtime) Build and Test,pull_request,javache,User,human,110783685697,yarn test -r=stable --env=development (Shard 1/5),2026-10-02T09:28:50Z,2026-10-02T09:30:56Z,3,actions_linux,0.006,0.018000000000000002,ubuntu-latest
36989927837,13963,(Runtime) Build and Test,pull_request,javache,User,human,110783685732,yarn test -r=stable --env=development (Shard 4/5),2026-10-02T09:28:49Z,2026-10-02T09:30:45Z,2,actions_linux,0.006,0.012,ubuntu-latest
36989927837,13963,(Runtime) Build and Test,pull_request,javache,User,human,110783685735,yarn test -r=stable --env=development (Shard 5/5),2026-10-02T09:28:48Z,2026-10-02T09:30:55Z,3,actions_linux,0.006,0.018000000000000002,ubuntu-latest
36989927837,13963,(Runtime) Build and Test,pull_request,javache,User,human,110783685777,yarn test -r=stable --env=development (Shard 2/5),2026-10-02T09:28:49Z,2026-10-02T09:31:10Z,3,actions_linux,0.006,0.018000000000000002,ubuntu-latest
36989927837,13963,(Runtime) Build and Test,pull_request,javache,User,human,110783685778,yarn test -r=experimental --env=development (Shard 2/5),2026-10-02T09:28:49Z,2026-10-02T09:31:07Z,3,actions_linux,0.006,0.018000000000000002,ubuntu-latest
36989927837,13963,(Runtime) Build and Test,pull_request,javache,User,human,110783685784,yarn test -r=experimental --env=development (Shard 1/5),2026-10-02T09:28:49Z,2026-10-02T09:30:44Z,2,actions_linux,0.006,0.012,ubuntu-latest
36989927837,13963,(Runtime) Build and Test,pull_request,javache,User,human,110783685793,yarn test -r=stable --env=development (Shard 3/5),2026-10-02T09:28:49Z,2026-10-02T09:30:37Z,2,actions_linux,0.006,0.012,ubuntu-latest
36989927837,13963,(Runtime) Build and Test,pull_request,javache,User,human,110783685804,yarn test -r=stable --env=production (Shard 4/5),2026-10-02T09:28:49Z,2026-10-02T09:30:28Z,2,actions_linux,0.006,0.012,ubuntu-latest
36989927837,13963,(Runtime) Build and Test,pull_request,javache,User,human,110783685829,yarn test -r=experimental --env=development (Shard 3/5),2026-10-02T09:28:48Z,2026-10-02T09:31:34Z,3,actions_linux,0.006,0.018000000000000002,ubuntu-latest
36989927837,13963,(Runtime) Build and Test,pull_request,javache,User,human,110783685831,yarn test -r=stable --env=production (Shard 2/5),2026-10-02T09:28:49Z,2026-10-02T09:31:10Z,3,actions_linux,0.006,0.018000000000000002,ubuntu-latest
36989927837,13963,(Runtime) Build and Test,pull_request,javache,User,human,110783685850,yarn test -r=experimental --env=development (Shard 4/5),2026-10-02T09:28:49Z,2026-10-02T09:30:39Z,2,actions_linux,0.006,0.012,ubuntu-latest
36989927837,13963,(Runtime) Build and Test,pull_request,javache,User,human,110783685851,yarn test -r=experimental --env=development (Shard 5/5),2026-10-02T09:28:49Z,2026-10-02T09:31:04Z,3,actions_linux,0.006,0.018000000000000002,ubuntu-latest
36989927837,13963,(Runtime) Build and Test,pull_request,javache,User,human,110783685862,yarn test -r=stable --env=production (Shard 1/5),2026-10-02T09:28:49Z,2026-10-02T09:30:40Z,2,actions_linux,0.006,0.012,ubuntu-latest
36989927837,13963,(Runtime) Build and Test,pull_request,javache,User,human,110783685879,yarn test -r=stable --env=production (Shard 3/5),2026-10-02T09:28:49Z,2026-10-02T09:31:06Z,3,actions_linux,0.006,0.018000000000000002,ubuntu-latest
36989927837,13963,(Runtime) Build and Test,pull_request,javache,User,human,110783685892,yarn test -r=experimental --env=production (Shard 1/5),2026-10-02T09:28:49Z,2026-10-02T09:30:41Z,2,actions_linux,0.006,0.012,ubuntu-latest
36989927837,13963,(Runtime) Build and Test,pull_request,javache,User,human,110783685896,yarn test -r=www-classic --env=development --variant=false (Shard 1/5),2026-10-02T09:28:49Z,2026-10-02T09:31:03Z,3,actions_linux,0.006,0.018000000000000002,ubuntu-latest
36989927837,13963,(Runtime) Build and Test,pull_request,javache,User,human,110783685900,yarn test -r=experimental --env=production (Shard 4/5),2026-10-02T09:28:49Z,2026-10-02T09:30:16Z,2,actions_linux,0.006,0.012,ubuntu-latest
36989927837,13963,(Runtime) Build and Test,pull_request,javache,User,human,110783685921,yarn test -r=www-classic --env=development --variant=false (Shard 5/5),2026-10-02T09:28:49Z,2026-10-02T09:31:00Z,3,actions_linux,0.006,0.018000000000000002,ubuntu-latest
36989927837,13963,(Runtime) Build and Test,pull_request,javache,User,human,110783685922,yarn test -r=www-classic --env=development --variant=false (Shard 3/5),2026-10-02T09:28:49Z,2026-10-02T09:31:32Z,3,actions_linux,0.006,0.018000000000000002,ubuntu-latest
36989927837,13963,(Runtime) Build and Test,pull_request,javache,User,human,110783685926,yarn test -r=experimental --env=production (Shard 3/5),2026-10-02T09:28:48Z,2026-10-02T09:31:32Z,3,actions_linux,0.006,0.018000000000000002,ubuntu-latest
36989927837,13963,(Runtime) Build and Test,pull_request,javache,User,human,110783685928,yarn test -r=stable --env=production (Shard 5/5),2026-10-02T09:28:48Z,2026-10-02T09:30:39Z,2,actions_linux,0.006,0.012,ubuntu-latest
36989927837,13963,(Runtime) Build and Test,pull_request,javache,User,human,110783685931,yarn test -r=www-classic --env=production --variant=false (Shard 4/5),2026-10-02T09:28:49Z,2026-10-02T09:29:54Z,2,actions_linux,0.006,0.012,ubuntu-latest
36989927837,13963,(Runtime) Build and Test,pull_request,javache,User,human,110783685933,yarn test -r=www-classic --env=development --variant=false (Shard 2/5),2026-10-02T09:28:49Z,2026-10-02T09:31:11Z,3,actions_linux,0.006,0.018000000000000002,ubuntu-latest
36989927837,13963,(Runtime) Build and Test,pull_request,javache,User,human,110783685942,yarn test -r=www-classic --env=development --variant=true (Shard 3/5),2026-10-02T09:28:49Z,2026-10-02T09:31:40Z,3,actions_linux,0.006,0.018000000000000002,ubuntu-latest
36989927837,13963,(Runtime) Build and Test,pull_request,javache,User,human,110783685949,yarn test -r=experimental --env=production (Shard 2/5),2026-10-02T09:28:48Z,2026-10-02T09:31:04Z,3,actions_linux,0.006,0.018000000000000002,ubuntu-latest
36989927837,13963,(Runtime) Build and Test,pull_request,javache,User,human,110783685953,yarn test -r=www-classic --env=development --variant=false (Shard 4/5),2026-10-02T09:28:49Z,2026-10-02T09:30:38Z,2,actions_linux,0.006,0.012,ubuntu-latest
36989927837,13963,(Runtime) Build and Test,pull_request,javache,User,human,110783685980,yarn test -r=www-classic --env=production --variant=true (Shard 1/5),2026-10-02T09:28:49Z,2026-10-02T09:30:51Z,3,actions_linux,0.006,0.018000000000000002,ubuntu-latest
36989927837,13963,(Runtime) Build and Test,pull_request,javache,User,human,110783685984,yarn test -r=www-classic --env=production --variant=false (Shard 3/5),2026-10-02T09:28:48Z,2026-10-02T09:31:32Z,3,actions_linux,0.006,0.018000000000000002,ubuntu-latest
36989927837,13963,(Runtime) Build and Test,pull_request,javache,User,human,110783685996,yarn test -r=experimental --env=production (Shard 5/5),2026-10-02T09:28:49Z,2026-10-02T09:30:43Z,2,actions_linux,0.006,0.012,ubuntu-latest
36989927837,13963,(Runtime) Build and Test,pull_request,javache,User,human,110783686006,yarn test -r=www-classic --env=production --variant=true (Shard 2/5),2026-10-02T09:28:48Z,2026-10-02T09:31:01Z,3,actions_linux,0.006,0.018000000000000002,ubuntu-latest
36989927837,13963,(Runtime) Build and Test,pull_request,javache,User,human,110783686019,yarn test -r=www-classic --env=production --variant=false (Shard 2/5),2026-10-02T09:28:50Z,2026-10-02T09:31:04Z,3,actions_linux,0.006,0.018000000000000002,ubuntu-latest
36989927837,13963,(Runtime) Build and Test,pull_request,javache,User,human,110783686022,yarn test -r=www-classic --env=production --variant=false (Shard 1/5),2026-10-02T09:28:49Z,2026-10-02T09:30:46Z,2,actions_linux,0.006,0.012,ubuntu-latest
36989927837,13963,(Runtime) Build and Test,pull_request,javache,User,human,110783686023,yarn test -r=www-modern --env=production --variant=false (Shard 2/5),2026-10-02T09:28:49Z,2026-10-02T09:30:47Z,2,actions_linux,0.006,0.012,ubuntu-latest
36989927837,13963,(Runtime) Build and Test,pull_request,javache,User,human,110783686037,yarn test -r=www-modern --env=development --variant=false (Shard 5/5),2026-10-02T09:28:49Z,2026-10-02T09:31:04Z,3,actions_linux,0.006,0.018000000000000002,ubuntu-latest
36989927837,13963,(Runtime) Build and Test,pull_request,javache,User,human,110783686038,yarn test -r=www-modern --env=development --variant=false (Shard 3/5),2026-10-02T09:28:49Z,2026-10-02T09:31:32Z,3,actions_linux,0.006,0.018000000000000002,ubuntu-latest
36989927837,13963,(Runtime) Build and Test,pull_request,javache,User,human,110783686047,yarn test -r=www-modern --env=production --variant=false (Shard 1/5),2026-10-02T09:28:50Z,2026-10-02T09:30:58Z,3,actions_linux,0.006,0.018000000000000002,ubuntu-latest
36989927837,13963,(Runtime) Build and Test,pull_request,javache,User,human,110783686049,yarn test -r=www-classic --env=production --variant=true (Shard 4/5),2026-10-02T09:28:49Z,2026-10-02T09:30:03Z,2,actions_linux,0.006,0.012,ubuntu-latest
36989927837,13963,(Runtime) Build and Test,pull_request,javache,User,human,110783686054,yarn test -r=www-classic --env=production --variant=true (Shard 5/5),2026-10-02T09:28:49Z,2026-10-02T09:30:28Z,2,actions_linux,0.006,0.012,ubuntu-latest
36989927837,13963,(Runtime) Build and Test,pull_request,javache,User,human,110783686082,yarn test -r=www-classic --env=development --variant=true (Shard 2/5),2026-10-02T09:28:50Z,2026-10-02T09:31:00Z,3,actions_linux,0.006,0.018000000000000002,ubuntu-latest
36989927837,13963,(Runtime) Build and Test,pull_request,javache,User,human,110783686098,yarn test -r=www-classic --env=development --variant=true (Shard 4/5),2026-10-02T09:28:50Z,2026-10-02T09:30:52Z,3,actions_linux,0.006,0.018000000000000002,ubuntu-latest
36989927837,13963,(Runtime) Build and Test,pull_request,javache,User,human,110783686110,yarn test -r=www-modern --env=production --variant=false (Shard 5/5),2026-10-02T09:28:49Z,2026-10-02T09:30:40Z,2,actions_linux,0.006,0.012,ubuntu-latest
36989927837,13963,(Runtime) Build and Test,pull_request,javache,User,human,110783686113,yarn test -r=www-modern --env=development --variant=false (Shard 1/5),2026-10-02T09:28:49Z,2026-10-02T09:31:00Z,3,actions_linux,0.006,0.018000000000000002,ubuntu-latest
36989927837,13963,(Runtime) Build and Test,pull_request,javache,User,human,110783686146,yarn test -r=www-modern --env=development --variant=false (Shard 4/5),2026-10-02T09:28:49Z,2026-10-02T09:30:38Z,2,actions_linux,0.006,0.012,ubuntu-latest
36989927837,13963,(Runtime) Build and Test,pull_request,javache,User,human,110783686148,yarn test -r=www-classic --env=development --variant=true (Shard 5/5),2026-10-02T09:28:49Z,2026-10-02T09:30:18Z,2,actions_linux,0.006,0.012,ubuntu-latest
36989927837,13963,(Runtime) Build and Test,pull_request,javache,User,human,110783686163,yarn test -r=www-modern --env=development --variant=true (Shard 1/5),2026-10-02T09:28:50Z,2026-10-02T09:30:55Z,3,actions_linux,0.006,0.018000000000000002,ubuntu-latest
36989927837,13963,(Runtime) Build and Test,pull_request,javache,User,human,110783686164,yarn test -r=www-modern --env=development --variant=true (Shard 2/5),2026-10-02T09:28:49Z,2026-10-02T09:31:15Z,3,actions_linux,0.006,0.018000000000000002,ubuntu-latest
36989927837,13963,(Runtime) Build and Test,pull_request,javache,User,human,110783686189,yarn test -r=www-modern --env=production --variant=false (Shard 3/5),2026-10-02T09:28:48Z,2026-10-02T09:31:33Z,3,actions_linux,0.006,0.018000000000000002,ubuntu-latest
36989927837,13963,(Runtime) Build and Test,pull_request,javache,User,human,110783686198,yarn test -r=www-modern --env=production --variant=true (Shard 1/5),2026-10-02T09:28:49Z,2026-10-02T09:30:24Z,2,actions_linux,0.006,0.012,ubuntu-latest
36989927837,13963,(Runtime) Build and Test,pull_request,javache,User,human,110783686233,yarn test -r=www-modern --env=development --variant=true (Shard 4/5),2026-10-02T09:28:49Z,2026-10-02T09:30:26Z,2,actions_linux,0.006,0.012,ubuntu-latest
36989927837,13963,(Runtime) Build and Test,pull_request,javache,User,human,110783686236,yarn test -r=www-modern --env=production --variant=false (Shard 4/5),2026-10-02T09:28:49Z,2026-10-02T09:29:58Z,2,actions_linux,0.006,0.012,ubuntu-latest
36989927837,13963,(Runtime) Build and Test,pull_request,javache,User,human,110783686237,yarn test -r=www-modern --env=development --variant=true (Shard 3/5),2026-10-02T09:28:48Z,2026-10-02T09:31:39Z,3,actions_linux,0.006,0.018000000000000002,ubuntu-latest
36989927837,13963,(Runtime) Build and Test,pull_request,javache,User,human,110783686249,yarn test -r=www-modern --env=production --variant=true (Shard 3/5),2026-10-02T09:28:48Z,2026-10-02T09:30:36Z,2,actions_linux,0.006,0.012,ubuntu-latest
36989927837,13963,(Runtime) Build and Test,pull_request,javache,User,human,110783686252,yarn test -r=www-modern --env=production --variant=true (Shard 4/5),2026-10-02T09:28:49Z,2026-10-02T09:30:35Z,2,actions_linux,0.006,0.012,ubuntu-latest
36989927837,13963,(Runtime) Build and Test,pull_request,javache,User,human,110783686264,yarn test -r=xplat --env=development --variant=false (Shard 4/5),2026-10-02T09:28:49Z,2026-10-02T09:29:45Z,1,actions_linux,0.006,0.006,ubuntu-latest
36989927837,13963,(Runtime) Build and Test,pull_request,javache,User,human,110783686267,yarn test -r=www-classic --env=development --variant=true (Shard 1/5),2026-10-02T09:28:49Z,2026-10-02T09:30:48Z,2,actions_linux,0.006,0.012,ubuntu-latest
36989927837,13963,(Runtime) Build and Test,pull_request,javache,User,human,110783686273,yarn test -r=www-modern --env=development --variant=true (Shard 5/5),2026-10-02T09:28:49Z,2026-10-02T09:30:57Z,3,actions_linux,0.006,0.018000000000000002,ubuntu-latest
36989927837,13963,(Runtime) Build and Test,pull_request,javache,User,human,110783686279,yarn test -r=www-modern --env=development --variant=false (Shard 2/5),2026-10-02T09:28:49Z,2026-10-02T09:31:09Z,3,actions_linux,0.006,0.018000000000000002,ubuntu-latest
36989927837,13963,(Runtime) Build and Test,pull_request,javache,User,human,110783686303,yarn test -r=www-modern --env=production --variant=true (Shard 2/5),2026-10-02T09:28:49Z,2026-10-02T09:31:01Z,3,actions_linux,0.006,0.018000000000000002,ubuntu-latest
36989927837,13963,(Runtime) Build and Test,pull_request,javache,User,human,110783686312,yarn test -r=xplat --env=development --variant=false (Shard 1/5),2026-10-02T09:28:49Z,2026-10-02T09:29:46Z,1,actions_linux,0.006,0.006,ubuntu-latest
36989927837,13963,(Runtime) Build and Test,pull_request,javache,User,human,110783686323,yarn test -r=xplat --env=development --variant=false (Shard 2/5),2026-10-02T09:28:50Z,2026-10-02T09:29:56Z,2,actions_linux,0.006,0.012,ubuntu-latest
36989927837,13963,(Runtime) Build and Test,pull_request,javache,User,human,110783686344,yarn test -r=www-classic --env=production --variant=false (Shard 5/5),2026-10-02T09:28:49Z,2026-10-02T09:30:46Z,2,actions_linux,0.006,0.012,ubuntu-latest
36989927837,13963,(Runtime) Build and Test,pull_request,javache,User,human,110783686350,yarn test -r=www-classic --env=production --variant=true (Shard 3/5),2026-10-02T09:28:49Z,2026-10-02T09:31:31Z,3,actions_linux,0.006,0.018000000000000002,ubuntu-latest
36989927837,13963,(Runtime) Build and Test,pull_request,javache,User,human,110783686387,yarn test -r=xplat --env=development --variant=false (Shard 3/5),2026-10-02T09:28:49Z,2026-10-02T09:29:42Z,1,actions_linux,0.006,0.006,ubuntu-latest
36989927837,13963,(Runtime) Build and Test,pull_request,javache,User,human,110783686416,yarn test -r=www-modern --env=production --variant=true (Shard 5/5),2026-10-02T09:28:50Z,2026-10-02T09:30:54Z,3,actions_linux,0.006,0.018000000000000002,ubuntu-latest
36989927837,13963,(Runtime) Build and Test,pull_request,javache,User,human,110783691386,yarn test -r=xplat --env=production --variant=false (Shard 4/5),2026-10-02T09:28:51Z,2026-10-02T09:29:45Z,1,actions_linux,0.006,0.006,ubuntu-latest
36989927837,13963,(Runtime) Build and Test,pull_request,javache,User,human,110783691403,yarn test -r=xplat --env=production --variant=true (Shard 3/5),2026-10-02T09:28:50Z,2026-10-02T09:30:03Z,2,actions_linux,0.006,0.012,ubuntu-latest
36989927837,13963,(Runtime) Build and Test,pull_request,javache,User,human,110783691405,yarn test -r=xplat --env=production --variant=true (Shard 1/5),2026-10-02T09:28:50Z,2026-10-02T09:29:36Z,1,actions_linux,0.006,0.006,ubuntu-latest
36989927837,13963,(Runtime) Build and Test,pull_request,javache,User,human,110783691408,yarn test -r=xplat --env=development --variant=true (Shard 4/5),2026-10-02T09:28:52Z,2026-10-02T09:29:54Z,2,actions_linux,0.006,0.012,ubuntu-latest
36989927837,13963,(Runtime) Build and Test,pull_request,javache,User,human,110783691411,yarn test -r=xplat --env=development --variant=false (Shard 5/5),2026-10-02T09:28:50Z,2026-10-02T09:29:41Z,1,actions_linux,0.006,0.006,ubuntu-latest
36989927837,13963,(Runtime) Build and Test,pull_request,javache,User,human,110783691416,yarn test -r=xplat --env=development --variant=true (Shard 3/5),2026-10-02T09:28:50Z,2026-10-02T09:30:02Z,2,actions_linux,0.006,0.012,ubuntu-latest
36989927837,13963,(Runtime) Build and Test,pull_request,javache,User,human,110783691426,yarn test -r=xplat --env=production --variant=false (Shard 3/5),2026-10-02T09:28:51Z,2026-10-02T09:30:02Z,2,actions_linux,0.006,0.012,ubuntu-latest
36989927837,13963,(Runtime) Build and Test,pull_request,javache,User,human,110783691431,yarn test -r=xplat --env=development --variant=true (Shard 1/5),2026-10-02T09:28:50Z,2026-10-02T09:29:59Z,2,actions_linux,0.006,0.012,ubuntu-latest
36989927837,13963,(Runtime) Build and Test,pull_request,javache,User,human,110783691437,yarn test -r=xplat --env=production --variant=false (Shard 2/5),2026-10-02T09:28:50Z,2026-10-02T09:29:45Z,1,actions_linux,0.006,0.006,ubuntu-latest
36989927837,13963,(Runtime) Build and Test,pull_request,javache,User,human,110783691464,yarn test -r=stable --env=development --persistent (Shard 1/5),2026-10-02T09:28:50Z,2026-10-02T09:31:01Z,3,actions_linux,0.006,0.018000000000000002,ubuntu-latest
36989927837,13963,(Runtime) Build and Test,pull_request,javache,User,human,110783691467,yarn test -r=xplat --env=production --variant=true (Shard 2/5),2026-10-02T09:28:50Z,2026-10-02T09:29:42Z,1,actions_linux,0.006,0.006,ubuntu-latest
36989927837,13963,(Runtime) Build and Test,pull_request,javache,User,human,110783691473,yarn test -r=experimental --env=development --persistent (Shard 2/5),2026-10-02T09:28:51Z,2026-10-02T09:31:07Z,3,actions_linux,0.006,0.018000000000000002,ubuntu-latest
36989927837,13963,(Runtime) Build and Test,pull_request,javache,User,human,110783691474,yarn test -r=stable --env=development --persistent (Shard 3/5),2026-10-02T09:28:50Z,2026-10-02T09:31:17Z,3,actions_linux,0.006,0.018000000000000002,ubuntu-latest
36989927837,13963,(Runtime) Build and Test,pull_request,javache,User,human,110783691482,yarn test -r=xplat --env=production --variant=false (Shard 5/5),2026-10-02T09:28:50Z,2026-10-02T09:29:43Z,1,actions_linux,0.006,0.006,ubuntu-latest
36989927837,13963,(Runtime) Build and Test,pull_request,javache,User,human,110783691484,yarn test -r=stable --env=development --persistent (Shard 4/5),2026-10-02T09:28:50Z,2026-10-02T09:30:34Z,2,actions_linux,0.006,0.012,ubuntu-latest
36989927837,13963,(Runtime) Build and Test,pull_request,javache,User,human,110783691493,yarn test -r=xplat --env=development --variant=true (Shard 5/5),2026-10-02T09:28:51Z,2026-10-02T09:29:50Z,1,actions_linux,0.006,0.006,ubuntu-latest
36989927837,13963,(Runtime) Build and Test,pull_request,javache,User,human,110783691497,yarn test -r=experimental --env=development --persistent (Shard 1/5),2026-10-02T09:28:50Z,2026-10-02T09:30:37Z,2,actions_linux,0.006,0.012,ubuntu-latest
36989927837,13963,(Runtime) Build and Test,pull_request,javache,User,human,110783691507,yarn test -r=xplat --env=development --variant=true (Shard 2/5),2026-10-02T09:28:51Z,2026-10-02T09:30:10Z,2,actions_linux,0.006,0.012,ubuntu-latest
36989927837,13963,(Runtime) Build and Test,pull_request,javache,User,human,110783691513,yarn test -r=experimental --env=development --persistent (Shard 5/5),2026-10-02T09:28:51Z,2026-10-02T09:31:19Z,3,actions_linux,0.006,0.018000000000000002,ubuntu-latest
36989927837,13963,(Runtime) Build and Test,pull_request,javache,User,human,110783691544,yarn test -r=stable --env=development --persistent (Shard 2/5),2026-10-02T09:28:50Z,2026-10-02T09:30:45Z,2,actions_linux,0.006,0.012,ubuntu-latest
36989927837,13963,(Runtime) Build and Test,pull_request,javache,User,human,110783691569,yarn test -r=experimental --env=development --persistent (Shard 4/5),2026-10-02T09:28:50Z,2026-10-02T09:30:35Z,2,actions_linux,0.006,0.012,ubuntu-latest
36989927837,13963,(Runtime) Build and Test,pull_request,javache,User,human,110783691573,yarn test -r=xplat --env=production --variant=false (Shard 1/5),2026-10-02T09:28:50Z,2026-10-02T09:29:47Z,1,actions_linux,0.006,0.006,ubuntu-latest
36989927837,13963,(Runtime) Build and Test,pull_request,javache,User,human,110783691595,yarn test -r=experimental --env=development --persistent (Shard 3/5),2026-10-02T09:28:51Z,2026-10-02T09:31:40Z,3,actions_linux,0.006,0.018000000000000002,ubuntu-latest
36989927837,13963,(Runtime) Build and Test,pull_request,javache,User,human,110783691626,yarn test -r=xplat --env=production --variant=true (Shard 4/5),2026-10-02T09:28:51Z,2026-10-02T09:30:00Z,2,actions_linux,0.006,0.012,ubuntu-latest
36989927837,13963,(Runtime) Build and Test,pull_request,javache,User,human,110783691664,yarn test -r=stable --env=development --persistent (Shard 5/5),2026-10-02T09:28:51Z,2026-10-02T09:30:28Z,2,actions_linux,0.006,0.012,ubuntu-latest
36989927837,13963,(Runtime) Build and Test,pull_request,javache,User,human,110783692125,yarn test -r=xplat --env=production --variant=true (Shard 5/5),2026-10-02T09:28:51Z,2026-10-02T09:29:43Z,1,actions_linux,0.006,0.006,ubuntu-latest
36989927837,13963,(Runtime) Build and Test,pull_request,javache,User,human,110784231419,Check fixtures DOM (stable),2026-10-02T09:30:25Z,2026-10-02T09:30:45Z,1,actions_linux,0.006,0.006,ubuntu-latest
36989927837,13963,(Runtime) Build and Test,pull_request,javache,User,human,110784231484,Process artifacts combined,2026-10-02T09:30:26Z,2026-10-02T09:31:02Z,1,actions_linux,0.006,0.006,ubuntu-latest
36989927837,13963,(Runtime) Build and Test,pull_request,javache,User,human,110784231497,Check release dependencies,2026-10-02T09:30:25Z,2026-10-02T09:31:08Z,1,actions_linux,0.006,0.006,ubuntu-latest
36989927837,13963,(Runtime) Build and Test,pull_request,javache,User,human,110784231570,yarn test-build (devtools) (2/5),2026-10-02T09:30:27Z,2026-10-02T09:31:06Z,1,actions_linux,0.006,0.006,ubuntu-latest
36989927837,13963,(Runtime) Build and Test,pull_request,javache,User,human,110784231573,yarn test-build (devtools) (1/5),2026-10-02T09:30:25Z,2026-10-02T09:31:03Z,1,actions_linux,0.006,0.006,ubuntu-latest
36989927837,13963,(Runtime) Build and Test,pull_request,javache,User,human,110784231580,yarn test-build (devtools) (3/5),2026-10-02T09:30:25Z,2026-10-02T09:31:00Z,1,actions_linux,0.006,0.006,ubuntu-latest
36989927837,13963,(Runtime) Build and Test,pull_request,javache,User,human,110784231614,Run fixtures Flight tests,2026-10-02T09:30:25Z,2026-10-02T09:31:23Z,1,actions_linux,0.006,0.006,ubuntu-latest
36989927837,13963,(Runtime) Build and Test,pull_request,javache,User,human,110784231654,Search build artifacts for unminified errors,2026-10-02T09:30:27Z,2026-10-02T09:30:47Z,1,actions_linux,0.006,0.006,ubuntu-latest
36989927837,13963,(Runtime) Build and Test,pull_request,javache,User,human,110784231671,Run sizebot,2026-10-02T09:30:26Z,2026-10-02T09:31:20Z,1,actions_linux,0.006,0.006,ubuntu-latest
36989927837,13963,(Runtime) Build and Test,pull_request,javache,User,human,110784231697,Run react-devtools-cdt-mcp e2e tests,2026-10-02T09:30:26Z,2026-10-02T09:31:19Z,1,actions_linux,0.006,0.006,ubuntu-latest
36989927837,13963,(Runtime) Build and Test,pull_request,javache,User,human,110784231717,Build DevTools and process artifacts (firefox),2026-10-02T09:30:25Z,2026-10-02T09:31:11Z,1,actions_linux,0.006,0.006,ubuntu-latest
36989927837,13963,(Runtime) Build and Test,pull_request,javache,User,human,110784231719,Run React DevTools browser extension e2e tests,2026-10-02T09:30:27Z,2026-10-02T09:31:44Z,2,actions_linux,0.006,0.012,ubuntu-latest
36989927837,13963,(Runtime) Build and Test,pull_request,javache,User,human,110784231768,Build DevTools and process artifacts (edge),2026-10-02T09:30:25Z,2026-10-02T09:31:12Z,1,actions_linux,0.006,0.006,ubuntu-latest
36989927837,13963,(Runtime) Build and Test,pull_request,javache,User,human,110784231785,yarn test-build (devtools) (4/5),2026-10-02T09:30:25Z,2026-10-02T09:31:45Z,2,actions_linux,0.006,0.012,ubuntu-latest
36989927837,13963,(Runtime) Build and Test,pull_request,javache,User,human,110784231816,Build DevTools and process artifacts (chrome),2026-10-02T09:30:26Z,2026-10-02T09:31:16Z,1,actions_linux,0.006,0.006,ubuntu-latest
36989927837,13963,(Runtime) Build and Test,pull_request,javache,User,human,110784231829,yarn test-build (devtools) (5/5),2026-10-02T09:30:25Z,2026-10-02T09:30:59Z,1,actions_linux,0.006,0.006,ubuntu-latest
36989927837,13963,(Runtime) Build and Test,pull_request,javache,User,human,110784232838,"yarn test-build (-r=stable --env=development, 6/10)",2026-10-02T09:30:25Z,2026-10-02T09:31:38Z,2,actions_linux,0.006,0.012,ubuntu-latest
36989927837,13963,(Runtime) Build and Test,pull_request,javache,User,human,110784232852,"yarn test-build (-r=stable --env=development, 4/10)",2026-10-02T09:30:25Z,2026-10-02T09:31:11Z,1,actions_linux,0.006,0.006,ubuntu-latest
36989927837,13963,(Runtime) Build and Test,pull_request,javache,User,human,110784232882,"yarn test-build (-r=stable --env=development, 8/10)",2026-10-02T09:30:25Z,2026-10-02T09:31:24Z,1,actions_linux,0.006,0.006,ubuntu-latest
36989927837,13963,(Runtime) Build and Test,pull_request,javache,User,human,110784232911,"yarn test-build (-r=stable --env=development, 9/10)",2026-10-02T09:30:25Z,2026-10-02T09:31:13Z,1,actions_linux,0.006,0.006,ubuntu-latest
36989927837,13963,(Runtime) Build and Test,pull_request,javache,User,human,110784232957,"yarn test-build (-r=stable --env=development, 10/10)",2026-10-02T09:30:25Z,2026-10-02T09:31:19Z,1,actions_linux,0.006,0.006,ubuntu-latest
36989927837,13963,(Runtime) Build and Test,pull_request,javache,User,human,110784232964,"yarn test-build (-r=stable --env=production, 3/10)",2026-10-02T09:30:25Z,2026-10-02T09:31:27Z,2,actions_linux,0.006,0.012,ubuntu-latest
36989927837,13963,(Runtime) Build and Test,pull_request,javache,User,human,110784232992,"yarn test-build (-r=stable --env=development, 2/10)",2026-10-02T09:30:26Z,2026-10-02T09:32:24Z,2,actions_linux,0.006,0.012,ubuntu-latest
36989927837,13963,(Runtime) Build and Test,pull_request,javache,User,human,110784233011,"yarn test-build (-r=stable --env=development, 1/10)",2026-10-02T09:30:29Z,2026-10-02T09:31:58Z,2,actions_linux,0.006,0.012,ubuntu-latest
36989927837,13963,(Runtime) Build and Test,pull_request,javache,User,human,110784233016,"yarn test-build (-r=stable --env=development, 3/10)",2026-10-02T09:30:25Z,2026-10-02T09:31:38Z,2,actions_linux,0.006,0.012,ubuntu-latest
36989927837,13963,(Runtime) Build and Test,pull_request,javache,User,human,110784233043,"yarn test-build (-r=stable --env=development, 5/10)",2026-10-02T09:30:26Z,2026-10-02T09:31:16Z,1,actions_linux,0.006,0.006,ubuntu-latest
36989927837,13963,(Runtime) Build and Test,pull_request,javache,User,human,110784233048,"yarn test-build (-r=stable --env=production, 2/10)",2026-10-02T09:30:25Z,2026-10-02T09:32:13Z,2,actions_linux,0.006,0.012,ubuntu-latest
36989927837,13963,(Runtime) Build and Test,pull_request,javache,User,human,110784233049,"yarn test-build (-r=stable --env=development, 7/10)",2026-10-02T09:30:25Z,2026-10-02T09:31:15Z,1,actions_linux,0.006,0.006,ubuntu-latest
36989927837,13963,(Runtime) Build and Test,pull_request,javache,User,human,110784233107,"yarn test-build (-r=stable --env=production, 5/10)",2026-10-02T09:30:26Z,2026-10-02T09:31:17Z,1,actions_linux,0.006,0.006,ubuntu-latest
36989927837,13963,(Runtime) Build and Test,pull_request,javache,User,human,110784233147,"yarn test-build (-r=stable --env=production, 1/10)",2026-10-02T09:30:29Z,2026-10-02T09:31:58Z,2,actions_linux,0.006,0.012,ubuntu-latest
36989927837,13963,(Runtime) Build and Test,pull_request,javache,User,human,110784233150,"yarn test-build (-r=experimental --env=development, 2/10)",2026-10-02T09:30:25Z,2026-10-02T09:32:14Z,2,actions_linux,0.006,0.012,ubuntu-latest
36989927837,13963,(Runtime) Build and Test,pull_request,javache,User,human,110784233174,"yarn test-build (-r=stable --env=production, 4/10)",2026-10-02T09:30:29Z,2026-10-02T09:31:06Z,1,actions_linux,0.006,0.006,ubuntu-latest
36989927837,13963,(Runtime) Build and Test,pull_request,javache,User,human,110784233211,"yarn test-build (-r=experimental --env=development, 4/10)",2026-10-02T09:30:25Z,2026-10-02T09:31:16Z,1,actions_linux,0.006,0.006,ubuntu-latest
36989927837,13963,(Runtime) Build and Test,pull_request,javache,User,human,110784233234,"yarn test-build (-r=stable --env=production, 6/10)",2026-10-02T09:30:33Z,2026-10-02T09:31:37Z,2,actions_linux,0.006,0.012,ubuntu-latest
36989927837,13963,(Runtime) Build and Test,pull_request,javache,User,human,110784233264,"yarn test-build (-r=experimental --env=development, 5/10)",2026-10-02T09:30:26Z,2026-10-02T09:31:13Z,1,actions_linux,0.006,0.006,ubuntu-latest
36989927837,13963,(Runtime) Build and Test,pull_request,javache,User,human,110784233267,"yarn test-build (-r=experimental --env=production, 7/10)",2026-10-02T09:30:25Z,2026-10-02T09:31:11Z,1,actions_linux,0.006,0.006,ubuntu-latest
36989927837,13963,(Runtime) Build and Test,pull_request,javache,User,human,110784233271,"yarn test-build (-r=experimental --env=development, 3/10)",2026-10-02T09:30:26Z,2026-10-02T09:31:58Z,2,actions_linux,0.006,0.012,ubuntu-latest
36989927837,13963,(Runtime) Build and Test,pull_request,javache,User,human,110784233291,"yarn test-build (-r=stable --env=production, 8/10)",2026-10-02T09:30:25Z,2026-10-02T09:31:20Z,1,actions_linux,0.006,0.006,ubuntu-latest
36989927837,13963,(Runtime) Build and Test,pull_request,javache,User,human,110784233310,"yarn test-build (-r=stable --env=production, 9/10)",2026-10-02T09:30:29Z,2026-10-02T09:31:12Z,1,actions_linux,0.006,0.006,ubuntu-latest
36989927837,13963,(Runtime) Build and Test,pull_request,javache,User,human,110784233314,"yarn test-build (-r=experimental --env=development, 10/10)",2026-10-02T09:30:25Z,2026-10-02T09:31:21Z,1,actions_linux,0.006,0.006,ubuntu-latest
36989927837,13963,(Runtime) Build and Test,pull_request,javache,User,human,110784233341,"yarn test-build (-r=stable --env=production, 7/10)",2026-10-02T09:30:29Z,2026-10-02T09:31:16Z,1,actions_linux,0.006,0.006,ubuntu-latest
36989927837,13963,(Runtime) Build and Test,pull_request,javache,User,human,110784233362,"yarn test-build (-r=experimental --env=development, 6/10)",2026-10-02T09:30:29Z,2026-10-02T09:31:34Z,2,actions_linux,0.006,0.012,ubuntu-latest
36989927837,13963,(Runtime) Build and Test,pull_request,javache,User,human,110784233363,"yarn test-build (-r=stable --env=production, 10/10)",2026-10-02T09:30:29Z,2026-10-02T09:31:15Z,1,actions_linux,0.006,0.006,ubuntu-latest
36989927837,13963,(Runtime) Build and Test,pull_request,javache,User,human,110784233373,"yarn test-build (-r=experimental --env=production, 1/10)",2026-10-02T09:31:05Z,2026-10-02T09:32:39Z,2,actions_linux,0.006,0.012,ubuntu-latest
36989927837,13963,(Runtime) Build and Test,pull_request,javache,User,human,110784233385,"yarn test-build (-r=experimental --env=development, 9/10)",2026-10-02T09:30:29Z,2026-10-02T09:31:16Z,1,actions_linux,0.006,0.006,ubuntu-latest
36989927837,13963,(Runtime) Build and Test,pull_request,javache,User,human,110784233389,"yarn test-build (-r=experimental --env=development, 8/10)",2026-10-02T09:30:30Z,2026-10-02T09:31:36Z,2,actions_linux,0.006,0.012,ubuntu-latest
36989927837,13963,(Runtime) Build and Test,pull_request,javache,User,human,110784233395,"yarn test-build (-r=experimental --env=production, 3/10)",2026-10-02T09:30:26Z,2026-10-02T09:31:41Z,2,actions_linux,0.006,0.012,ubuntu-latest
36989927837,13963,(Runtime) Build and Test,pull_request,javache,User,human,110784233427,"yarn test-build (-r=experimental --env=production, 10/10)",2026-10-02T09:30:26Z,2026-10-02T09:31:24Z,1,actions_linux,0.006,0.006,ubuntu-latest
36989927837,13963,(Runtime) Build and Test,pull_request,javache,User,human,110784233478,"yarn test-build (-r=experimental --env=production, 2/10)",2026-10-02T09:30:29Z,2026-10-02T09:31:46Z,2,actions_linux,0.006,0.012,ubuntu-latest
36989927837,13963,(Runtime) Build and Test,pull_request,javache,User,human,110784233483,"yarn test-build (-r=experimental --env=production, 6/10)",2026-10-02T09:30:29Z,2026-10-02T09:31:32Z,2,actions_linux,0.006,0.012,ubuntu-latest
36989927837,13963,(Runtime) Build and Test,pull_request,javache,User,human,110784233505,"yarn test-build (-r=experimental --env=development, 7/10)",2026-10-02T09:30:29Z,2026-10-02T09:31:23Z,1,actions_linux,0.006,0.006,ubuntu-latest
36989927837,13963,(Runtime) Build and Test,pull_request,javache,User,human,110784233506,"yarn test-build (-r=experimental --env=production, 4/10)",2026-10-02T09:30:29Z,2026-10-02T09:31:09Z,1,actions_linux,0.006,0.006,ubuntu-latest
36989927837,13963,(Runtime) Build and Test,pull_request,javache,User,human,110784233521,"yarn test-build (-r=experimental --env=production, 5/10)",2026-10-02T09:30:29Z,2026-10-02T09:31:32Z,2,actions_linux,0.006,0.012,ubuntu-latest
36989927837,13963,(Runtime) Build and Test,pull_request,javache,User,human,110784233549,"yarn test-build (-r=experimental --env=production, 9/10)",2026-10-02T09:30:29Z,2026-10-02T09:31:12Z,1,actions_linux,0.006,0.006,ubuntu-latest
36989927837,13963,(Runtime) Build and Test,pull_request,javache,User,human,110784233570,"yarn test-build (-r=experimental --env=production, 8/10)",2026-10-02T09:30:29Z,2026-10-02T09:31:16Z,1,actions_linux,0.006,0.006,ubuntu-latest
36989927837,13963,(Runtime) Build and Test,pull_request,javache,User,human,110784234057,"yarn test-build (-r=experimental --env=development, 1/10)",2026-10-02T09:30:29Z,2026-10-02T09:32:04Z,2,actions_linux,0.006,0.012,ubuntu-latest
36989927837,13963,(Runtime) Build and Test,pull_request,javache,User,human,110784534720,Merge DevTools artifacts,2026-10-02T09:31:26Z,2026-10-02T09:31:33Z,1,actions_linux,0.006,0.006,ubuntu-latest
36989927810,19989,(Shared) Lint,pull_request,javache,User,human,110783503434,Run eslint,2026-10-02T09:28:04Z,2026-10-02T09:28:59Z,1,actions_linux,0.006,0.006,ubuntu-latest
36989927810,19989,(Shared) Lint,pull_request,javache,User,human,110783503563,Run prettier,2026-10-02T09:28:04Z,2026-10-02T09:29:00Z,1,actions_linux,0.006,0.006,ubuntu-latest
36989927810,19989,(Shared) Lint,pull_request,javache,User,human,110783503572,Check license,2026-10-02T09:28:04Z,2026-10-02T09:28:28Z,1,actions_linux,0.006,0.006,ubuntu-latest
36989927810,19989,(Shared) Lint,pull_request,javache,User,human,110783503651,Test print warnings,2026-10-02T09:28:04Z,2026-10-02T09:28:31Z,1,actions_linux,0.006,0.006,ubuntu-latest
36989927803,10341,(Runtime) ESLint Plugin E2E,pull_request,javache,User,human,110783503178,ESLint v10,2026-10-02T09:28:05Z,2026-10-02T09:29:49Z,2,actions_linux,0.006,0.012,ubuntu-latest
36989927803,10341,(Runtime) ESLint Plugin E2E,pull_request,javache,User,human,110783503387,ESLint v7,2026-10-02T09:28:04Z,2026-10-02T09:29:44Z,2,actions_linux,0.006,0.012,ubuntu-latest
36989927803,10341,(Runtime) ESLint Plugin E2E,pull_request,javache,User,human,110783503388,ESLint v9,2026-10-02T09:28:04Z,2026-10-02T09:29:47Z,2,actions_linux,0.006,0.012,ubuntu-latest
36989927803,10341,(Runtime) ESLint Plugin E2E,pull_request,javache,User,human,110783503498,ESLint v8,2026-10-02T09:28:04Z,2026-10-02T09:29:28Z,2,actions_linux,0.006,0.012,ubuntu-latest
36989927803,10341,(Runtime) ESLint Plugin E2E,pull_request,javache,User,human,110783503547,ESLint v6,2026-10-02T09:28:04Z,2026-10-02T09:29:28Z,2,actions_linux,0.006,0.012,ubuntu-latest
36988955995,21729,(Runtime) Fuzz tests,schedule,poteto,User,human,110780402706,test_fuzz,2026-10-02T09:17:54Z,2026-10-02T09:19:07Z,2,actions_linux,0.006,0.012,ubuntu-latest
36988618294,19178,(Shared) Manage stale issues and PRs,schedule,poteto,User,human,110779318823,stale,2026-10-02T09:14:23Z,2026-10-02T09:14:41Z,1,actions_linux,0.006,0.006,ubuntu-latest
36983674401,21728,(Runtime) Fuzz tests,schedule,poteto,User,human,110763723658,test_fuzz,2026-10-02T08:22:48Z,2026-10-02T08:23:59Z,2,actions_linux,0.006,0.012,ubuntu-latest
36983222532,19177,(Shared) Manage stale issues and PRs,schedule,poteto,User,human,110762284809,stale,2026-10-02T08:17:52Z,2026-10-02T08:18:13Z,1,actions_linux,0.006,0.006,ubuntu-latest
36978173431,21727,(Runtime) Fuzz tests,schedule,poteto,User,human,110746485951,test_fuzz,2026-10-02T07:22:06Z,2026-10-02T07:23:01Z,1,actions_linux,0.006,0.006,ubuntu-latest
36977939341,19176,(Shared) Manage stale issues and PRs,schedule,poteto,User,human,110745760412,stale,2026-10-02T07:19:24Z,2026-10-02T07:19:44Z,1,actions_linux,0.006,0.006,ubuntu-latest
36973707599,21726,(Runtime) Fuzz tests,schedule,poteto,User,human,110732901850,test_fuzz,2026-10-02T06:28:32Z,2026-10-02T06:29:41Z,2,actions_linux,0.006,0.012,ubuntu-latest
36973261489,19175,(Shared) Manage stale issues and PRs,schedule,poteto,User,human,110731553509,stale,2026-10-02T06:22:58Z,2026-10-02T06:23:17Z,1,actions_linux,0.006,0.006,ubuntu-latest
36971850832,1263,(Runtime) Sizebot Comment,workflow_run,shuaiyafei,User,human,110727276112,Comment with size changes,2026-10-02T06:05:06Z,2026-10-02T06:05:18Z,1,actions_linux,0.006,0.006,ubuntu-latest
36971848526,5143,(Shared) Label Core Team PRs,pull_request_target,shuaiyafei,User,human,110727270112,check_access,2026-10-02T06:05:04Z,2026-10-02T06:05:06Z,1,actions_linux,0.006,0.006,ubuntu-latest
36971848526,5143,(Shared) Label Core Team PRs,pull_request_target,shuaiyafei,User,human,110727314291,label,2026-10-02T06:05:07Z,2026-10-02T06:05:07Z,1,actions_linux,0.006,0.006,ubuntu-latest
36971848526,5143,(Shared) Label Core Team PRs,pull_request_target,shuaiyafei,User,human,110727314589,check_maintainer,2026-10-02T06:05:07Z,2026-10-02T06:05:07Z,1,actions_linux,0.006,0.006,
36971848480,2930,(Runtime) Discord Notify,pull_request_target,shuaiyafei,User,human,110727269717,check_access,2026-10-02T06:05:04Z,2026-10-02T06:05:07Z,1,actions_linux,0.006,0.006,ubuntu-latest
36971848480,2930,(Runtime) Discord Notify,pull_request_target,shuaiyafei,User,human,110727317261,check_maintainer,2026-10-02T06:05:08Z,2026-10-02T06:05:07Z,1,actions_linux,0.006,0.006,
36971848480,2930,(Runtime) Discord Notify,pull_request_target,shuaiyafei,User,human,110727317361,notify,2026-10-02T06:05:08Z,2026-10-02T06:05:07Z,1,actions_linux,0.006,0.006,ubuntu-latest
36971476760,2211,(Shared) Cleanup Stale Branch Caches,schedule,poteto,User,human,110726169436,cleanup,2026-10-02T06:00:23Z,2026-10-02T06:00:26Z,1,actions_linux,0.006,0.006,ubuntu-latest
36968219635,21725,(Runtime) Fuzz tests,schedule,poteto,User,human,110716493064,test_fuzz,2026-10-02T05:16:51Z,2026-10-02T05:17:58Z,2,actions_linux,0.006,0.012,ubuntu-latest
36967967296,19174,(Shared) Manage stale issues and PRs,schedule,poteto,User,human,110715732402,stale,2026-10-02T05:13:32Z,2026-10-02T05:13:54Z,1,actions_linux,0.006,0.006,ubuntu-latest
36964033682,21724,(Runtime) Fuzz tests,schedule,poteto,User,human,110703751747,test_fuzz,2026-10-02T04:19:22Z,2026-10-02T04:20:35Z,2,actions_linux,0.006,0.012,ubuntu-latest
36963751101,19173,(Shared) Manage stale issues and PRs,schedule,poteto,User,human,110702878782,stale,2026-10-02T04:15:32Z,2026-10-02T04:15:50Z,1,actions_linux,0.006,0.006,ubuntu-latest
36959713498,21723,(Runtime) Fuzz tests,schedule,poteto,User,human,110690482122,test_fuzz,2026-10-02T03:20:20Z,2026-10-02T03:21:24Z,2,actions_linux,0.006,0.012,ubuntu-latest
36959404060,19172,(Shared) Manage stale issues and PRs,schedule,poteto,User,human,110689506642,stale,2026-10-02T03:16:05Z,2026-10-02T03:16:22Z,1,actions_linux,0.006,0.006,ubuntu-latest
36955519924,21722,(Runtime) Fuzz tests,schedule,poteto,User,human,110677511126,test_fuzz,2026-10-02T02:25:10Z,2026-10-02T02:26:08Z,1,actions_linux,0.006,0.006,ubuntu-latest
36955238938,19171,(Shared) Manage stale issues and PRs,schedule,poteto,User,human,110676645853,stale,2026-10-02T02:21:31Z,2026-10-02T02:21:52Z,1,actions_linux,0.006,0.006,ubuntu-latest
36951384289,21721,(Runtime) Fuzz tests,schedule,poteto,User,human,110664878476,test_fuzz,2026-10-02T01:32:06Z,2026-10-02T01:33:09Z,2,actions_linux,0.006,0.012,ubuntu-latest
36951136544,19170,(Shared) Manage stale issues and PRs,schedule,poteto,User,human,110664125310,stale,2026-10-02T01:29:05Z,2026-10-02T01:29:21Z,1,actions_linux,0.006,0.006,ubuntu-latest
36949339936,1262,(Runtime) Sizebot Comment,workflow_run,lazerg,User,human,110658543033,Comment with size changes,2026-10-02T01:06:43Z,2026-10-02T01:06:53Z,1,actions_linux,0.006,0.006,ubuntu-latest
36949324802,1261,(Runtime) Sizebot Comment,workflow_run,woahwhattheheck,User,human,110658493658,Comment with size changes,2026-10-02T01:06:31Z,2026-10-02T01:06:42Z,1,actions_linux,0.006,0.006,ubuntu-latest
36948933420,1260,(Runtime) Sizebot Comment,workflow_run,lazerg,User,human,110657291049,Comment with size changes,2026-10-02T01:01:53Z,2026-10-02T01:02:03Z,1,actions_linux,0.006,0.006,ubuntu-latest
36948930947,2929,(Runtime) Discord Notify,pull_request_target,lazerg,User,human,110657284541,check_access,2026-10-02T01:01:52Z,2026-10-02T01:01:56Z,1,actions_linux,0.006,0.006,ubuntu-latest
36948930947,2929,(Runtime) Discord Notify,pull_request_target,lazerg,User,human,110657340314,check_maintainer,2026-10-02T01:01:57Z,2026-10-02T01:01:56Z,1,actions_linux,0.006,0.006,
36948930947,2929,(Runtime) Discord Notify,pull_request_target,lazerg,User,human,110657341292,notify,2026-10-02T01:01:57Z,2026-10-02T01:01:57Z,1,actions_linux,0.006,0.006,ubuntu-latest
36948930918,5142,(Shared) Label Core Team PRs,pull_request_target,lazerg,User,human,110657284138,check_access,2026-10-02T01:01:52Z,2026-10-02T01:01:54Z,1,actions_linux,0.006,0.006,ubuntu-latest
36948930918,5142,(Shared) Label Core Team PRs,pull_request_target,lazerg,User,human,110657333526,check_maintainer,2026-10-02T01:01:55Z,2026-10-02T01:01:55Z,1,actions_linux,0.006,0.006,
36948930918,5142,(Shared) Label Core Team PRs,pull_request_target,lazerg,User,human,110657333929,label,2026-10-02T01:01:55Z,2026-10-02T01:01:55Z,1,actions_linux,0.006,0.006,ubuntu-latest
36948930514,19986,(Shared) Lint,pull_request,lazerg,User,human,110657282325,Check license,2026-10-02T01:01:52Z,2026-10-02T01:02:19Z,1,actions_linux,0.006,0.006,ubuntu-latest
36948930514,19986,(Shared) Lint,pull_request,lazerg,User,human,110657282517,Run prettier,2026-10-02T01:01:52Z,2026-10-02T01:02:47Z,1,actions_linux,0.006,0.006,ubuntu-latest
36948930514,19986,(Shared) Lint,pull_request,lazerg,User,human,110657282521,Run eslint,2026-10-02T01:01:52Z,2026-10-02T01:02:42Z,1,actions_linux,0.006,0.006,ubuntu-latest
36948930514,19986,(Shared) Lint,pull_request,lazerg,User,human,110657282606,Test print warnings,2026-10-02T01:01:52Z,2026-10-02T01:02:20Z,1,actions_linux,0.006,0.006,ubuntu-latest
36948930490,13960,(Runtime) Build and Test,pull_request,lazerg,User,human,110657282911,"Cache Runtime, Compiler node_modules",2026-10-02T01:01:53Z,2026-10-02T01:02:20Z,1,actions_linux,0.006,0.006,ubuntu-latest
36948930490,13960,(Runtime) Build and Test,pull_request,lazerg,User,human,110657282969,Resolve build shard weights,2026-10-02T01:02:28Z,2026-10-02T01:02:32Z,1,actions_linux,0.006,0.006,ubuntu-latest
36948930490,13960,(Runtime) Build and Test,pull_request,lazerg,User,human,110657283019,Cache Runtime node_modules,2026-10-02T01:01:52Z,2026-10-02T01:02:08Z,1,actions_linux,0.006,0.006,ubuntu-latest
36948930490,13960,(Runtime) Build and Test,pull_request,lazerg,User,human,110657283155,Discover flow inline configs,2026-10-02T01:01:52Z,2026-10-02T01:02:00Z,1,actions_linux,0.006,0.006,ubuntu-latest
36948930490,13960,(Runtime) Build and Test,pull_request,lazerg,User,human,110657390778,Cache Runtime Playwright Chromium,2026-10-02T01:02:14Z,2026-10-02T01:02:43Z,1,actions_linux,0.006,0.006,ubuntu-latest
36948930490,13960,(Runtime) Build and Test,pull_request,lazerg,User,human,110657390832,Confirm generated inline Fizz runtime is up to date,2026-10-02T01:02:14Z,2026-10-02T01:03:14Z,1,actions_linux,0.006,0.006,ubuntu-latest
36948930490,13960,(Runtime) Build and Test,pull_request,lazerg,User,human,110657390878,Check flags,2026-10-02T01:02:14Z,2026-10-02T01:02:34Z,1,actions_linux,0.006,0.006,ubuntu-latest
36948930490,13960,(Runtime) Build and Test,pull_request,lazerg,User,human,110657391474,Flow check dom-node-webpack,2026-10-02T01:02:14Z,2026-10-02T01:03:27Z,2,actions_linux,0.006,0.012,ubuntu-latest
36948930490,13960,(Runtime) Build and Test,pull_request,lazerg,User,human,110657391493,Flow check dom-browser,2026-10-02T01:02:14Z,2026-10-02T01:03:58Z,2,actions_linux,0.006,0.012,ubuntu-latest
36948930490,13960,(Runtime) Build and Test,pull_request,lazerg,User,human,110657391499,Flow check dom-node,2026-10-02T01:02:15Z,2026-10-02T01:03:57Z,2,actions_linux,0.006,0.012,ubuntu-latest
36948930490,13960,(Runtime) Build and Test,pull_request,lazerg,User,human,110657391513,Flow check dom-node-parcel,2026-10-02T01:02:16Z,2026-10-02T01:03:21Z,2,actions_linux,0.006,0.012,ubuntu-latest
36948930490,13960,(Runtime) Build and Test,pull_request,lazerg,User,human,110657391515,Flow check dom-node-turbopack,2026-10-02T01:02:50Z,2026-10-02T01:04:27Z,2,actions_linux,0.006,0.012,ubuntu-latest
36948930490,13960,(Runtime) Build and Test,pull_request,lazerg,User,human,110657391545,Flow check dom-node-unbundled,2026-10-02T01:02:15Z,2026-10-02T01:03:56Z,2,actions_linux,0.006,0.012,ubuntu-latest
36948930490,13960,(Runtime) Build and Test,pull_request,lazerg,User,human,110657391550,Flow check dom-bun,2026-10-02T01:02:16Z,2026-10-02T01:03:45Z,2,actions_linux,0.006,0.012,ubuntu-latest
36948930490,13960,(Runtime) Build and Test,pull_request,lazerg,User,human,110657391565,Flow check dom-browser-turbopack,2026-10-02T01:02:16Z,2026-10-02T01:03:59Z,2,actions_linux,0.006,0.012,ubuntu-latest
36948930490,13960,(Runtime) Build and Test,pull_request,lazerg,User,human,110657391624,Flow check dom-browser-parcel,2026-10-02T01:02:16Z,2026-10-02T01:03:46Z,2,actions_linux,0.006,0.012,ubuntu-latest
36948930490,13960,(Runtime) Build and Test,pull_request,lazerg,User,human,110657391632,Flow check markup,2026-10-02T01:02:16Z,2026-10-02T01:04:02Z,2,actions_linux,0.006,0.012,ubuntu-latest
36948930490,13960,(Runtime) Build and Test,pull_request,lazerg,User,human,110657391646,Flow check dom-browser-esm,2026-10-02T01:02:16Z,2026-10-02T01:04:02Z,2,actions_linux,0.006,0.012,ubuntu-latest
36948930490,13960,(Runtime) Build and Test,pull_request,lazerg,User,human,110657391648,Flow check art,2026-10-02T01:02:17Z,2026-10-02T01:02:35Z,1,actions_linux,0.006,0.006,ubuntu-latest
36948930490,13960,(Runtime) Build and Test,pull_request,lazerg,User,human,110657391652,Flow check dom-browser-fb,2026-10-02T01:02:16Z,2026-10-02T01:03:56Z,2,actions_linux,0.006,0.012,ubuntu-latest
36948930490,13960,(Runtime) Build and Test,pull_request,lazerg,User,human,110657391660,Flow check dom-fb,2026-10-02T01:02:16Z,2026-10-02T01:04:07Z,2,actions_linux,0.006,0.012,ubuntu-latest
36948930490,13960,(Runtime) Build and Test,pull_request,lazerg,User,human,110657391679,Flow check test,2026-10-02T01:02:15Z,2026-10-02T01:03:48Z,2,actions_linux,0.006,0.012,ubuntu-latest
36948930490,13960,(Runtime) Build and Test,pull_request,lazerg,User,human,110657391681,Flow check fabric,2026-10-02T01:02:15Z,2026-10-02T01:04:06Z,2,actions_linux,0.006,0.012,ubuntu-latest
36948930490,13960,(Runtime) Build and Test,pull_request,lazerg,User,human,110657391682,Flow check custom,2026-10-02T01:02:16Z,2026-10-02T01:03:41Z,2,actions_linux,0.006,0.012,ubuntu-latest
36948930490,13960,(Runtime) Build and Test,pull_request,lazerg,User,human,110657391697,Flow check dom-legacy,2026-10-02T01:02:17Z,2026-10-02T01:03:41Z,2,actions_linux,0.006,0.012,ubuntu-latest
36948930490,13960,(Runtime) Build and Test,pull_request,lazerg,User,human,110657391699,Flow check dom-edge-turbopack,2026-10-02T01:02:15Z,2026-10-02T01:03:58Z,2,actions_linux,0.006,0.012,ubuntu-latest
36948930490,13960,(Runtime) Build and Test,pull_request,lazerg,User,human,110657391700,Flow check dom-edge-parcel,2026-10-02T01:02:16Z,2026-10-02T01:04:00Z,2,actions_linux,0.006,0.012,ubuntu-latest
36948930490,13960,(Runtime) Build and Test,pull_request,lazerg,User,human,110657391703,Flow check dom-edge-webpack,2026-10-02T01:02:15Z,2026-10-02T01:03:46Z,2,actions_linux,0.006,0.012,ubuntu-latest
36948930490,13960,(Runtime) Build and Test,pull_request,lazerg,User,human,110657391725,Flow check dom-node-esm,2026-10-02T01:02:16Z,2026-10-02T01:04:00Z,2,actions_linux,0.006,0.012,ubuntu-latest
36948930490,13960,(Runtime) Build and Test,pull_request,lazerg,User,human,110657391778,Flow check noop,2026-10-02T01:02:15Z,2026-10-02T01:04:08Z,2,actions_linux,0.006,0.012,ubuntu-latest
36948930490,13960,(Runtime) Build and Test,pull_request,lazerg,User,human,110657391801,Flow check dom-node-fb,2026-10-02T01:02:16Z,2026-10-02T01:04:01Z,2,actions_linux,0.006,0.012,ubuntu-latest
36948930490,13960,(Runtime) Build and Test,pull_request,lazerg,User,human,110657442226,Test eslint-plugin-react-hooks,2026-10-02T01:02:28Z,2026-10-02T01:03:39Z,2,actions_linux,0.006,0.012,ubuntu-latest
36948930490,13960,(Runtime) Build and Test,pull_request,lazerg,User,human,110657444989,yarn test -r=stable --env=development (Shard 1/5),2026-10-02T01:02:30Z,2026-10-02T01:03:51Z,2,actions_linux,0.006,0.012,ubuntu-latest
36948930490,13960,(Runtime) Build and Test,pull_request,lazerg,User,human,110657444998,yarn test -r=stable --env=development (Shard 2/5),2026-10-02T01:02:29Z,2026-10-02T01:04:40Z,3,actions_linux,0.006,0.018000000000000002,ubuntu-latest
36948930490,13960,(Runtime) Build and Test,pull_request,lazerg,User,human,110657445004,yarn test -r=stable --env=production (Shard 1/5),2026-10-02T01:02:28Z,2026-10-02T01:04:26Z,2,actions_linux,0.006,0.012,ubuntu-latest
36948930490,13960,(Runtime) Build and Test,pull_request,lazerg,User,human,110657445021,yarn test -r=stable --env=development (Shard 5/5),2026-10-02T01:02:29Z,2026-10-02T01:05:30Z,4,actions_linux,0.006,0.024,ubuntu-latest
36948930490,13960,(Runtime) Build and Test,pull_request,lazerg,User,human,110657445025,yarn test -r=stable --env=production (Shard 3/5),2026-10-02T01:02:30Z,2026-10-02T01:04:06Z,2,actions_linux,0.006,0.012,ubuntu-latest
36948930490,13960,(Runtime) Build and Test,pull_request,lazerg,User,human,110657445032,yarn test -r=stable --env=development (Shard 4/5),2026-10-02T01:02:30Z,2026-10-02T01:04:18Z,2,actions_linux,0.006,0.012,ubuntu-latest
36948930490,13960,(Runtime) Build and Test,pull_request,lazerg,User,human,110657445040,yarn test -r=stable --env=production (Shard 2/5),2026-10-02T01:02:31Z,2026-10-02T01:04:47Z,3,actions_linux,0.006,0.018000000000000002,ubuntu-latest
36948930490,13960,(Runtime) Build and Test,pull_request,lazerg,User,human,110657445048,yarn test -r=experimental --env=production (Shard 2/5),2026-10-02T01:02:31Z,2026-10-02T01:04:33Z,3,actions_linux,0.006,0.018000000000000002,ubuntu-latest
36948930490,13960,(Runtime) Build and Test,pull_request,lazerg,User,human,110657445050,yarn test -r=experimental --env=development (Shard 3/5),2026-10-02T01:02:30Z,2026-10-02T01:04:16Z,2,actions_linux,0.006,0.012,ubuntu-latest
36948930490,13960,(Runtime) Build and Test,pull_request,lazerg,User,human,110657445053,yarn test -r=experimental --env=development (Shard 4/5),2026-10-02T01:02:28Z,2026-10-02T01:04:32Z,3,actions_linux,0.006,0.018000000000000002,ubuntu-latest
36948930490,13960,(Runtime) Build and Test,pull_request,lazerg,User,human,110657445054,yarn test -r=experimental --env=production (Shard 5/5),2026-10-02T01:02:28Z,2026-10-02T01:05:09Z,3,actions_linux,0.006,0.018000000000000002,ubuntu-latest
36948930490,13960,(Runtime) Build and Test,pull_request,lazerg,User,human,110657445057,yarn test -r=experimental --env=development (Shard 2/5),2026-10-02T01:02:30Z,2026-10-02T01:04:43Z,3,actions_linux,0.006,0.018000000000000002,ubuntu-latest
36948930490,13960,(Runtime) Build and Test,pull_request,lazerg,User,human,110657445058,yarn test -r=experimental --env=development (Shard 5/5),2026-10-02T01:02:29Z,2026-10-02T01:05:36Z,4,actions_linux,0.006,0.024,ubuntu-latest
36948930490,13960,(Runtime) Build and Test,pull_request,lazerg,User,human,110657445064,yarn test -r=stable --env=production (Shard 5/5),2026-10-02T01:02:31Z,2026-10-02T01:05:30Z,3,actions_linux,0.006,0.018000000000000002,ubuntu-latest
36948930490,13960,(Runtime) Build and Test,pull_request,lazerg,User,human,110657445080,yarn test -r=www-classic --env=development --variant=false (Shard 2/5),2026-10-02T01:02:30Z,2026-10-02T01:04:37Z,3,actions_linux,0.006,0.018000000000000002,ubuntu-latest
36948930490,13960,(Runtime) Build and Test,pull_request,lazerg,User,human,110657445088,yarn test -r=stable --env=development (Shard 3/5),2026-10-02T01:02:30Z,2026-10-02T01:03:50Z,2,actions_linux,0.006,0.012,ubuntu-latest
36948930490,13960,(Runtime) Build and Test,pull_request,lazerg,User,human,110657445090,yarn test -r=www-classic --env=production --variant=false (Shard 1/5),2026-10-02T01:02:29Z,2026-10-02T01:04:32Z,3,actions_linux,0.006,0.018000000000000002,ubuntu-latest
36948930490,13960,(Runtime) Build and Test,pull_request,lazerg,User,human,110657445098,yarn test -r=www-classic --env=production --variant=false (Shard 2/5),2026-10-02T01:02:30Z,2026-10-02T01:04:29Z,2,actions_linux,0.006,0.012,ubuntu-latest
36948930490,13960,(Runtime) Build and Test,pull_request,lazerg,User,human,110657445112,yarn test -r=www-classic --env=development --variant=false (Shard 3/5),2026-10-02T01:02:31Z,2026-10-02T01:04:09Z,2,actions_linux,0.006,0.012,ubuntu-latest
36948930490,13960,(Runtime) Build and Test,pull_request,lazerg,User,human,110657445137,yarn test -r=experimental --env=production (Shard 4/5),2026-10-02T01:02:30Z,2026-10-02T01:04:21Z,2,actions_linux,0.006,0.012,ubuntu-latest
36948930490,13960,(Runtime) Build and Test,pull_request,lazerg,User,human,110657445141,yarn test -r=stable --env=production (Shard 4/5),2026-10-02T01:02:29Z,2026-10-02T01:04:22Z,2,actions_linux,0.006,0.012,ubuntu-latest
36948930490,13960,(Runtime) Build and Test,pull_request,lazerg,User,human,110657445146,yarn test -r=www-classic --env=development --variant=false (Shard 5/5),2026-10-02T01:02:30Z,2026-10-02T01:05:44Z,4,actions_linux,0.006,0.024,ubuntu-latest
36948930490,13960,(Runtime) Build and Test,pull_request,lazerg,User,human,110657445151,yarn test -r=experimental --env=production (Shard 1/5),2026-10-02T01:02:30Z,2026-10-02T01:04:27Z,2,actions_linux,0.006,0.012,ubuntu-latest
36948930490,13960,(Runtime) Build and Test,pull_request,lazerg,User,human,110657445154,yarn test -r=www-classic --env=development --variant=false (Shard 1/5),2026-10-02T01:02:30Z,2026-10-02T01:03:48Z,2,actions_linux,0.006,0.012,ubuntu-latest
36948930490,13960,(Runtime) Build and Test,pull_request,lazerg,User,human,110657445159,yarn test -r=experimental --env=development (Shard 1/5),2026-10-02T01:02:30Z,2026-10-02T01:04:42Z,3,actions_linux,0.006,0.018000000000000002,ubuntu-latest
36948930490,13960,(Runtime) Build and Test,pull_request,lazerg,User,human,110657445186,yarn test -r=experimental --env=production (Shard 3/5),2026-10-02T01:02:30Z,2026-10-02T01:04:10Z,2,actions_linux,0.006,0.012,ubuntu-latest
36948930490,13960,(Runtime) Build and Test,pull_request,lazerg,User,human,110657445193,yarn test -r=www-classic --env=development --variant=false (Shard 4/5),2026-10-02T01:02:29Z,2026-10-02T01:03:51Z,2,actions_linux,0.006,0.012,ubuntu-latest
36948930490,13960,(Runtime) Build and Test,pull_request,lazerg,User,human,110657445198,yarn test -r=www-classic --env=production --variant=false (Shard 4/5),2026-10-02T01:02:30Z,2026-10-02T01:04:33Z,3,actions_linux,0.006,0.018000000000000002,ubuntu-latest
36948930490,13960,(Runtime) Build and Test,pull_request,lazerg,User,human,110657445215,yarn test -r=www-classic --env=production --variant=true (Shard 4/5),2026-10-02T01:02:30Z,2026-10-02T01:04:14Z,2,actions_linux,0.006,0.012,ubuntu-latest
36948930490,13960,(Runtime) Build and Test,pull_request,lazerg,User,human,110657445221,yarn test -r=www-classic --env=production --variant=false (Shard 3/5),2026-10-02T01:02:30Z,2026-10-02T01:03:40Z,2,actions_linux,0.006,0.012,ubuntu-latest
36948930490,13960,(Runtime) Build and Test,pull_request,lazerg,User,human,110657445226,yarn test -r=www-classic --env=production --variant=true (Shard 3/5),2026-10-02T01:02:30Z,2026-10-02T01:04:13Z,2,actions_linux,0.006,0.012,ubuntu-latest
36948930490,13960,(Runtime) Build and Test,pull_request,lazerg,User,human,110657445229,yarn test -r=www-classic --env=development --variant=true (Shard 5/5),2026-10-02T01:02:37Z,2026-10-02T01:06:18Z,4,actions_linux,0.006,0.024,ubuntu-latest
36948930490,13960,(Runtime) Build and Test,pull_request,lazerg,User,human,110657445233,yarn test -r=www-modern --env=production --variant=false (Shard 1/5),2026-10-02T01:02:30Z,2026-10-02T01:04:45Z,3,actions_linux,0.006,0.018000000000000002,ubuntu-latest
36948930490,13960,(Runtime) Build and Test,pull_request,lazerg,User,human,110657445247,yarn test -r=www-classic --env=development --variant=true (Shard 2/5),2026-10-02T01:02:29Z,2026-10-02T01:04:21Z,2,actions_linux,0.006,0.012,ubuntu-latest
36948930490,13960,(Runtime) Build and Test,pull_request,lazerg,User,human,110657445254,yarn test -r=www-modern --env=development --variant=false (Shard 4/5),2026-10-02T01:02:30Z,2026-10-02T01:04:41Z,3,actions_linux,0.006,0.018000000000000002,ubuntu-latest
36948930490,13960,(Runtime) Build and Test,pull_request,lazerg,User,human,110657445257,yarn test -r=www-modern --env=development --variant=false (Shard 2/5),2026-10-02T01:02:30Z,2026-10-02T01:04:47Z,3,actions_linux,0.006,0.018000000000000002,ubuntu-latest
36948930490,13960,(Runtime) Build and Test,pull_request,lazerg,User,human,110657445259,yarn test -r=www-classic --env=production --variant=true (Shard 1/5),2026-10-02T01:02:30Z,2026-10-02T01:04:12Z,2,actions_linux,0.006,0.012,ubuntu-latest
36948930490,13960,(Runtime) Build and Test,pull_request,lazerg,User,human,110657445262,yarn test -r=www-classic --env=production --variant=false (Shard 5/5),2026-10-02T01:02:31Z,2026-10-02T01:05:25Z,3,actions_linux,0.006,0.018000000000000002,ubuntu-latest
36948930490,13960,(Runtime) Build and Test,pull_request,lazerg,User,human,110657445270,yarn test -r=www-classic --env=development --variant=true (Shard 1/5),2026-10-02T01:02:30Z,2026-10-02T01:04:35Z,3,actions_linux,0.006,0.018000000000000002,ubuntu-latest
36948930490,13960,(Runtime) Build and Test,pull_request,lazerg,User,human,110657445271,yarn test -r=www-modern --env=production --variant=false (Shard 3/5),2026-10-02T01:02:30Z,2026-10-02T01:04:05Z,2,actions_linux,0.006,0.012,ubuntu-latest
36948930490,13960,(Runtime) Build and Test,pull_request,lazerg,User,human,110657445278,yarn test -r=www-classic --env=production --variant=true (Shard 2/5),2026-10-02T01:02:30Z,2026-10-02T01:04:25Z,2,actions_linux,0.006,0.012,ubuntu-latest
36948930490,13960,(Runtime) Build and Test,pull_request,lazerg,User,human,110657445281,yarn test -r=www-modern --env=development --variant=false (Shard 3/5),2026-10-02T01:02:30Z,2026-10-02T01:03:42Z,2,actions_linux,0.006,0.012,ubuntu-latest
36948930490,13960,(Runtime) Build and Test,pull_request,lazerg,User,human,110657445282,yarn test -r=www-modern --env=development --variant=false (Shard 5/5),2026-10-02T01:02:30Z,2026-10-02T01:05:42Z,4,actions_linux,0.006,0.024,ubuntu-latest
36948930490,13960,(Runtime) Build and Test,pull_request,lazerg,User,human,110657445284,yarn test -r=www-classic --env=development --variant=true (Shard 3/5),2026-10-02T01:02:29Z,2026-10-02T01:04:06Z,2,actions_linux,0.006,0.012,ubuntu-latest
36948930490,13960,(Runtime) Build and Test,pull_request,lazerg,User,human,110657445297,yarn test -r=www-classic --env=production --variant=true (Shard 5/5),2026-10-02T01:02:30Z,2026-10-02T01:04:59Z,3,actions_linux,0.006,0.018000000000000002,ubuntu-latest
36948930490,13960,(Runtime) Build and Test,pull_request,lazerg,User,human,110657445298,yarn test -r=www-modern --env=development --variant=false (Shard 1/5),2026-10-02T01:02:30Z,2026-10-02T01:04:33Z,3,actions_linux,0.006,0.018000000000000002,ubuntu-latest
36948930490,13960,(Runtime) Build and Test,pull_request,lazerg,User,human,110657445307,yarn test -r=www-classic --env=development --variant=true (Shard 4/5),2026-10-02T01:02:30Z,2026-10-02T01:04:40Z,3,actions_linux,0.006,0.018000000000000002,ubuntu-latest
36948930490,13960,(Runtime) Build and Test,pull_request,lazerg,User,human,110657445311,yarn test -r=www-modern --env=production --variant=true (Shard 3/5),2026-10-02T01:02:31Z,2026-10-02T01:03:48Z,2,actions_linux,0.006,0.012,ubuntu-latest
36948930490,13960,(Runtime) Build and Test,pull_request,lazerg,User,human,110657445320,yarn test -r=www-modern --env=production --variant=true (Shard 2/5),2026-10-02T01:02:30Z,2026-10-02T01:04:44Z,3,actions_linux,0.006,0.018000000000000002,ubuntu-latest
36948930490,13960,(Runtime) Build and Test,pull_request,lazerg,User,human,110657445333,yarn test -r=www-modern --env=development --variant=true (Shard 2/5),2026-10-02T01:02:30Z,2026-10-02T01:04:24Z,2,actions_linux,0.006,0.012,ubuntu-latest
36948930490,13960,(Runtime) Build and Test,pull_request,lazerg,User,human,110657445335,yarn test -r=www-modern --env=development --variant=true (Shard 4/5),2026-10-02T01:02:31Z,2026-10-02T01:04:45Z,3,actions_linux,0.006,0.018000000000000002,ubuntu-latest
36948930490,13960,(Runtime) Build and Test,pull_request,lazerg,User,human,110657445354,yarn test -r=www-modern --env=production --variant=false (Shard 5/5),2026-10-02T01:02:30Z,2026-10-02T01:05:23Z,3,actions_linux,0.006,0.018000000000000002,ubuntu-latest
36948930490,13960,(Runtime) Build and Test,pull_request,lazerg,User,human,110657445355,yarn test -r=www-modern --env=production --variant=false (Shard 4/5),2026-10-02T01:02:30Z,2026-10-02T01:04:44Z,3,actions_linux,0.006,0.018000000000000002,ubuntu-latest
36948930490,13960,(Runtime) Build and Test,pull_request,lazerg,User,human,110657445359,yarn test -r=xplat --env=development --variant=false (Shard 3/5),2026-10-02T01:02:30Z,2026-10-02T01:03:24Z,1,actions_linux,0.006,0.006,ubuntu-latest
36948930490,13960,(Runtime) Build and Test,pull_request,lazerg,User,human,110657445360,yarn test -r=www-modern --env=development --variant=true (Shard 1/5),2026-10-02T01:02:30Z,2026-10-02T01:04:18Z,2,actions_linux,0.006,0.012,ubuntu-latest
36948930490,13960,(Runtime) Build and Test,pull_request,lazerg,User,human,110657445385,yarn test -r=www-modern --env=production --variant=true (Shard 1/5),2026-10-02T01:02:30Z,2026-10-02T01:04:24Z,2,actions_linux,0.006,0.012,ubuntu-latest
36948930490,13960,(Runtime) Build and Test,pull_request,lazerg,User,human,110657445386,yarn test -r=www-modern --env=development --variant=true (Shard 3/5),2026-10-02T01:02:29Z,2026-10-02T01:04:07Z,2,actions_linux,0.006,0.012,ubuntu-latest
36948930490,13960,(Runtime) Build and Test,pull_request,lazerg,User,human,110657445409,yarn test -r=www-modern --env=production --variant=false (Shard 2/5),2026-10-02T01:02:30Z,2026-10-02T01:04:25Z,2,actions_linux,0.006,0.012,ubuntu-latest
36948930490,13960,(Runtime) Build and Test,pull_request,lazerg,User,human,110657445421,yarn test -r=www-modern --env=development --variant=true (Shard 5/5),2026-10-02T01:02:30Z,2026-10-02T01:05:02Z,3,actions_linux,0.006,0.018000000000000002,ubuntu-latest
36948930490,13960,(Runtime) Build and Test,pull_request,lazerg,User,human,110657445432,yarn test -r=www-modern --env=production --variant=true (Shard 4/5),2026-10-02T01:02:30Z,2026-10-02T01:04:28Z,2,actions_linux,0.006,0.012,ubuntu-latest
36948930490,13960,(Runtime) Build and Test,pull_request,lazerg,User,human,110657445437,yarn test -r=xplat --env=development --variant=false (Shard 4/5),2026-10-02T01:02:30Z,2026-10-02T01:03:26Z,1,actions_linux,0.006,0.006,ubuntu-latest
36948930490,13960,(Runtime) Build and Test,pull_request,lazerg,User,human,110657445453,yarn test -r=www-modern --env=production --variant=true (Shard 5/5),2026-10-02T01:02:31Z,2026-10-02T01:05:35Z,4,actions_linux,0.006,0.024,ubuntu-latest
36948930490,13960,(Runtime) Build and Test,pull_request,lazerg,User,human,110657445460,yarn test -r=xplat --env=development --variant=false (Shard 1/5),2026-10-02T01:02:29Z,2026-10-02T01:03:31Z,2,actions_linux,0.006,0.012,ubuntu-latest
36948930490,13960,(Runtime) Build and Test,pull_request,lazerg,User,human,110657445473,yarn test -r=xplat --env=development --variant=false (Shard 2/5),2026-10-02T01:02:30Z,2026-10-02T01:03:52Z,2,actions_linux,0.006,0.012,ubuntu-latest
36948930490,13960,(Runtime) Build and Test,pull_request,lazerg,User,human,110657448680,yarn test -r=xplat --env=development --variant=false (Shard 5/5),2026-10-02T01:02:30Z,2026-10-02T01:03:23Z,1,actions_linux,0.006,0.006,ubuntu-latest
36948930490,13960,(Runtime) Build and Test,pull_request,lazerg,User,human,110657448701,yarn test -r=xplat --env=development --variant=true (Shard 1/5),2026-10-02T01:02:29Z,2026-10-02T01:03:50Z,2,actions_linux,0.006,0.012,ubuntu-latest
36948930490,13960,(Runtime) Build and Test,pull_request,lazerg,User,human,110657448713,yarn test -r=xplat --env=production --variant=false (Shard 4/5),2026-10-02T01:02:30Z,2026-10-02T01:03:21Z,1,actions_linux,0.006,0.006,ubuntu-latest
36948930490,13960,(Runtime) Build and Test,pull_request,lazerg,User,human,110657448726,yarn test -r=xplat --env=production --variant=false (Shard 3/5),2026-10-02T01:02:32Z,2026-10-02T01:03:30Z,1,actions_linux,0.006,0.006,ubuntu-latest
36948930490,13960,(Runtime) Build and Test,pull_request,lazerg,User,human,110657448729,yarn test -r=xplat --env=production --variant=false (Shard 1/5),2026-10-02T01:02:30Z,2026-10-02T01:03:39Z,2,actions_linux,0.006,0.012,ubuntu-latest
36948930490,13960,(Runtime) Build and Test,pull_request,lazerg,User,human,110657448733,yarn test -r=xplat --env=production --variant=true (Shard 4/5),2026-10-02T01:02:30Z,2026-10-02T01:03:24Z,1,actions_linux,0.006,0.006,ubuntu-latest
36948930490,13960,(Runtime) Build and Test,pull_request,lazerg,User,human,110657448734,yarn test -r=xplat --env=development --variant=true (Shard 4/5),2026-10-02T01:02:30Z,2026-10-02T01:03:23Z,1,actions_linux,0.006,0.006,ubuntu-latest
36948930490,13960,(Runtime) Build and Test,pull_request,lazerg,User,human,110657448745,yarn test -r=xplat --env=development --variant=true (Shard 2/5),2026-10-02T01:02:30Z,2026-10-02T01:03:33Z,2,actions_linux,0.006,0.012,ubuntu-latest
36948930490,13960,(Runtime) Build and Test,pull_request,lazerg,User,human,110657448750,yarn test -r=xplat --env=production --variant=true (Shard 2/5),2026-10-02T01:02:30Z,2026-10-02T01:03:35Z,2,actions_linux,0.006,0.012,ubuntu-latest
36948930490,13960,(Runtime) Build and Test,pull_request,lazerg,User,human,110657448753,yarn test -r=xplat --env=development --variant=true (Shard 3/5),2026-10-02T01:02:30Z,2026-10-02T01:03:18Z,1,actions_linux,0.006,0.006,ubuntu-latest
36948930490,13960,(Runtime) Build and Test,pull_request,lazerg,User,human,110657448755,yarn test -r=xplat --env=production --variant=true (Shard 5/5),2026-10-02T01:02:30Z,2026-10-02T01:03:10Z,1,actions_linux,0.006,0.006,ubuntu-latest
36948930490,13960,(Runtime) Build and Test,pull_request,lazerg,User,human,110657448764,yarn test -r=xplat --env=production --variant=false (Shard 5/5),2026-10-02T01:02:30Z,2026-10-02T01:03:26Z,1,actions_linux,0.006,0.006,ubuntu-latest
36948930490,13960,(Runtime) Build and Test,pull_request,lazerg,User,human,110657448779,yarn test -r=xplat --env=production --variant=true (Shard 3/5),2026-10-02T01:02:29Z,2026-10-02T01:03:23Z,1,actions_linux,0.006,0.006,ubuntu-latest
36948930490,13960,(Runtime) Build and Test,pull_request,lazerg,User,human,110657448791,yarn test -r=xplat --env=development --variant=true (Shard 5/5),2026-10-02T01:02:30Z,2026-10-02T01:03:31Z,2,actions_linux,0.006,0.012,ubuntu-latest
36948930490,13960,(Runtime) Build and Test,pull_request,lazerg,User,human,110657448792,yarn test -r=stable --env=development --persistent (Shard 5/5),2026-10-02T01:02:30Z,2026-10-02T01:05:49Z,4,actions_linux,0.006,0.024,ubuntu-latest
36948930490,13960,(Runtime) Build and Test,pull_request,lazerg,User,human,110657448796,yarn test -r=xplat --env=production --variant=true (Shard 1/5),2026-10-02T01:02:30Z,2026-10-02T01:03:43Z,2,actions_linux,0.006,0.012,ubuntu-latest
36948930490,13960,(Runtime) Build and Test,pull_request,lazerg,User,human,110657448798,yarn test -r=xplat --env=production --variant=false (Shard 2/5),2026-10-02T01:02:31Z,2026-10-02T01:03:26Z,1,actions_linux,0.006,0.006,ubuntu-latest
36948930490,13960,(Runtime) Build and Test,pull_request,lazerg,User,human,110657448800,yarn test -r=experimental --env=development --persistent (Shard 2/5),2026-10-02T01:02:30Z,2026-10-02T01:04:21Z,2,actions_linux,0.006,0.012,ubuntu-latest
36948930490,13960,(Runtime) Build and Test,pull_request,lazerg,User,human,110657448804,yarn test -r=experimental --env=development --persistent (Shard 1/5),2026-10-02T01:02:30Z,2026-10-02T01:04:15Z,2,actions_linux,0.006,0.012,ubuntu-latest
36948930490,13960,(Runtime) Build and Test,pull_request,lazerg,User,human,110657448812,yarn test -r=stable --env=development --persistent (Shard 4/5),2026-10-02T01:02:30Z,2026-10-02T01:04:18Z,2,actions_linux,0.006,0.012,ubuntu-latest
36948930490,13960,(Runtime) Build and Test,pull_request,lazerg,User,human,110657448823,yarn test -r=stable --env=development --persistent (Shard 2/5),2026-10-02T01:02:29Z,2026-10-02T01:04:10Z,2,actions_linux,0.006,0.012,ubuntu-latest
36948930490,13960,(Runtime) Build and Test,pull_request,lazerg,User,human,110657448835,yarn test -r=experimental --env=development --persistent (Shard 4/5),2026-10-02T01:02:29Z,2026-10-02T01:04:27Z,2,actions_linux,0.006,0.012,ubuntu-latest
36948930490,13960,(Runtime) Build and Test,pull_request,lazerg,User,human,110657448866,yarn test -r=stable --env=development --persistent (Shard 3/5),2026-10-02T01:02:30Z,2026-10-02T01:04:00Z,2,actions_linux,0.006,0.012,ubuntu-latest
36948930490,13960,(Runtime) Build and Test,pull_request,lazerg,User,human,110657448882,yarn test -r=experimental --env=development --persistent (Shard 3/5),2026-10-02T01:02:30Z,2026-10-02T01:03:57Z,2,actions_linux,0.006,0.012,ubuntu-latest
36948930490,13960,(Runtime) Build and Test,pull_request,lazerg,User,human,110657448975,yarn test -r=experimental --env=development --persistent (Shard 5/5),2026-10-02T01:02:30Z,2026-10-02T01:04:41Z,3,actions_linux,0.006,0.018000000000000002,ubuntu-latest
36948930490,13960,(Runtime) Build and Test,pull_request,lazerg,User,human,110657448976,yarn test -r=stable --env=development --persistent (Shard 1/5),2026-10-02T01:02:30Z,2026-10-02T01:04:32Z,3,actions_linux,0.006,0.018000000000000002,ubuntu-latest
36948930490,13960,(Runtime) Build and Test,pull_request,lazerg,User,human,110657497994,"yarn build and lint (1, stable)",2026-10-02T01:02:41Z,2026-10-02T01:04:00Z,2,actions_linux,0.006,0.012,ubuntu-latest
36948930490,13960,(Runtime) Build and Test,pull_request,lazerg,User,human,110657497995,"yarn build and lint (0, stable)",2026-10-02T01:02:41Z,2026-10-02T01:03:51Z,2,actions_linux,0.006,0.012,ubuntu-latest
36948930490,13960,(Runtime) Build and Test,pull_request,lazerg,User,human,110657498020,"yarn build and lint (3, experimental)",2026-10-02T01:02:42Z,2026-10-02T01:03:59Z,2,actions_linux,0.006,0.012,ubuntu-latest
36948930490,13960,(Runtime) Build and Test,pull_request,lazerg,User,human,110657498035,"yarn build and lint (6, experimental)",2026-10-02T01:02:41Z,2026-10-02T01:03:39Z,1,actions_linux,0.006,0.006,ubuntu-latest
36948930490,13960,(Runtime) Build and Test,pull_request,lazerg,User,human,110657498046,"yarn build and lint (0, experimental)",2026-10-02T01:02:41Z,2026-10-02T01:03:53Z,2,actions_linux,0.006,0.012,ubuntu-latest
36948930490,13960,(Runtime) Build and Test,pull_request,lazerg,User,human,110657498048,"yarn build and lint (6, stable)",2026-10-02T01:02:41Z,2026-10-02T01:03:32Z,1,actions_linux,0.006,0.006,ubuntu-latest
36948930490,13960,(Runtime) Build and Test,pull_request,lazerg,User,human,110657498054,"yarn build and lint (7, experimental)",2026-10-02T01:02:41Z,2026-10-02T01:03:52Z,2,actions_linux,0.006,0.012,ubuntu-latest
36948930490,13960,(Runtime) Build and Test,pull_request,lazerg,User,human,110657498057,"yarn build and lint (2, stable)",2026-10-02T01:02:41Z,2026-10-02T01:03:40Z,1,actions_linux,0.006,0.006,ubuntu-latest
36948930490,13960,(Runtime) Build and Test,pull_request,lazerg,User,human,110657498061,"yarn build and lint (9, experimental)",2026-10-02T01:02:41Z,2026-10-02T01:04:21Z,2,actions_linux,0.006,0.012,ubuntu-latest
36948930490,13960,(Runtime) Build and Test,pull_request,lazerg,User,human,110657498062,"yarn build and lint (5, experimental)",2026-10-02T01:02:41Z,2026-10-02T01:03:52Z,2,actions_linux,0.006,0.012,ubuntu-latest
36948930490,13960,(Runtime) Build and Test,pull_request,lazerg,User,human,110657498067,"yarn build and lint (4, experimental)",2026-10-02T01:02:43Z,2026-10-02T01:03:56Z,2,actions_linux,0.006,0.012,ubuntu-latest
36948930490,13960,(Runtime) Build and Test,pull_request,lazerg,User,human,110657498071,"yarn build and lint (5, stable)",2026-10-02T01:02:42Z,2026-10-02T01:04:05Z,2,actions_linux,0.006,0.012,ubuntu-latest
36948930490,13960,(Runtime) Build and Test,pull_request,lazerg,User,human,110657498078,"yarn build and lint (9, stable)",2026-10-02T01:02:41Z,2026-10-02T01:03:47Z,2,actions_linux,0.006,0.012,ubuntu-latest
36948930490,13960,(Runtime) Build and Test,pull_request,lazerg,User,human,110657498086,"yarn build and lint (7, stable)",2026-10-02T01:02:41Z,2026-10-02T01:04:05Z,2,actions_linux,0.006,0.012,ubuntu-latest
36948930490,13960,(Runtime) Build and Test,pull_request,lazerg,User,human,110657498099,"yarn build and lint (8, stable)",2026-10-02T01:02:42Z,2026-10-02T01:04:01Z,2,actions_linux,0.006,0.012,ubuntu-latest
36948930490,13960,(Runtime) Build and Test,pull_request,lazerg,User,human,110657498105,"yarn build and lint (11, experimental)",2026-10-02T01:02:41Z,2026-10-02T01:03:55Z,2,actions_linux,0.006,0.012,ubuntu-latest
36948930490,13960,(Runtime) Build and Test,pull_request,lazerg,User,human,110657498112,"yarn build and lint (12, stable)",2026-10-02T01:02:41Z,2026-10-02T01:03:57Z,2,actions_linux,0.006,0.012,ubuntu-latest
36948930490,13960,(Runtime) Build and Test,pull_request,lazerg,User,human,110657498120,"yarn build and lint (8, experimental)",2026-10-02T01:02:44Z,2026-10-02T01:04:06Z,2,actions_linux,0.006,0.012,ubuntu-latest
36948930490,13960,(Runtime) Build and Test,pull_request,lazerg,User,human,110657498126,"yarn build and lint (3, stable)",2026-10-02T01:02:44Z,2026-10-02T01:04:01Z,2,actions_linux,0.006,0.012,ubuntu-latest
36948930490,13960,(Runtime) Build and Test,pull_request,lazerg,User,human,110657498128,"yarn build and lint (13, stable)",2026-10-02T01:02:40Z,2026-10-02T01:03:40Z,1,actions_linux,0.006,0.006,ubuntu-latest
36948930490,13960,(Runtime) Build and Test,pull_request,lazerg,User,human,110657498137,"yarn build and lint (2, experimental)",2026-10-02T01:02:41Z,2026-10-02T01:03:49Z,2,actions_linux,0.006,0.012,ubuntu-latest
36948930490,13960,(Runtime) Build and Test,pull_request,lazerg,User,human,110657498142,"yarn build and lint (14, stable)",2026-10-02T01:02:41Z,2026-10-02T01:03:54Z,2,actions_linux,0.006,0.012,ubuntu-latest
36948930490,13960,(Runtime) Build and Test,pull_request,lazerg,User,human,110657498143,"yarn build and lint (4, stable)",2026-10-02T01:02:41Z,2026-10-02T01:03:55Z,2,actions_linux,0.006,0.012,ubuntu-latest
36948930490,13960,(Runtime) Build and Test,pull_request,lazerg,User,human,110657498145,"yarn build and lint (1, experimental)",2026-10-02T01:02:41Z,2026-10-02T01:03:55Z,2,actions_linux,0.006,0.012,ubuntu-latest
36948930490,13960,(Runtime) Build and Test,pull_request,lazerg,User,human,110657498147,"yarn build and lint (10, stable)",2026-10-02T01:02:41Z,2026-10-02T01:03:55Z,2,actions_linux,0.006,0.012,ubuntu-latest
36948930490,13960,(Runtime) Build and Test,pull_request,lazerg,User,human,110657498159,"yarn build and lint (10, experimental)",2026-10-02T01:02:42Z,2026-10-02T01:04:04Z,2,actions_linux,0.006,0.012,ubuntu-latest
36948930490,13960,(Runtime) Build and Test,pull_request,lazerg,User,human,110657498161,"yarn build and lint (17, stable)",2026-10-02T01:02:42Z,2026-10-02T01:03:51Z,2,actions_linux,0.006,0.012,ubuntu-latest
36948930490,13960,(Runtime) Build and Test,pull_request,lazerg,User,human,110657498162,"yarn build and lint (11, stable)",2026-10-02T01:02:41Z,2026-10-02T01:03:53Z,2,actions_linux,0.006,0.012,ubuntu-latest
36948930490,13960,(Runtime) Build and Test,pull_request,lazerg,User,human,110657498172,"yarn build and lint (15, experimental)",2026-10-02T01:02:41Z,2026-10-02T01:03:49Z,2,actions_linux,0.006,0.012,ubuntu-latest
36948930490,13960,(Runtime) Build and Test,pull_request,lazerg,User,human,110657498176,"yarn build and lint (18, stable)",2026-10-02T01:02:41Z,2026-10-02T01:03:56Z,2,actions_linux,0.006,0.012,ubuntu-latest
36948930490,13960,(Runtime) Build and Test,pull_request,lazerg,User,human,110657498184,"yarn build and lint (13, experimental)",2026-10-02T01:02:41Z,2026-10-02T01:03:54Z,2,actions_linux,0.006,0.012,ubuntu-latest
36948930490,13960,(Runtime) Build and Test,pull_request,lazerg,User,human,110657498186,"yarn build and lint (16, stable)",2026-10-02T01:02:41Z,2026-10-02T01:03:59Z,2,actions_linux,0.006,0.012,ubuntu-latest
36948930490,13960,(Runtime) Build and Test,pull_request,lazerg,User,human,110657498190,"yarn build and lint (15, stable)",2026-10-02T01:02:41Z,2026-10-02T01:03:45Z,2,actions_linux,0.006,0.012,ubuntu-latest
36948930490,13960,(Runtime) Build and Test,pull_request,lazerg,User,human,110657498196,"yarn build and lint (19, stable)",2026-10-02T01:02:41Z,2026-10-02T01:04:05Z,2,actions_linux,0.006,0.012,ubuntu-latest
36948930490,13960,(Runtime) Build and Test,pull_request,lazerg,User,human,110657498201,"yarn build and lint (18, experimental)",2026-10-02T01:02:41Z,2026-10-02T01:03:55Z,2,actions_linux,0.006,0.012,ubuntu-latest
36948930490,13960,(Runtime) Build and Test,pull_request,lazerg,User,human,110657498211,"yarn build and lint (17, experimental)",2026-10-02T01:02:41Z,2026-10-02T01:03:52Z,2,actions_linux,0.006,0.012,ubuntu-latest
36948930490,13960,(Runtime) Build and Test,pull_request,lazerg,User,human,110657498214,"yarn build and lint (21, stable)",2026-10-02T01:02:41Z,2026-10-02T01:03:52Z,2,actions_linux,0.006,0.012,ubuntu-latest
36948930490,13960,(Runtime) Build and Test,pull_request,lazerg,User,human,110657498216,"yarn build and lint (16, experimental)",2026-10-02T01:02:41Z,2026-10-02T01:04:06Z,2,actions_linux,0.006,0.012,ubuntu-latest
36948930490,13960,(Runtime) Build and Test,pull_request,lazerg,User,human,110657498224,"yarn build and lint (12, experimental)",2026-10-02T01:02:44Z,2026-10-02T01:04:07Z,2,actions_linux,0.006,0.012,ubuntu-latest
36948930490,13960,(Runtime) Build and Test,pull_request,lazerg,User,human,110657498226,"yarn build and lint (20, experimental)",2026-10-02T01:02:43Z,2026-10-02T01:04:00Z,2,actions_linux,0.006,0.012,ubuntu-latest
36948930490,13960,(Runtime) Build and Test,pull_request,lazerg,User,human,110657498246,"yarn build and lint (21, experimental)",2026-10-02T01:02:44Z,2026-10-02T01:04:01Z,2,actions_linux,0.006,0.012,ubuntu-latest
36948930490,13960,(Runtime) Build and Test,pull_request,lazerg,User,human,110657498247,"yarn build and lint (23, experimental)",2026-10-02T01:02:43Z,2026-10-02T01:04:00Z,2,actions_linux,0.006,0.012,ubuntu-latest
36948930490,13960,(Runtime) Build and Test,pull_request,lazerg,User,human,110657498248,"yarn build and lint (24, experimental)",2026-10-02T01:02:44Z,2026-10-02T01:03:47Z,2,actions_linux,0.006,0.012,ubuntu-latest
36948930490,13960,(Runtime) Build and Test,pull_request,lazerg,User,human,110657498250,"yarn build and lint (14, experimental)",2026-10-02T01:02:41Z,2026-10-02T01:03:55Z,2,actions_linux,0.006,0.012,ubuntu-latest
36948930490,13960,(Runtime) Build and Test,pull_request,lazerg,User,human,110657498277,"yarn build and lint (20, stable)",2026-10-02T01:02:41Z,2026-10-02T01:04:03Z,2,actions_linux,0.006,0.012,ubuntu-latest
36948930490,13960,(Runtime) Build and Test,pull_request,lazerg,User,human,110657498291,"yarn build and lint (19, experimental)",2026-10-02T01:02:41Z,2026-10-02T01:03:48Z,2,actions_linux,0.006,0.012,ubuntu-latest
36948930490,13960,(Runtime) Build and Test,pull_request,lazerg,User,human,110657498317,"yarn build and lint (22, experimental)",2026-10-02T01:02:43Z,2026-10-02T01:03:55Z,2,actions_linux,0.006,0.012,ubuntu-latest
36948930490,13960,(Runtime) Build and Test,pull_request,lazerg,User,human,110657498329,"yarn build and lint (23, stable)",2026-10-02T01:02:43Z,2026-10-02T01:03:55Z,2,actions_linux,0.006,0.012,ubuntu-latest
36948930490,13960,(Runtime) Build and Test,pull_request,lazerg,User,human,110657498331,"yarn build and lint (22, stable)",2026-10-02T01:02:44Z,2026-10-02T01:04:03Z,2,actions_linux,0.006,0.012,ubuntu-latest
36948930490,13960,(Runtime) Build and Test,pull_request,lazerg,User,human,110657498390,"yarn build and lint (24, stable)",2026-10-02T01:02:44Z,2026-10-02T01:04:01Z,2,actions_linux,0.006,0.012,ubuntu-latest
36948930490,13960,(Runtime) Build and Test,pull_request,lazerg,User,human,110657964563,Check fixtures DOM (stable),2026-10-02T01:04:30Z,2026-10-02T01:04:44Z,1,actions_linux,0.006,0.006,ubuntu-latest
36948930490,13960,(Runtime) Build and Test,pull_request,lazerg,User,human,110657964573,Search build artifacts for unminified errors,2026-10-02T01:04:30Z,2026-10-02T01:04:54Z,1,actions_linux,0.006,0.006,ubuntu-latest
36948930490,13960,(Runtime) Build and Test,pull_request,lazerg,User,human,110657964593,Run fixtures Flight tests,2026-10-02T01:04:30Z,2026-10-02T01:05:24Z,1,actions_linux,0.006,0.006,ubuntu-latest
36948930490,13960,(Runtime) Build and Test,pull_request,lazerg,User,human,110657964594,Check release dependencies,2026-10-02T01:04:30Z,2026-10-02T01:04:49Z,1,actions_linux,0.006,0.006,ubuntu-latest
36948930490,13960,(Runtime) Build and Test,pull_request,lazerg,User,human,110657964599,Run react-devtools-cdt-mcp e2e tests,2026-10-02T01:04:30Z,2026-10-02T01:05:23Z,1,actions_linux,0.006,0.006,ubuntu-latest
36948930490,13960,(Runtime) Build and Test,pull_request,lazerg,User,human,110657964601,Process artifacts combined,2026-10-02T01:04:30Z,2026-10-02T01:04:57Z,1,actions_linux,0.006,0.006,ubuntu-latest
36948930490,13960,(Runtime) Build and Test,pull_request,lazerg,User,human,110657964643,Run sizebot,2026-10-02T01:04:30Z,2026-10-02T01:05:21Z,1,actions_linux,0.006,0.006,ubuntu-latest
36948930490,13960,(Runtime) Build and Test,pull_request,lazerg,User,human,110657964669,yarn test-build (devtools) (1/5),2026-10-02T01:04:30Z,2026-10-02T01:04:59Z,1,actions_linux,0.006,0.006,ubuntu-latest
36948930490,13960,(Runtime) Build and Test,pull_request,lazerg,User,human,110657964683,Run React DevTools browser extension e2e tests,2026-10-02T01:04:30Z,2026-10-02T01:05:29Z,1,actions_linux,0.006,0.006,ubuntu-latest
36948930490,13960,(Runtime) Build and Test,pull_request,lazerg,User,human,110657964708,yarn test-build (devtools) (2/5),2026-10-02T01:04:31Z,2026-10-02T01:05:06Z,1,actions_linux,0.006,0.006,ubuntu-latest
36948930490,13960,(Runtime) Build and Test,pull_request,lazerg,User,human,110657964712,yarn test-build (devtools) (5/5),2026-10-02T01:04:30Z,2026-10-02T01:05:10Z,1,actions_linux,0.006,0.006,ubuntu-latest
36948930490,13960,(Runtime) Build and Test,pull_request,lazerg,User,human,110657964721,yarn test-build (devtools) (3/5),2026-10-02T01:04:30Z,2026-10-02T01:05:02Z,1,actions_linux,0.006,0.006,ubuntu-latest
36948930490,13960,(Runtime) Build and Test,pull_request,lazerg,User,human,110657964751,Build DevTools and process artifacts (edge),2026-10-02T01:04:30Z,2026-10-02T01:05:15Z,1,actions_linux,0.006,0.006,ubuntu-latest
36948930490,13960,(Runtime) Build and Test,pull_request,lazerg,User,human,110657964753,Build DevTools and process artifacts (firefox),2026-10-02T01:04:30Z,2026-10-02T01:05:08Z,1,actions_linux,0.006,0.006,ubuntu-latest
36948930490,13960,(Runtime) Build and Test,pull_request,lazerg,User,human,110657964788,Build DevTools and process artifacts (chrome),2026-10-02T01:04:30Z,2026-10-02T01:05:23Z,1,actions_linux,0.006,0.006,ubuntu-latest
36948930490,13960,(Runtime) Build and Test,pull_request,lazerg,User,human,110657964838,yarn test-build (devtools) (4/5),2026-10-02T01:04:30Z,2026-10-02T01:05:25Z,1,actions_linux,0.006,0.006,ubuntu-latest
36948930490,13960,(Runtime) Build and Test,pull_request,lazerg,User,human,110657965705,"yarn test-build (-r=stable --env=development, 2/10)",2026-10-02T01:04:30Z,2026-10-02T01:06:32Z,3,actions_linux,0.006,0.018000000000000002,ubuntu-latest
36948930490,13960,(Runtime) Build and Test,pull_request,lazerg,User,human,110657965710,"yarn test-build (-r=stable --env=development, 1/10)",2026-10-02T01:04:32Z,2026-10-02T01:06:08Z,2,actions_linux,0.006,0.012,ubuntu-latest
36948930490,13960,(Runtime) Build and Test,pull_request,lazerg,User,human,110657965720,"yarn test-build (-r=stable --env=development, 4/10)",2026-10-02T01:04:30Z,2026-10-02T01:05:24Z,1,actions_linux,0.006,0.006,ubuntu-latest
36948930490,13960,(Runtime) Build and Test,pull_request,lazerg,User,human,110657965729,"yarn test-build (-r=stable --env=development, 6/10)",2026-10-02T01:04:30Z,2026-10-02T01:05:26Z,1,actions_linux,0.006,0.006,ubuntu-latest
36948930490,13960,(Runtime) Build and Test,pull_request,lazerg,User,human,110657965734,"yarn test-build (-r=stable --env=production, 1/10)",2026-10-02T01:04:30Z,2026-10-02T01:05:37Z,2,actions_linux,0.006,0.012,ubuntu-latest
36948930490,13960,(Runtime) Build and Test,pull_request,lazerg,User,human,110657965749,"yarn test-build (-r=stable --env=production, 6/10)",2026-10-02T01:04:30Z,2026-10-02T01:05:20Z,1,actions_linux,0.006,0.006,ubuntu-latest
36948930490,13960,(Runtime) Build and Test,pull_request,lazerg,User,human,110657965753,"yarn test-build (-r=stable --env=development, 3/10)",2026-10-02T01:04:30Z,2026-10-02T01:05:31Z,2,actions_linux,0.006,0.012,ubuntu-latest
36948930490,13960,(Runtime) Build and Test,pull_request,lazerg,User,human,110657965755,"yarn test-build (-r=stable --env=development, 8/10)",2026-10-02T01:04:30Z,2026-10-02T01:05:27Z,1,actions_linux,0.006,0.006,ubuntu-latest
36948930490,13960,(Runtime) Build and Test,pull_request,lazerg,User,human,110657965758,"yarn test-build (-r=stable --env=production, 2/10)",2026-10-02T01:04:30Z,2026-10-02T01:06:14Z,2,actions_linux,0.006,0.012,ubuntu-latest
36948930490,13960,(Runtime) Build and Test,pull_request,lazerg,User,human,110657965768,"yarn test-build (-r=stable --env=production, 3/10)",2026-10-02T01:04:30Z,2026-10-02T01:05:18Z,1,actions_linux,0.006,0.006,ubuntu-latest
36948930490,13960,(Runtime) Build and Test,pull_request,lazerg,User,human,110657965776,"yarn test-build (-r=stable --env=production, 10/10)",2026-10-02T01:04:30Z,2026-10-02T01:05:06Z,1,actions_linux,0.006,0.006,ubuntu-latest
36948930490,13960,(Runtime) Build and Test,pull_request,lazerg,User,human,110657965777,"yarn test-build (-r=stable --env=development, 7/10)",2026-10-02T01:04:30Z,2026-10-02T01:05:24Z,1,actions_linux,0.006,0.006,ubuntu-latest
36948930490,13960,(Runtime) Build and Test,pull_request,lazerg,User,human,110657965779,"yarn test-build (-r=experimental --env=development, 2/10)",2026-10-02T01:04:30Z,2026-10-02T01:06:30Z,2,actions_linux,0.006,0.012,ubuntu-latest
36948930490,13960,(Runtime) Build and Test,pull_request,lazerg,User,human,110657965783,"yarn test-build (-r=stable --env=production, 8/10)",2026-10-02T01:04:30Z,2026-10-02T01:05:26Z,1,actions_linux,0.006,0.006,ubuntu-latest
36948930490,13960,(Runtime) Build and Test,pull_request,lazerg,User,human,110657965787,"yarn test-build (-r=experimental --env=development, 4/10)",2026-10-02T01:04:30Z,2026-10-02T01:05:28Z,1,actions_linux,0.006,0.006,ubuntu-latest
36948930490,13960,(Runtime) Build and Test,pull_request,lazerg,User,human,110657965798,"yarn test-build (-r=experimental --env=development, 7/10)",2026-10-02T01:04:30Z,2026-10-02T01:05:26Z,1,actions_linux,0.006,0.006,ubuntu-latest
36948930490,13960,(Runtime) Build and Test,pull_request,lazerg,User,human,110657965800,"yarn test-build (-r=stable --env=development, 10/10)",2026-10-02T01:04:31Z,2026-10-02T01:05:21Z,1,actions_linux,0.006,0.006,ubuntu-latest
36948930490,13960,(Runtime) Build and Test,pull_request,lazerg,User,human,110657965806,"yarn test-build (-r=experimental --env=development, 8/10)",2026-10-02T01:04:30Z,2026-10-02T01:05:27Z,1,actions_linux,0.006,0.006,ubuntu-latest
36948930490,13960,(Runtime) Build and Test,pull_request,lazerg,User,human,110657965813,"yarn test-build (-r=stable --env=development, 5/10)",2026-10-02T01:04:32Z,2026-10-02T01:05:21Z,1,actions_linux,0.006,0.006,ubuntu-latest
36948930490,13960,(Runtime) Build and Test,pull_request,lazerg,User,human,110657965816,"yarn test-build (-r=stable --env=production, 7/10)",2026-10-02T01:04:31Z,2026-10-02T01:05:24Z,1,actions_linux,0.006,0.006,ubuntu-latest
36948930490,13960,(Runtime) Build and Test,pull_request,lazerg,User,human,110657965821,"yarn test-build (-r=stable --env=production, 9/10)",2026-10-02T01:04:31Z,2026-10-02T01:05:19Z,1,actions_linux,0.006,0.006,ubuntu-latest
36948930490,13960,(Runtime) Build and Test,pull_request,lazerg,User,human,110657965827,"yarn test-build (-r=experimental --env=development, 9/10)",2026-10-02T01:04:30Z,2026-10-02T01:05:26Z,1,actions_linux,0.006,0.006,ubuntu-latest
36948930490,13960,(Runtime) Build and Test,pull_request,lazerg,User,human,110657965829,"yarn test-build (-r=experimental --env=development, 10/10)",2026-10-02T01:04:31Z,2026-10-02T01:05:28Z,1,actions_linux,0.006,0.006,ubuntu-latest
36948930490,13960,(Runtime) Build and Test,pull_request,lazerg,User,human,110657965834,"yarn test-build (-r=stable --env=development, 9/10)",2026-10-02T01:04:31Z,2026-10-02T01:05:22Z,1,actions_linux,0.006,0.006,ubuntu-latest
36948930490,13960,(Runtime) Build and Test,pull_request,lazerg,User,human,110657965835,"yarn test-build (-r=stable --env=production, 5/10)",2026-10-02T01:04:30Z,2026-10-02T01:05:15Z,1,actions_linux,0.006,0.006,ubuntu-latest
36948930490,13960,(Runtime) Build and Test,pull_request,lazerg,User,human,110657965844,"yarn test-build (-r=experimental --env=production, 3/10)",2026-10-02T01:04:30Z,2026-10-02T01:05:28Z,1,actions_linux,0.006,0.006,ubuntu-latest
36948930490,13960,(Runtime) Build and Test,pull_request,lazerg,User,human,110657965850,"yarn test-build (-r=experimental --env=production, 8/10)",2026-10-02T01:04:30Z,2026-10-02T01:05:21Z,1,actions_linux,0.006,0.006,ubuntu-latest
36948930490,13960,(Runtime) Build and Test,pull_request,lazerg,User,human,110657965857,"yarn test-build (-r=experimental --env=development, 5/10)",2026-10-02T01:04:31Z,2026-10-02T01:05:20Z,1,actions_linux,0.006,0.006,ubuntu-latest
36948930490,13960,(Runtime) Build and Test,pull_request,lazerg,User,human,110657965858,"yarn test-build (-r=stable --env=production, 4/10)",2026-10-02T01:04:32Z,2026-10-02T01:05:18Z,1,actions_linux,0.006,0.006,ubuntu-latest
36948930490,13960,(Runtime) Build and Test,pull_request,lazerg,User,human,110657965873,"yarn test-build (-r=experimental --env=production, 4/10)",2026-10-02T01:04:30Z,2026-10-02T01:05:06Z,1,actions_linux,0.006,0.006,ubuntu-latest
36948930490,13960,(Runtime) Build and Test,pull_request,lazerg,User,human,110657965877,"yarn test-build (-r=experimental --env=development, 1/10)",2026-10-02T01:04:30Z,2026-10-02T01:05:37Z,2,actions_linux,0.006,0.012,ubuntu-latest
36948930490,13960,(Runtime) Build and Test,pull_request,lazerg,User,human,110657965878,"yarn test-build (-r=experimental --env=production, 5/10)",2026-10-02T01:04:30Z,2026-10-02T01:05:16Z,1,actions_linux,0.006,0.006,ubuntu-latest
36948930490,13960,(Runtime) Build and Test,pull_request,lazerg,User,human,110657965880,"yarn test-build (-r=experimental --env=production, 2/10)",2026-10-02T01:04:31Z,2026-10-02T01:06:23Z,2,actions_linux,0.006,0.012,ubuntu-latest
36948930490,13960,(Runtime) Build and Test,pull_request,lazerg,User,human,110657965884,"yarn test-build (-r=experimental --env=production, 1/10)",2026-10-02T01:04:30Z,2026-10-02T01:06:04Z,2,actions_linux,0.006,0.012,ubuntu-latest
36948930490,13960,(Runtime) Build and Test,pull_request,lazerg,User,human,110657965890,"yarn test-build (-r=experimental --env=development, 6/10)",2026-10-02T01:04:30Z,2026-10-02T01:05:41Z,2,actions_linux,0.006,0.012,ubuntu-latest
36948930490,13960,(Runtime) Build and Test,pull_request,lazerg,User,human,110657965892,"yarn test-build (-r=experimental --env=production, 10/10)",2026-10-02T01:04:30Z,2026-10-02T01:05:23Z,1,actions_linux,0.006,0.006,ubuntu-latest
36948930490,13960,(Runtime) Build and Test,pull_request,lazerg,User,human,110657965914,"yarn test-build (-r=experimental --env=production, 6/10)",2026-10-02T01:04:30Z,2026-10-02T01:05:11Z,1,actions_linux,0.006,0.006,ubuntu-latest
36948930490,13960,(Runtime) Build and Test,pull_request,lazerg,User,human,110657965915,"yarn test-build (-r=experimental --env=production, 7/10)",2026-10-02T01:04:32Z,2026-10-02T01:05:22Z,1,actions_linux,0.006,0.006,ubuntu-latest
36948930490,13960,(Runtime) Build and Test,pull_request,lazerg,User,human,110657965924,"yarn test-build (-r=experimental --env=development, 3/10)",2026-10-02T01:04:32Z,2026-10-02T01:05:33Z,2,actions_linux,0.006,0.012,ubuntu-latest
36948930490,13960,(Runtime) Build and Test,pull_request,lazerg,User,human,110657965958,"yarn test-build (-r=experimental --env=production, 9/10)",2026-10-02T01:04:32Z,2026-10-02T01:05:23Z,1,actions_linux,0.006,0.006,ubuntu-latest
36948930490,13960,(Runtime) Build and Test,pull_request,lazerg,User,human,110658234444,Merge DevTools artifacts,2026-10-02T01:05:28Z,2026-10-02T01:05:34Z,1,actions_linux,0.006,0.006,ubuntu-latest
36948930428,10338,(Runtime) ESLint Plugin E2E,pull_request,lazerg,User,human,110657282416,ESLint v6,2026-10-02T01:01:52Z,2026-10-02T01:03:05Z,2,actions_linux,0.006,0.012,ubuntu-latest
36948930428,10338,(Runtime) ESLint Plugin E2E,pull_request,lazerg,User,human,110657282578,ESLint v10,2026-10-02T01:01:52Z,2026-10-02T01:03:22Z,2,actions_linux,0.006,0.012,ubuntu-latest
36948930428,10338,(Runtime) ESLint Plugin E2E,pull_request,lazerg,User,human,110657282595,ESLint v8,2026-10-02T01:01:52Z,2026-10-02T01:03:33Z,2,actions_linux,0.006,0.012,ubuntu-latest
36948930428,10338,(Runtime) ESLint Plugin E2E,pull_request,lazerg,User,human,110657282662,ESLint v9,2026-10-02T01:01:52Z,2026-10-02T01:03:04Z,2,actions_linux,0.006,0.012,ubuntu-latest
36948930428,10338,(Runtime) ESLint Plugin E2E,pull_request,lazerg,User,human,110657282725,ESLint v7,2026-10-02T01:01:53Z,2026-10-02T01:03:11Z,2,actions_linux,0.006,0.012,ubuntu-latest
36947629144,21720,(Runtime) Fuzz tests,schedule,poteto,User,human,110653206793,test_fuzz,2026-10-02T00:46:06Z,2026-10-02T00:47:09Z,2,actions_linux,0.006,0.012,ubuntu-latest
36946900902,19169,(Shared) Manage stale issues and PRs,schedule,poteto,User,human,110650990653,stale,2026-10-02T00:37:23Z,2026-10-02T00:37:43Z,1,actions_linux,0.006,0.006,ubuntu-latest
36946132791,1259,(Runtime) Sizebot Comment,workflow_run,woahwhattheheck,User,human,110648576352,Comment with size changes,2026-10-02T00:28:14Z,2026-10-02T00:28:25Z,1,actions_linux,0.006,0.006,ubuntu-latest
36946130391,5141,(Shared) Label Core Team PRs,pull_request_target,woahwhattheheck,User,human,110648569718,check_access,2026-10-02T00:28:14Z,2026-10-02T00:28:17Z,1,actions_linux,0.006,0.006,ubuntu-latest
36946130391,5141,(Shared) Label Core Team PRs,pull_request_target,woahwhattheheck,User,human,110648621357,check_maintainer,2026-10-02T00:28:17Z,2026-10-02T00:28:17Z,1,actions_linux,0.006,0.006,
36946130391,5141,(Shared) Label Core Team PRs,pull_request_target,woahwhattheheck,User,human,110648622042,label,2026-10-02T00:28:17Z,2026-10-02T00:28:17Z,1,actions_linux,0.006,0.006,ubuntu-latest
36946130374,2928,(Runtime) Discord Notify,pull_request_target,woahwhattheheck,User,human,110648569512,check_access,2026-10-02T00:28:15Z,2026-10-02T00:28:19Z,1,actions_linux,0.006,0.006,ubuntu-latest
36946130374,2928,(Runtime) Discord Notify,pull_request_target,woahwhattheheck,User,human,110648630773,check_maintainer,2026-10-02T00:28:19Z,2026-10-02T00:28:19Z,1,actions_linux,0.006,0.006,
36946130374,2928,(Runtime) Discord Notify,pull_request_target,woahwhattheheck,User,human,110648631526,notify,2026-10-02T00:28:20Z,2026-10-02T00:28:19Z,1,actions_linux,0.006,0.006,ubuntu-latest
36944247654,813,(DevTools) Regression Tests,schedule,eps1lon,User,human,110642533376,Download base build,2026-10-02T00:05:59Z,2026-10-02T00:06:40Z,1,actions_linux,0.006,0.006,ubuntu-latest
36944247654,813,(DevTools) Regression Tests,schedule,eps1lon,User,human,110642771489,Build DevTools and process artifacts,2026-10-02T00:06:48Z,2026-10-02T00:08:03Z,2,actions_linux,0.006,0.012,ubuntu-latest
36944247654,813,(DevTools) Regression Tests,schedule,eps1lon,User,human,110643151531,Run DevTools e2e tests for versions (16.8),2026-10-02T00:08:09Z,2026-10-02T00:11:05Z,3,actions_linux,0.006,0.018000000000000002,ubuntu-latest
36944247654,813,(DevTools) Regression Tests,schedule,eps1lon,User,human,110643151555,Run DevTools e2e tests for versions (17.0),2026-10-02T00:08:09Z,2026-10-02T00:09:59Z,2,actions_linux,0.006,0.012,ubuntu-latest
36944247654,813,(DevTools) Regression Tests,schedule,eps1lon,User,human,110643151579,Run DevTools tests for versions (16.8),2026-10-02T00:08:09Z,2026-10-02T00:08:45Z,1,actions_linux,0.006,0.006,ubuntu-latest
36944247654,813,(DevTools) Regression Tests,schedule,eps1lon,User,human,110643151588,Run DevTools tests for versions (16.0),2026-10-02T00:08:09Z,2026-10-02T00:08:56Z,1,actions_linux,0.006,0.006,ubuntu-latest
36944247654,813,(DevTools) Regression Tests,schedule,eps1lon,User,human,110643151590,Run DevTools tests for versions (17.0),2026-10-02T00:08:10Z,2026-10-02T00:08:55Z,1,actions_linux,0.006,0.006,ubuntu-latest
36944247654,813,(DevTools) Regression Tests,schedule,eps1lon,User,human,110643151597,Run DevTools e2e tests for versions (18.0),2026-10-02T00:08:09Z,2026-10-02T00:10:59Z,3,actions_linux,0.006,0.018000000000000002,ubuntu-latest
36944247654,813,(DevTools) Regression Tests,schedule,eps1lon,User,human,110643151598,Run DevTools e2e tests for versions (16.5),2026-10-02T00:08:11Z,2026-10-02T00:10:15Z,3,actions_linux,0.006,0.018000000000000002,ubuntu-latest
36944247654,813,(DevTools) Regression Tests,schedule,eps1lon,User,human,110643151617,Run DevTools tests for versions (18.2),2026-10-02T00:08:09Z,2026-10-02T00:08:55Z,1,actions_linux,0.006,0.006,ubuntu-latest
36944247654,813,(DevTools) Regression Tests,schedule,eps1lon,User,human,110643151619,Run DevTools e2e tests for versions (16.0),2026-10-02T00:08:09Z,2026-10-02T00:10:24Z,3,actions_linux,0.006,0.018000000000000002,ubuntu-latest
36944247654,813,(DevTools) Regression Tests,schedule,eps1lon,User,human,110643151636,Run DevTools tests for versions (16.5),2026-10-02T00:08:09Z,2026-10-02T00:08:42Z,1,actions_linux,0.006,0.006,ubuntu-latest
36944247654,813,(DevTools) Regression Tests,schedule,eps1lon,User,human,110643151653,Run DevTools tests for versions (18.0),2026-10-02T00:08:10Z,2026-10-02T00:09:10Z,1,actions_linux,0.006,0.006,ubuntu-latest
36943783503,2210,(Shared) Cleanup Stale Branch Caches,schedule,poteto,User,human,110641081880,cleanup,2026-10-02T00:00:48Z,2026-10-02T00:00:52Z,1,actions_linux,0.006,0.006,ubuntu-latest
36939620009,21719,(Runtime) Fuzz tests,schedule,poteto,User,human,110627817889,test_fuzz,2026-10-01T23:13:36Z,2026-10-01T23:14:59Z,2,actions_linux,0.006,0.012,ubuntu-latest
36939373558,19168,(Shared) Manage stale issues and PRs,schedule,poteto,User,human,110627034798,stale,2026-10-01T23:11:00Z,2026-10-01T23:11:17Z,1,actions_linux,0.006,0.006,ubuntu-latest
36933866129,21718,(Runtime) Fuzz tests,schedule,poteto,User,human,110609405590,test_fuzz,2026-10-01T22:14:58Z,2026-10-01T22:16:12Z,2,actions_linux,0.006,0.012,ubuntu-latest
36933560793,19167,(Shared) Manage stale issues and PRs,schedule,poteto,User,human,110608409299,stale,2026-10-01T22:11:57Z,2026-10-01T22:12:19Z,1,actions_linux,0.006,0.006,ubuntu-latest
36927373751,21717,(Runtime) Fuzz tests,schedule,poteto,User,human,110587923914,test_fuzz,2026-10-01T21:15:09Z,2026-10-01T21:16:26Z,2,actions_linux,0.006,0.012,ubuntu-latest
36927023186,19166,(Shared) Manage stale issues and PRs,schedule,poteto,User,human,110586759421,stale,2026-10-01T21:12:04Z,2026-10-01T21:12:25Z,1,actions_linux,0.006,0.006,ubuntu-latest
36920543717,21716,(Runtime) Fuzz tests,schedule,poteto,User,human,110565202236,test_fuzz,2026-10-01T20:18:44Z,2026-10-01T20:19:49Z,2,actions_linux,0.006,0.012,ubuntu-latest
36920097585,19165,(Shared) Manage stale issues and PRs,schedule,poteto,User,human,110563700410,stale,2026-10-01T20:14:28Z,2026-10-01T20:14:48Z,1,actions_linux,0.006,0.006,ubuntu-latest
36912786060,21715,(Runtime) Fuzz tests,schedule,poteto,User,human,110539311001,test_fuzz,2026-10-01T19:14:26Z,2026-10-01T19:15:30Z,2,actions_linux,0.006,0.012,ubuntu-latest
36912431051,19164,(Shared) Manage stale issues and PRs,schedule,poteto,User,human,110538109150,stale,2026-10-01T19:11:35Z,2026-10-01T19:11:57Z,1,actions_linux,0.006,0.006,ubuntu-latest
36906312915,21714,(Runtime) Fuzz tests,schedule,poteto,User,human,110517628227,test_fuzz,2026-10-01T18:22:26Z,2026-10-01T18:23:40Z,2,actions_linux,0.006,0.012,ubuntu-latest
36905762690,19163,(Shared) Manage stale issues and PRs,schedule,poteto,User,human,110515775563,stale,2026-10-01T18:18:37Z,2026-10-01T18:19:02Z,1,actions_linux,0.006,0.006,ubuntu-latest
36904445473,1258,(Runtime) Sizebot Comment,workflow_run,GregoryCollett,User,human,110511341329,Comment with size changes,2026-10-01T18:07:22Z,2026-10-01T18:07:35Z,1,actions_linux,0.006,0.006,ubuntu-latest
36903573676,2209,(Shared) Cleanup Stale Branch Caches,schedule,poteto,User,human,110508418014,cleanup,2026-10-01T18:00:27Z,2026-10-01T18:00:38Z,1,actions_linux,0.006,0.006,ubuntu-latest
36900105919,1257,(Runtime) Sizebot Comment,workflow_run,dnicolson,User,human,110496847330,Comment with size changes,2026-10-01T17:32:36Z,2026-10-01T17:32:49Z,1,actions_linux,0.006,0.006,ubuntu-latest
36899655708,1256,(Runtime) Sizebot Comment,workflow_run,GregoryCollett,User,human,110495344907,Comment with size changes,2026-10-01T17:28:49Z,2026-10-01T17:28:59Z,1,actions_linux,0.006,0.006,ubuntu-latest
36899650781,2927,(Runtime) Discord Notify,pull_request_target,GregoryCollett,User,human,110495331321,check_access,2026-10-01T17:28:38Z,2026-10-01T17:28:38Z,1,actions_linux,0.006,0.006,ubuntu-latest
36899650781,2927,(Runtime) Discord Notify,pull_request_target,GregoryCollett,User,human,110495332358,notify,2026-10-01T17:28:38Z,2026-10-01T17:28:38Z,1,actions_linux,0.006,0.006,ubuntu-latest
36899650781,2927,(Runtime) Discord Notify,pull_request_target,GregoryCollett,User,human,110495333136,check_maintainer,2026-10-01T17:28:39Z,2026-10-01T17:28:38Z,1,actions_linux,0.006,0.006,
36899650731,5140,(Shared) Label Core Team PRs,pull_request_target,GregoryCollett,User,human,110495328616,check_access,2026-10-01T17:28:49Z,2026-10-01T17:28:53Z,1,actions_linux,0.006,0.006,ubuntu-latest
36899650731,5140,(Shared) Label Core Team PRs,pull_request_target,GregoryCollett,User,human,110495435340,check_maintainer,2026-10-01T17:28:53Z,2026-10-01T17:28:53Z,1,actions_linux,0.006,0.006,
36899650731,5140,(Shared) Label Core Team PRs,pull_request_target,GregoryCollett,User,human,110495436124,label,2026-10-01T17:28:53Z,2026-10-01T17:28:53Z,1,actions_linux,0.006,0.006,ubuntu-latest
36897954178,21713,(Runtime) Fuzz tests,schedule,poteto,User,human,110489618920,test_fuzz,2026-10-01T17:15:14Z,2026-10-01T17:16:36Z,2,actions_linux,0.006,0.012,ubuntu-latest
36897570316,19162,(Shared) Manage stale issues and PRs,schedule,poteto,User,human,110488307406,stale,2026-10-01T17:11:48Z,2026-10-01T17:12:41Z,1,actions_linux,0.006,0.006,ubuntu-latest
36891848889,562,(Compiler) Publish Prereleases Nightly,schedule,poteto,User,human,110469137232,Publish to Experimental channel / Publish prelease (experimental) 7c6ac13e19fef500b7f669a16bbd01ecc95965ca @experimental,2026-10-01T16:25:28Z,2026-10-01T16:26:07Z,1,actions_linux,0.006,0.006,ubuntu-latest
36891814261,120,(Runtime) Release From CI,schedule,eps1lon,User,human,110469025441,Resolve release inputs,2026-10-01T16:25:09Z,2026-10-01T16:25:11Z,1,actions_linux,0.006,0.006,ubuntu-latest
36891814261,120,(Runtime) Release From CI,schedule,eps1lon,User,human,110469027649,Notify Discord (release starting),2026-10-01T16:24:59Z,2026-10-01T16:24:59Z,1,actions_linux,0.006,0.006,ubuntu-latest
36891814261,120,(Runtime) Release From CI,schedule,eps1lon,User,human,110469115529,Publish release,2026-10-01T16:25:27Z,2026-10-01T16:26:11Z,1,actions_linux,0.006,0.006,ubuntu-latest
36891814261,120,(Runtime) Release From CI,schedule,eps1lon,User,human,110469545397,Notify Discord on failure,2026-10-01T16:26:12Z,2026-10-01T16:26:11Z,1,actions_linux,0.006,0.006,ubuntu-latest
36890871414,21712,(Runtime) Fuzz tests,schedule,poteto,User,human,110465859376,test_fuzz,2026-10-01T16:17:39Z,2026-10-01T16:18:43Z,2,actions_linux,0.006,0.012,ubuntu-latest
36890426009,19161,(Shared) Manage stale issues and PRs,schedule,poteto,User,human,110464365740,stale,2026-10-01T16:14:05Z,2026-10-01T16:14:24Z,1,actions_linux,0.006,0.006,ubuntu-latest
36886590475,960,npm_and_yarn in /fixtures/flight-esm for brace-expansion - Update #1603066585,dynamic,dependabot[bot],Bot,bot,110451367947,Dependabot,2026-10-01T15:44:25Z,2026-10-01T15:45:14Z,1,actions_linux,0.006,0.006,ubuntu-latest
36886590447,959,npm_and_yarn in /. for brace-expansion - Update #1603066598,dynamic,dependabot[bot],Bot,bot,110451366883,Dependabot,2026-10-01T15:44:23Z,2026-10-01T15:45:35Z,2,actions_linux,0.006,0.012,ubuntu-latest
36883435051,958,npm_and_yarn in /fixtures/flight-esm for brace-expansion - Update #1603020897,dynamic,dependabot[bot],Bot,bot,110440684087,Dependabot,2026-10-01T15:20:26Z,2026-10-01T15:21:13Z,1,actions_linux,0.006,0.006,ubuntu-latest
36882973602,21711,(Runtime) Fuzz tests,schedule,poteto,User,human,110439128052,test_fuzz,2026-10-01T15:16:54Z,2026-10-01T15:17:59Z,2,actions_linux,0.006,0.012,ubuntu-latest
36882562559,19160,(Shared) Manage stale issues and PRs,schedule,poteto,User,human,110437730251,stale,2026-10-01T15:13:45Z,2026-10-01T15:14:04Z,1,actions_linux,0.006,0.006,ubuntu-latest
36882536724,1255,(Runtime) Sizebot Comment,workflow_run,dependabot[bot],Bot,bot,110437642226,Comment with size changes,2026-10-01T15:13:31Z,2026-10-01T15:13:44Z,1,actions_linux,0.006,0.006,ubuntu-latest
36881875001,1254,(Runtime) Sizebot Comment,workflow_run,dependabot[bot],Bot,bot,110435412112,Comment with size changes,2026-10-01T15:08:42Z,2026-10-01T15:08:53Z,1,actions_linux,0.006,0.006,ubuntu-latest
36881870147,13956,(Runtime) Build and Test,pull_request,dependabot[bot],Bot,bot,110435384809,Discover flow inline configs,2026-10-01T15:08:43Z,2026-10-01T15:08:49Z,1,actions_linux,0.006,0.006,ubuntu-latest
36881870147,13956,(Runtime) Build and Test,pull_request,dependabot[bot],Bot,bot,110435385132,Resolve build shard weights,2026-10-01T15:08:42Z,2026-10-01T15:08:48Z,1,actions_linux,0.006,0.006,ubuntu-latest
36881870147,13956,(Runtime) Build and Test,pull_request,dependabot[bot],Bot,bot,110435385300,"Cache Runtime, Compiler node_modules",2026-10-01T15:08:41Z,2026-10-01T15:09:09Z,1,actions_linux,0.006,0.006,ubuntu-latest
36881870147,13956,(Runtime) Build and Test,pull_request,dependabot[bot],Bot,bot,110435385308,Cache Runtime node_modules,2026-10-01T15:08:43Z,2026-10-01T15:09:02Z,1,actions_linux,0.006,0.006,ubuntu-latest
36881870147,13956,(Runtime) Build and Test,pull_request,dependabot[bot],Bot,bot,110435716135,Confirm generated inline Fizz runtime is up to date,2026-10-01T15:09:12Z,2026-10-01T15:10:04Z,1,actions_linux,0.006,0.006,ubuntu-latest
36881870147,13956,(Runtime) Build and Test,pull_request,dependabot[bot],Bot,bot,110435716148,Check flags,2026-10-01T15:09:12Z,2026-10-01T15:09:35Z,1,actions_linux,0.006,0.006,ubuntu-latest
36881870147,13956,(Runtime) Build and Test,pull_request,dependabot[bot],Bot,bot,110435716244,Cache Runtime Playwright Chromium,2026-10-01T15:09:12Z,2026-10-01T15:09:35Z,1,actions_linux,0.006,0.006,ubuntu-latest
36881870147,13956,(Runtime) Build and Test,pull_request,dependabot[bot],Bot,bot,110435717040,Flow check dom-browser-turbopack,2026-10-01T15:09:14Z,2026-10-01T15:11:01Z,2,actions_linux,0.006,0.012,ubuntu-latest
36881870147,13956,(Runtime) Build and Test,pull_request,dependabot[bot],Bot,bot,110435717069,Flow check dom-edge-parcel,2026-10-01T15:09:12Z,2026-10-01T15:10:55Z,2,actions_linux,0.006,0.012,ubuntu-latest
36881870147,13956,(Runtime) Build and Test,pull_request,dependabot[bot],Bot,bot,110435717092,Flow check dom-node-parcel,2026-10-01T15:09:12Z,2026-10-01T15:10:31Z,2,actions_linux,0.006,0.012,ubuntu-latest
36881870147,13956,(Runtime) Build and Test,pull_request,dependabot[bot],Bot,bot,110435717095,Flow check dom-browser-fb,2026-10-01T15:09:12Z,2026-10-01T15:10:54Z,2,actions_linux,0.006,0.012,ubuntu-latest
36881870147,13956,(Runtime) Build and Test,pull_request,dependabot[bot],Bot,bot,110435717096,Flow check dom-browser-esm,2026-10-01T15:09:11Z,2026-10-01T15:10:49Z,2,actions_linux,0.006,0.012,ubuntu-latest
36881870147,13956,(Runtime) Build and Test,pull_request,dependabot[bot],Bot,bot,110435717130,Flow check dom-node-turbopack,2026-10-01T15:09:12Z,2026-10-01T15:10:56Z,2,actions_linux,0.006,0.012,ubuntu-latest
36881870147,13956,(Runtime) Build and Test,pull_request,dependabot[bot],Bot,bot,110435717134,Flow check test,2026-10-01T15:09:13Z,2026-10-01T15:11:05Z,2,actions_linux,0.006,0.012,ubuntu-latest
36881870147,13956,(Runtime) Build and Test,pull_request,dependabot[bot],Bot,bot,110435717143,Flow check dom-edge-turbopack,2026-10-01T15:09:11Z,2026-10-01T15:10:53Z,2,actions_linux,0.006,0.012,ubuntu-latest
36881870147,13956,(Runtime) Build and Test,pull_request,dependabot[bot],Bot,bot,110435717147,Flow check dom-browser-parcel,2026-10-01T15:09:11Z,2026-10-01T15:10:48Z,2,actions_linux,0.006,0.012,ubuntu-latest
36881870147,13956,(Runtime) Build and Test,pull_request,dependabot[bot],Bot,bot,110435717196,Flow check dom-node,2026-10-01T15:09:12Z,2026-10-01T15:10:47Z,2,actions_linux,0.006,0.012,ubuntu-latest
36881870147,13956,(Runtime) Build and Test,pull_request,dependabot[bot],Bot,bot,110435717208,Flow check fabric,2026-10-01T15:09:12Z,2026-10-01T15:11:08Z,2,actions_linux,0.006,0.012,ubuntu-latest
36881870147,13956,(Runtime) Build and Test,pull_request,dependabot[bot],Bot,bot,110435717210,Flow check dom-bun,2026-10-01T15:09:12Z,2026-10-01T15:10:38Z,2,actions_linux,0.006,0.012,ubuntu-latest
36881870147,13956,(Runtime) Build and Test,pull_request,dependabot[bot],Bot,bot,110435717222,Flow check dom-node-fb,2026-10-01T15:09:13Z,2026-10-01T15:10:51Z,2,actions_linux,0.006,0.012,ubuntu-latest
36881870147,13956,(Runtime) Build and Test,pull_request,dependabot[bot],Bot,bot,110435717224,Flow check markup,2026-10-01T15:09:13Z,2026-10-01T15:10:24Z,2,actions_linux,0.006,0.012,ubuntu-latest
36881870147,13956,(Runtime) Build and Test,pull_request,dependabot[bot],Bot,bot,110435717271,Flow check custom,2026-10-01T15:09:12Z,2026-10-01T15:11:05Z,2,actions_linux,0.006,0.012,ubuntu-latest
36881870147,13956,(Runtime) Build and Test,pull_request,dependabot[bot],Bot,bot,110435717280,Flow check dom-node-esm,2026-10-01T15:09:12Z,2026-10-01T15:10:52Z,2,actions_linux,0.006,0.012,ubuntu-latest
36881870147,13956,(Runtime) Build and Test,pull_request,dependabot[bot],Bot,bot,110435717289,Flow check dom-legacy,2026-10-01T15:09:12Z,2026-10-01T15:11:04Z,2,actions_linux,0.006,0.012,ubuntu-latest
36881870147,13956,(Runtime) Build and Test,pull_request,dependabot[bot],Bot,bot,110435717304,Flow check dom-browser,2026-10-01T15:09:12Z,2026-10-01T15:11:02Z,2,actions_linux,0.006,0.012,ubuntu-latest
36881870147,13956,(Runtime) Build and Test,pull_request,dependabot[bot],Bot,bot,110435717319,Flow check art,2026-10-01T15:09:12Z,2026-10-01T15:09:33Z,1,actions_linux,0.006,0.006,ubuntu-latest
36881870147,13956,(Runtime) Build and Test,pull_request,dependabot[bot],Bot,bot,110435717322,Flow check dom-edge-webpack,2026-10-01T15:09:12Z,2026-10-01T15:10:22Z,2,actions_linux,0.006,0.012,ubuntu-latest
36881870147,13956,(Runtime) Build and Test,pull_request,dependabot[bot],Bot,bot,110435717339,Flow check dom-fb,2026-10-01T15:09:12Z,2026-10-01T15:10:40Z,2,actions_linux,0.006,0.012,ubuntu-latest
36881870147,13956,(Runtime) Build and Test,pull_request,dependabot[bot],Bot,bot,110435717341,Flow check dom-node-webpack,2026-10-01T15:09:12Z,2026-10-01T15:10:19Z,2,actions_linux,0.006,0.012,ubuntu-latest
36881870147,13956,(Runtime) Build and Test,pull_request,dependabot[bot],Bot,bot,110435717400,Flow check noop,2026-10-01T15:09:13Z,2026-10-01T15:10:53Z,2,actions_linux,0.006,0.012,ubuntu-latest
36881870147,13956,(Runtime) Build and Test,pull_request,dependabot[bot],Bot,bot,110435717430,Flow check dom-node-unbundled,2026-10-01T15:09:13Z,2026-10-01T15:10:17Z,2,actions_linux,0.006,0.012,ubuntu-latest
36881870147,13956,(Runtime) Build and Test,pull_request,dependabot[bot],Bot,bot,110435766903,Test eslint-plugin-react-hooks,2026-10-01T15:09:22Z,2026-10-01T15:10:32Z,2,actions_linux,0.006,0.012,ubuntu-latest
36881870147,13956,(Runtime) Build and Test,pull_request,dependabot[bot],Bot,bot,110435768920,"yarn build and lint (1, experimental)",2026-10-01T15:09:21Z,2026-10-01T15:10:37Z,2,actions_linux,0.006,0.012,ubuntu-latest
36881870147,13956,(Runtime) Build and Test,pull_request,dependabot[bot],Bot,bot,110435768929,"yarn build and lint (0, experimental)",2026-10-01T15:09:21Z,2026-10-01T15:10:36Z,2,actions_linux,0.006,0.012,ubuntu-latest
36881870147,13956,(Runtime) Build and Test,pull_request,dependabot[bot],Bot,bot,110435769030,"yarn build and lint (6, experimental)",2026-10-01T15:09:21Z,2026-10-01T15:10:32Z,2,actions_linux,0.006,0.012,ubuntu-latest
36881870147,13956,(Runtime) Build and Test,pull_request,dependabot[bot],Bot,bot,110435769036,"yarn build and lint (2, experimental)",2026-10-01T15:09:21Z,2026-10-01T15:10:43Z,2,actions_linux,0.006,0.012,ubuntu-latest
36881870147,13956,(Runtime) Build and Test,pull_request,dependabot[bot],Bot,bot,110435769057,"yarn build and lint (3, experimental)",2026-10-01T15:09:22Z,2026-10-01T15:10:37Z,2,actions_linux,0.006,0.012,ubuntu-latest
36881870147,13956,(Runtime) Build and Test,pull_request,dependabot[bot],Bot,bot,110435769059,"yarn build and lint (10, stable)",2026-10-01T15:09:20Z,2026-10-01T15:10:35Z,2,actions_linux,0.006,0.012,ubuntu-latest
36881870147,13956,(Runtime) Build and Test,pull_request,dependabot[bot],Bot,bot,110435769085,"yarn build and lint (2, stable)",2026-10-01T15:09:20Z,2026-10-01T15:10:32Z,2,actions_linux,0.006,0.012,ubuntu-latest
36881870147,13956,(Runtime) Build and Test,pull_request,dependabot[bot],Bot,bot,110435769095,"yarn build and lint (0, stable)",2026-10-01T15:09:20Z,2026-10-01T15:10:35Z,2,actions_linux,0.006,0.012,ubuntu-latest
36881870147,13956,(Runtime) Build and Test,pull_request,dependabot[bot],Bot,bot,110435769112,"yarn build and lint (9, stable)",2026-10-01T15:09:20Z,2026-10-01T15:10:36Z,2,actions_linux,0.006,0.012,ubuntu-latest
36881870147,13956,(Runtime) Build and Test,pull_request,dependabot[bot],Bot,bot,110435769122,"yarn build and lint (7, experimental)",2026-10-01T15:09:19Z,2026-10-01T15:10:28Z,2,actions_linux,0.006,0.012,ubuntu-latest
36881870147,13956,(Runtime) Build and Test,pull_request,dependabot[bot],Bot,bot,110435769139,"yarn build and lint (15, experimental)",2026-10-01T15:09:20Z,2026-10-01T15:10:39Z,2,actions_linux,0.006,0.012,ubuntu-latest
36881870147,13956,(Runtime) Build and Test,pull_request,dependabot[bot],Bot,bot,110435769145,"yarn build and lint (1, stable)",2026-10-01T15:09:22Z,2026-10-01T15:10:48Z,2,actions_linux,0.006,0.012,ubuntu-latest
36881870147,13956,(Runtime) Build and Test,pull_request,dependabot[bot],Bot,bot,110435769157,"yarn build and lint (4, experimental)",2026-10-01T15:09:19Z,2026-10-01T15:10:36Z,2,actions_linux,0.006,0.012,ubuntu-latest
36881870147,13956,(Runtime) Build and Test,pull_request,dependabot[bot],Bot,bot,110435769176,"yarn build and lint (7, stable)",2026-10-01T15:09:34Z,2026-10-01T15:10:57Z,2,actions_linux,0.006,0.012,ubuntu-latest
36881870147,13956,(Runtime) Build and Test,pull_request,dependabot[bot],Bot,bot,110435769178,"yarn build and lint (5, experimental)",2026-10-01T15:09:22Z,2026-10-01T15:10:45Z,2,actions_linux,0.006,0.012,ubuntu-latest
36881870147,13956,(Runtime) Build and Test,pull_request,dependabot[bot],Bot,bot,110435769193,"yarn build and lint (11, stable)",2026-10-01T15:09:19Z,2026-10-01T15:10:39Z,2,actions_linux,0.006,0.012,ubuntu-latest
36881870147,13956,(Runtime) Build and Test,pull_request,dependabot[bot],Bot,bot,110435769194,"yarn build and lint (4, stable)",2026-10-01T15:09:20Z,2026-10-01T15:10:41Z,2,actions_linux,0.006,0.012,ubuntu-latest
36881870147,13956,(Runtime) Build and Test,pull_request,dependabot[bot],Bot,bot,110435769222,"yarn build and lint (14, experimental)",2026-10-01T15:09:19Z,2026-10-01T15:10:58Z,2,actions_linux,0.006,0.012,ubuntu-latest
36881870147,13956,(Runtime) Build and Test,pull_request,dependabot[bot],Bot,bot,110435769225,"yarn build and lint (18, stable)",2026-10-01T15:09:20Z,2026-10-01T15:10:37Z,2,actions_linux,0.006,0.012,ubuntu-latest
36881870147,13956,(Runtime) Build and Test,pull_request,dependabot[bot],Bot,bot,110435769239,"yarn build and lint (11, experimental)",2026-10-01T15:09:19Z,2026-10-01T15:10:37Z,2,actions_linux,0.006,0.012,ubuntu-latest
36881870147,13956,(Runtime) Build and Test,pull_request,dependabot[bot],Bot,bot,110435769241,"yarn build and lint (10, experimental)",2026-10-01T15:09:20Z,2026-10-01T15:10:41Z,2,actions_linux,0.006,0.012,ubuntu-latest
36881870147,13956,(Runtime) Build and Test,pull_request,dependabot[bot],Bot,bot,110435769249,"yarn build and lint (20, experimental)",2026-10-01T15:09:20Z,2026-10-01T15:10:38Z,2,actions_linux,0.006,0.012,ubuntu-latest
36881870147,13956,(Runtime) Build and Test,pull_request,dependabot[bot],Bot,bot,110435769263,"yarn build and lint (17, stable)",2026-10-01T15:09:21Z,2026-10-01T15:10:47Z,2,actions_linux,0.006,0.012,ubuntu-latest
36881870147,13956,(Runtime) Build and Test,pull_request,dependabot[bot],Bot,bot,110435769271,"yarn build and lint (22, experimental)",2026-10-01T15:09:19Z,2026-10-01T15:10:36Z,2,actions_linux,0.006,0.012,ubuntu-latest
36881870147,13956,(Runtime) Build and Test,pull_request,dependabot[bot],Bot,bot,110435769272,"yarn build and lint (18, experimental)",2026-10-01T15:09:20Z,2026-10-01T15:10:44Z,2,actions_linux,0.006,0.012,ubuntu-latest
36881870147,13956,(Runtime) Build and Test,pull_request,dependabot[bot],Bot,bot,110435769275,"yarn build and lint (12, experimental)",2026-10-01T15:09:20Z,2026-10-01T15:10:51Z,2,actions_linux,0.006,0.012,ubuntu-latest
36881870147,13956,(Runtime) Build and Test,pull_request,dependabot[bot],Bot,bot,110435769276,"yarn build and lint (5, stable)",2026-10-01T15:09:19Z,2026-10-01T15:10:31Z,2,actions_linux,0.006,0.012,ubuntu-latest
36881870147,13956,(Runtime) Build and Test,pull_request,dependabot[bot],Bot,bot,110435769278,"yarn build and lint (12, stable)",2026-10-01T15:09:22Z,2026-10-01T15:10:54Z,2,actions_linux,0.006,0.012,ubuntu-latest
36881870147,13956,(Runtime) Build and Test,pull_request,dependabot[bot],Bot,bot,110435769283,"yarn build and lint (14, stable)",2026-10-01T15:09:21Z,2026-10-01T15:10:34Z,2,actions_linux,0.006,0.012,ubuntu-latest
36881870147,13956,(Runtime) Build and Test,pull_request,dependabot[bot],Bot,bot,110435769285,"yarn build and lint (13, stable)",2026-10-01T15:09:19Z,2026-10-01T15:10:35Z,2,actions_linux,0.006,0.012,ubuntu-latest
36881870147,13956,(Runtime) Build and Test,pull_request,dependabot[bot],Bot,bot,110435769287,"yarn build and lint (3, stable)",2026-10-01T15:09:20Z,2026-10-01T15:10:55Z,2,actions_linux,0.006,0.012,ubuntu-latest
36881870147,13956,(Runtime) Build and Test,pull_request,dependabot[bot],Bot,bot,110435769298,"yarn build and lint (15, stable)",2026-10-01T15:09:21Z,2026-10-01T15:10:40Z,2,actions_linux,0.006,0.012,ubuntu-latest
36881870147,13956,(Runtime) Build and Test,pull_request,dependabot[bot],Bot,bot,110435769299,"yarn build and lint (24, experimental)",2026-10-01T15:09:20Z,2026-10-01T15:10:36Z,2,actions_linux,0.006,0.012,ubuntu-latest
36881870147,13956,(Runtime) Build and Test,pull_request,dependabot[bot],Bot,bot,110435769301,"yarn build and lint (8, stable)",2026-10-01T15:09:20Z,2026-10-01T15:10:39Z,2,actions_linux,0.006,0.012,ubuntu-latest
36881870147,13956,(Runtime) Build and Test,pull_request,dependabot[bot],Bot,bot,110435769302,"yarn build and lint (8, experimental)",2026-10-01T15:09:22Z,2026-10-01T15:10:41Z,2,actions_linux,0.006,0.012,ubuntu-latest
36881870147,13956,(Runtime) Build and Test,pull_request,dependabot[bot],Bot,bot,110435769303,"yarn build and lint (24, stable)",2026-10-01T15:09:20Z,2026-10-01T15:10:31Z,2,actions_linux,0.006,0.012,ubuntu-latest
36881870147,13956,(Runtime) Build and Test,pull_request,dependabot[bot],Bot,bot,110435769324,"yarn build and lint (20, stable)",2026-10-01T15:09:21Z,2026-10-01T15:10:38Z,2,actions_linux,0.006,0.012,ubuntu-latest
36881870147,13956,(Runtime) Build and Test,pull_request,dependabot[bot],Bot,bot,110435769332,"yarn build and lint (16, stable)",2026-10-01T15:09:19Z,2026-10-01T15:10:27Z,2,actions_linux,0.006,0.012,ubuntu-latest
36881870147,13956,(Runtime) Build and Test,pull_request,dependabot[bot],Bot,bot,110435769339,"yarn build and lint (9, experimental)",2026-10-01T15:09:22Z,2026-10-01T15:10:48Z,2,actions_linux,0.006,0.012,ubuntu-latest
36881870147,13956,(Runtime) Build and Test,pull_request,dependabot[bot],Bot,bot,110435769345,"yarn build and lint (17, experimental)",2026-10-01T15:09:20Z,2026-10-01T15:10:42Z,2,actions_linux,0.006,0.012,ubuntu-latest
36881870147,13956,(Runtime) Build and Test,pull_request,dependabot[bot],Bot,bot,110435769349,"yarn build and lint (16, experimental)",2026-10-01T15:09:20Z,2026-10-01T15:10:37Z,2,actions_linux,0.006,0.012,ubuntu-latest
36881870147,13956,(Runtime) Build and Test,pull_request,dependabot[bot],Bot,bot,110435769390,"yarn build and lint (21, stable)",2026-10-01T15:09:21Z,2026-10-01T15:10:29Z,2,actions_linux,0.006,0.012,ubuntu-latest
36881870147,13956,(Runtime) Build and Test,pull_request,dependabot[bot],Bot,bot,110435769417,"yarn build and lint (19, stable)",2026-10-01T15:09:22Z,2026-10-01T15:10:31Z,2,actions_linux,0.006,0.012,ubuntu-latest
36881870147,13956,(Runtime) Build and Test,pull_request,dependabot[bot],Bot,bot,110435769457,"yarn build and lint (13, experimental)",2026-10-01T15:09:19Z,2026-10-01T15:10:44Z,2,actions_linux,0.006,0.012,ubuntu-latest
36881870147,13956,(Runtime) Build and Test,pull_request,dependabot[bot],Bot,bot,110435769470,"yarn build and lint (22, stable)",2026-10-01T15:09:21Z,2026-10-01T15:10:31Z,2,actions_linux,0.006,0.012,ubuntu-latest
36881870147,13956,(Runtime) Build and Test,pull_request,dependabot[bot],Bot,bot,110435769499,"yarn build and lint (23, experimental)",2026-10-01T15:09:20Z,2026-10-01T15:10:36Z,2,actions_linux,0.006,0.012,ubuntu-latest
36881870147,13956,(Runtime) Build and Test,pull_request,dependabot[bot],Bot,bot,110435769504,"yarn build and lint (19, experimental)",2026-10-01T15:09:21Z,2026-10-01T15:10:38Z,2,actions_linux,0.006,0.012,ubuntu-latest
36881870147,13956,(Runtime) Build and Test,pull_request,dependabot[bot],Bot,bot,110435769557,"yarn build and lint (6, stable)",2026-10-01T15:09:21Z,2026-10-01T15:10:29Z,2,actions_linux,0.006,0.012,ubuntu-latest
36881870147,13956,(Runtime) Build and Test,pull_request,dependabot[bot],Bot,bot,110435769626,"yarn build and lint (21, experimental)",2026-10-01T15:09:20Z,2026-10-01T15:10:34Z,2,actions_linux,0.006,0.012,ubuntu-latest
36881870147,13956,(Runtime) Build and Test,pull_request,dependabot[bot],Bot,bot,110435769976,"yarn build and lint (23, stable)",2026-10-01T15:09:20Z,2026-10-01T15:10:35Z,2,actions_linux,0.006,0.012,ubuntu-latest
36881870147,13956,(Runtime) Build and Test,pull_request,dependabot[bot],Bot,bot,110435771156,yarn test -r=stable --env=development (Shard 1/5),2026-10-01T15:09:22Z,2026-10-01T15:11:21Z,2,actions_linux,0.006,0.012,ubuntu-latest
36881870147,13956,(Runtime) Build and Test,pull_request,dependabot[bot],Bot,bot,110435771194,yarn test -r=stable --env=production (Shard 1/5),2026-10-01T15:09:20Z,2026-10-01T15:11:18Z,2,actions_linux,0.006,0.012,ubuntu-latest
36881870147,13956,(Runtime) Build and Test,pull_request,dependabot[bot],Bot,bot,110435771196,yarn test -r=stable --env=development (Shard 3/5),2026-10-01T15:09:20Z,2026-10-01T15:10:31Z,2,actions_linux,0.006,0.012,ubuntu-latest
36881870147,13956,(Runtime) Build and Test,pull_request,dependabot[bot],Bot,bot,110435771228,yarn test -r=stable --env=development (Shard 4/5),2026-10-01T15:09:21Z,2026-10-01T15:12:01Z,3,actions_linux,0.006,0.018000000000000002,ubuntu-latest
36881870147,13956,(Runtime) Build and Test,pull_request,dependabot[bot],Bot,bot,110435771253,yarn test -r=stable --env=production (Shard 4/5),2026-10-01T15:09:20Z,2026-10-01T15:11:47Z,3,actions_linux,0.006,0.018000000000000002,ubuntu-latest
36881870147,13956,(Runtime) Build and Test,pull_request,dependabot[bot],Bot,bot,110435771317,yarn test -r=experimental --env=development (Shard 2/5),2026-10-01T15:09:20Z,2026-10-01T15:11:31Z,3,actions_linux,0.006,0.018000000000000002,ubuntu-latest
36881870147,13956,(Runtime) Build and Test,pull_request,dependabot[bot],Bot,bot,110435771351,yarn test -r=experimental --env=development (Shard 4/5),2026-10-01T15:09:21Z,2026-10-01T15:12:04Z,3,actions_linux,0.006,0.018000000000000002,ubuntu-latest
36881870147,13956,(Runtime) Build and Test,pull_request,dependabot[bot],Bot,bot,110435771375,yarn test -r=stable --env=development (Shard 2/5),2026-10-01T15:09:20Z,2026-10-01T15:11:39Z,3,actions_linux,0.006,0.018000000000000002,ubuntu-latest
36881870147,13956,(Runtime) Build and Test,pull_request,dependabot[bot],Bot,bot,110435771381,yarn test -r=experimental --env=development (Shard 1/5),2026-10-01T15:09:20Z,2026-10-01T15:11:09Z,2,actions_linux,0.006,0.012,ubuntu-latest
36881870147,13956,(Runtime) Build and Test,pull_request,dependabot[bot],Bot,bot,110435771382,yarn test -r=experimental --env=production (Shard 2/5),2026-10-01T15:09:22Z,2026-10-01T15:11:26Z,3,actions_linux,0.006,0.018000000000000002,ubuntu-latest
36881870147,13956,(Runtime) Build and Test,pull_request,dependabot[bot],Bot,bot,110435771386,yarn test -r=experimental --env=production (Shard 4/5),2026-10-01T15:09:20Z,2026-10-01T15:12:08Z,3,actions_linux,0.006,0.018000000000000002,ubuntu-latest
36881870147,13956,(Runtime) Build and Test,pull_request,dependabot[bot],Bot,bot,110435771410,yarn test -r=experimental --env=production (Shard 3/5),2026-10-01T15:09:20Z,2026-10-01T15:10:31Z,2,actions_linux,0.006,0.012,ubuntu-latest
36881870147,13956,(Runtime) Build and Test,pull_request,dependabot[bot],Bot,bot,110435771424,yarn test -r=stable --env=development (Shard 5/5),2026-10-01T15:09:19Z,2026-10-01T15:11:52Z,3,actions_linux,0.006,0.018000000000000002,ubuntu-latest
36881870147,13956,(Runtime) Build and Test,pull_request,dependabot[bot],Bot,bot,110435771438,yarn test -r=experimental --env=production (Shard 1/5),2026-10-01T15:09:19Z,2026-10-01T15:11:19Z,2,actions_linux,0.006,0.012,ubuntu-latest
36881870147,13956,(Runtime) Build and Test,pull_request,dependabot[bot],Bot,bot,110435771447,yarn test -r=experimental --env=production (Shard 5/5),2026-10-01T15:09:22Z,2026-10-01T15:11:49Z,3,actions_linux,0.006,0.018000000000000002,ubuntu-latest
36881870147,13956,(Runtime) Build and Test,pull_request,dependabot[bot],Bot,bot,110435771448,yarn test -r=www-classic --env=development --variant=false (Shard 2/5),2026-10-01T15:09:20Z,2026-10-01T15:11:33Z,3,actions_linux,0.006,0.018000000000000002,ubuntu-latest
36881870147,13956,(Runtime) Build and Test,pull_request,dependabot[bot],Bot,bot,110435771469,yarn test -r=stable --env=production (Shard 5/5),2026-10-01T15:09:22Z,2026-10-01T15:11:20Z,2,actions_linux,0.006,0.012,ubuntu-latest
36881870147,13956,(Runtime) Build and Test,pull_request,dependabot[bot],Bot,bot,110435771471,yarn test -r=www-classic --env=development --variant=false (Shard 4/5),2026-10-01T15:09:20Z,2026-10-01T15:11:11Z,2,actions_linux,0.006,0.012,ubuntu-latest
36881870147,13956,(Runtime) Build and Test,pull_request,dependabot[bot],Bot,bot,110435771495,yarn test -r=stable --env=production (Shard 3/5),2026-10-01T15:09:20Z,2026-10-01T15:11:09Z,2,actions_linux,0.006,0.012,ubuntu-latest
36881870147,13956,(Runtime) Build and Test,pull_request,dependabot[bot],Bot,bot,110435771502,yarn test -r=www-classic --env=development --variant=false (Shard 5/5),2026-10-01T15:09:19Z,2026-10-01T15:11:44Z,3,actions_linux,0.006,0.018000000000000002,ubuntu-latest
36881870147,13956,(Runtime) Build and Test,pull_request,dependabot[bot],Bot,bot,110435771511,yarn test -r=experimental --env=development (Shard 5/5),2026-10-01T15:09:20Z,2026-10-01T15:11:26Z,3,actions_linux,0.006,0.018000000000000002,ubuntu-latest
36881870147,13956,(Runtime) Build and Test,pull_request,dependabot[bot],Bot,bot,110435771512,yarn test -r=www-classic --env=development --variant=false (Shard 3/5),2026-10-01T15:09:20Z,2026-10-01T15:11:28Z,3,actions_linux,0.006,0.018000000000000002,ubuntu-latest
36881870147,13956,(Runtime) Build and Test,pull_request,dependabot[bot],Bot,bot,110435771516,yarn test -r=www-classic --env=production --variant=false (Shard 4/5),2026-10-01T15:09:19Z,2026-10-01T15:11:52Z,3,actions_linux,0.006,0.018000000000000002,ubuntu-latest
36881870147,13956,(Runtime) Build and Test,pull_request,dependabot[bot],Bot,bot,110435771557,yarn test -r=stable --env=production (Shard 2/5),2026-10-01T15:09:21Z,2026-10-01T15:11:29Z,3,actions_linux,0.006,0.018000000000000002,ubuntu-latest
36881870147,13956,(Runtime) Build and Test,pull_request,dependabot[bot],Bot,bot,110435771573,yarn test -r=www-classic --env=production --variant=false (Shard 1/5),2026-10-01T15:09:22Z,2026-10-01T15:11:22Z,2,actions_linux,0.006,0.012,ubuntu-latest
36881870147,13956,(Runtime) Build and Test,pull_request,dependabot[bot],Bot,bot,110435771598,yarn test -r=experimental --env=development (Shard 3/5),2026-10-01T15:09:20Z,2026-10-01T15:11:08Z,2,actions_linux,0.006,0.012,ubuntu-latest
36881870147,13956,(Runtime) Build and Test,pull_request,dependabot[bot],Bot,bot,110435771642,yarn test -r=www-classic --env=production --variant=false (Shard 2/5),2026-10-01T15:09:20Z,2026-10-01T15:11:51Z,3,actions_linux,0.006,0.018000000000000002,ubuntu-latest
36881870147,13956,(Runtime) Build and Test,pull_request,dependabot[bot],Bot,bot,110435771657,yarn test -r=www-classic --env=production --variant=true (Shard 1/5),2026-10-01T15:09:19Z,2026-10-01T15:11:23Z,3,actions_linux,0.006,0.018000000000000002,ubuntu-latest
36881870147,13956,(Runtime) Build and Test,pull_request,dependabot[bot],Bot,bot,110435771705,yarn test -r=www-classic --env=development --variant=false (Shard 1/5),2026-10-01T15:09:22Z,2026-10-01T15:11:29Z,3,actions_linux,0.006,0.018000000000000002,ubuntu-latest
36881870147,13956,(Runtime) Build and Test,pull_request,dependabot[bot],Bot,bot,110435771719,yarn test -r=www-classic --env=production --variant=true (Shard 2/5),2026-10-01T15:09:20Z,2026-10-01T15:11:30Z,3,actions_linux,0.006,0.018000000000000002,ubuntu-latest
36881870147,13956,(Runtime) Build and Test,pull_request,dependabot[bot],Bot,bot,110435771746,yarn test -r=www-classic --env=production --variant=true (Shard 5/5),2026-10-01T15:09:21Z,2026-10-01T15:11:34Z,3,actions_linux,0.006,0.018000000000000002,ubuntu-latest
36881870147,13956,(Runtime) Build and Test,pull_request,dependabot[bot],Bot,bot,110435771753,yarn test -r=www-classic --env=development --variant=true (Shard 2/5),2026-10-01T15:09:19Z,2026-10-01T15:11:12Z,2,actions_linux,0.006,0.012,ubuntu-latest
36881870147,13956,(Runtime) Build and Test,pull_request,dependabot[bot],Bot,bot,110435771817,yarn test -r=www-classic --env=development --variant=true (Shard 1/5),2026-10-01T15:09:21Z,2026-10-01T15:11:09Z,2,actions_linux,0.006,0.012,ubuntu-latest
36881870147,13956,(Runtime) Build and Test,pull_request,dependabot[bot],Bot,bot,110435771829,yarn test -r=www-classic --env=production --variant=false (Shard 3/5),2026-10-01T15:09:21Z,2026-10-01T15:11:22Z,3,actions_linux,0.006,0.018000000000000002,ubuntu-latest
36881870147,13956,(Runtime) Build and Test,pull_request,dependabot[bot],Bot,bot,110435771841,yarn test -r=www-classic --env=production --variant=true (Shard 4/5),2026-10-01T15:09:20Z,2026-10-01T15:11:52Z,3,actions_linux,0.006,0.018000000000000002,ubuntu-latest
36881870147,13956,(Runtime) Build and Test,pull_request,dependabot[bot],Bot,bot,110435771842,yarn test -r=www-classic --env=production --variant=false (Shard 5/5),2026-10-01T15:09:21Z,2026-10-01T15:11:40Z,3,actions_linux,0.006,0.018000000000000002,ubuntu-latest
36881870147,13956,(Runtime) Build and Test,pull_request,dependabot[bot],Bot,bot,110435771859,yarn test -r=www-classic --env=development --variant=true (Shard 5/5),2026-10-01T15:09:21Z,2026-10-01T15:12:07Z,3,actions_linux,0.006,0.018000000000000002,ubuntu-latest
36881870147,13956,(Runtime) Build and Test,pull_request,dependabot[bot],Bot,bot,110435771885,yarn test -r=www-classic --env=development --variant=true (Shard 3/5),2026-10-01T15:09:21Z,2026-10-01T15:10:44Z,2,actions_linux,0.006,0.012,ubuntu-latest
36881870147,13956,(Runtime) Build and Test,pull_request,dependabot[bot],Bot,bot,110435771894,yarn test -r=www-classic --env=production --variant=true (Shard 3/5),2026-10-01T15:09:20Z,2026-10-01T15:11:12Z,2,actions_linux,0.006,0.012,ubuntu-latest
36881870147,13956,(Runtime) Build and Test,pull_request,dependabot[bot],Bot,bot,110435771932,yarn test -r=www-modern --env=development --variant=false (Shard 2/5),2026-10-01T15:09:20Z,2026-10-01T15:11:42Z,3,actions_linux,0.006,0.018000000000000002,ubuntu-latest
36881870147,13956,(Runtime) Build and Test,pull_request,dependabot[bot],Bot,bot,110435771938,yarn test -r=www-modern --env=production --variant=false (Shard 2/5),2026-10-01T15:09:22Z,2026-10-01T15:11:39Z,3,actions_linux,0.006,0.018000000000000002,ubuntu-latest
36881870147,13956,(Runtime) Build and Test,pull_request,dependabot[bot],Bot,bot,110435771951,yarn test -r=www-modern --env=development --variant=false (Shard 4/5),2026-10-01T15:09:23Z,2026-10-01T15:12:28Z,4,actions_linux,0.006,0.024,ubuntu-latest
36881870147,13956,(Runtime) Build and Test,pull_request,dependabot[bot],Bot,bot,110435771979,yarn test -r=www-modern --env=development --variant=false (Shard 5/5),2026-10-01T15:09:19Z,2026-10-01T15:12:01Z,3,actions_linux,0.006,0.018000000000000002,ubuntu-latest
36881870147,13956,(Runtime) Build and Test,pull_request,dependabot[bot],Bot,bot,110435771985,yarn test -r=www-modern --env=development --variant=true (Shard 1/5),2026-10-01T15:09:20Z,2026-10-01T15:11:41Z,3,actions_linux,0.006,0.018000000000000002,ubuntu-latest
36881870147,13956,(Runtime) Build and Test,pull_request,dependabot[bot],Bot,bot,110435771995,yarn test -r=www-modern --env=production --variant=false (Shard 4/5),2026-10-01T15:09:20Z,2026-10-01T15:12:07Z,3,actions_linux,0.006,0.018000000000000002,ubuntu-latest
36881870147,13956,(Runtime) Build and Test,pull_request,dependabot[bot],Bot,bot,110435772010,yarn test -r=www-modern --env=development --variant=false (Shard 1/5),2026-10-01T15:09:21Z,2026-10-01T15:11:30Z,3,actions_linux,0.006,0.018000000000000002,ubuntu-latest
36881870147,13956,(Runtime) Build and Test,pull_request,dependabot[bot],Bot,bot,110435772038,yarn test -r=www-modern --env=development --variant=false (Shard 3/5),2026-10-01T15:09:20Z,2026-10-01T15:11:32Z,3,actions_linux,0.006,0.018000000000000002,ubuntu-latest
36881870147,13956,(Runtime) Build and Test,pull_request,dependabot[bot],Bot,bot,110435772050,yarn test -r=www-modern --env=production --variant=false (Shard 5/5),2026-10-01T15:09:22Z,2026-10-01T15:11:40Z,3,actions_linux,0.006,0.018000000000000002,ubuntu-latest
36881870147,13956,(Runtime) Build and Test,pull_request,dependabot[bot],Bot,bot,110435772052,yarn test -r=www-modern --env=production --variant=true (Shard 1/5),2026-10-01T15:09:20Z,2026-10-01T15:11:24Z,3,actions_linux,0.006,0.018000000000000002,ubuntu-latest
36881870147,13956,(Runtime) Build and Test,pull_request,dependabot[bot],Bot,bot,110435772065,yarn test -r=www-modern --env=production --variant=false (Shard 1/5),2026-10-01T15:09:20Z,2026-10-01T15:11:25Z,3,actions_linux,0.006,0.018000000000000002,ubuntu-latest
36881870147,13956,(Runtime) Build and Test,pull_request,dependabot[bot],Bot,bot,110435772078,yarn test -r=www-modern --env=development --variant=true (Shard 2/5),2026-10-01T15:09:20Z,2026-10-01T15:11:46Z,3,actions_linux,0.006,0.018000000000000002,ubuntu-latest
36881870147,13956,(Runtime) Build and Test,pull_request,dependabot[bot],Bot,bot,110435772112,yarn test -r=www-modern --env=development --variant=true (Shard 3/5),2026-10-01T15:09:22Z,2026-10-01T15:11:16Z,2,actions_linux,0.006,0.012,ubuntu-latest
36881870147,13956,(Runtime) Build and Test,pull_request,dependabot[bot],Bot,bot,110435772129,yarn test -r=www-modern --env=production --variant=false (Shard 3/5),2026-10-01T15:09:22Z,2026-10-01T15:10:36Z,2,actions_linux,0.006,0.012,ubuntu-latest
36881870147,13956,(Runtime) Build and Test,pull_request,dependabot[bot],Bot,bot,110435772148,yarn test -r=www-modern --env=development --variant=true (Shard 5/5),2026-10-01T15:09:21Z,2026-10-01T15:12:04Z,3,actions_linux,0.006,0.018000000000000002,ubuntu-latest
36881870147,13956,(Runtime) Build and Test,pull_request,dependabot[bot],Bot,bot,110435772215,yarn test -r=www-modern --env=production --variant=true (Shard 2/5),2026-10-01T15:09:20Z,2026-10-01T15:10:44Z,2,actions_linux,0.006,0.012,ubuntu-latest
36881870147,13956,(Runtime) Build and Test,pull_request,dependabot[bot],Bot,bot,110435772323,yarn test -r=www-modern --env=development --variant=true (Shard 4/5),2026-10-01T15:09:20Z,2026-10-01T15:12:00Z,3,actions_linux,0.006,0.018000000000000002,ubuntu-latest
36881870147,13956,(Runtime) Build and Test,pull_request,dependabot[bot],Bot,bot,110435772437,yarn test -r=xplat --env=development --variant=false (Shard 4/5),2026-10-01T15:09:22Z,2026-10-01T15:10:07Z,1,actions_linux,0.006,0.006,ubuntu-latest
36881870147,13956,(Runtime) Build and Test,pull_request,dependabot[bot],Bot,bot,110435772439,yarn test -r=www-classic --env=development --variant=true (Shard 4/5),2026-10-01T15:09:21Z,2026-10-01T15:12:05Z,3,actions_linux,0.006,0.018000000000000002,ubuntu-latest
36881870147,13956,(Runtime) Build and Test,pull_request,dependabot[bot],Bot,bot,110435772468,yarn test -r=www-modern --env=production --variant=true (Shard 5/5),2026-10-01T15:09:22Z,2026-10-01T15:11:16Z,2,actions_linux,0.006,0.012,ubuntu-latest
36881870147,13956,(Runtime) Build and Test,pull_request,dependabot[bot],Bot,bot,110435772569,yarn test -r=xplat --env=development --variant=false (Shard 1/5),2026-10-01T15:09:20Z,2026-10-01T15:10:19Z,1,actions_linux,0.006,0.006,ubuntu-latest
36881870147,13956,(Runtime) Build and Test,pull_request,dependabot[bot],Bot,bot,110435772573,yarn test -r=www-modern --env=production --variant=true (Shard 3/5),2026-10-01T15:09:20Z,2026-10-01T15:11:04Z,2,actions_linux,0.006,0.012,ubuntu-latest
36881870147,13956,(Runtime) Build and Test,pull_request,dependabot[bot],Bot,bot,110435772628,yarn test -r=xplat --env=development --variant=false (Shard 2/5),2026-10-01T15:09:21Z,2026-10-01T15:10:44Z,2,actions_linux,0.006,0.012,ubuntu-latest
36881870147,13956,(Runtime) Build and Test,pull_request,dependabot[bot],Bot,bot,110435772695,yarn test -r=xplat --env=development --variant=false (Shard 3/5),2026-10-01T15:09:20Z,2026-10-01T15:10:32Z,2,actions_linux,0.006,0.012,ubuntu-latest
36881870147,13956,(Runtime) Build and Test,pull_request,dependabot[bot],Bot,bot,110435772817,yarn test -r=www-modern --env=production --variant=true (Shard 4/5),2026-10-01T15:09:21Z,2026-10-01T15:11:05Z,2,actions_linux,0.006,0.012,ubuntu-latest
36881870147,13956,(Runtime) Build and Test,pull_request,dependabot[bot],Bot,bot,110435783057,yarn test -r=xplat --env=development --variant=false (Shard 5/5),2026-10-01T15:09:24Z,2026-10-01T15:10:36Z,2,actions_linux,0.006,0.012,ubuntu-latest
36881870147,13956,(Runtime) Build and Test,pull_request,dependabot[bot],Bot,bot,110435783113,yarn test -r=xplat --env=development --variant=true (Shard 1/5),2026-10-01T15:09:24Z,2026-10-01T15:10:25Z,2,actions_linux,0.006,0.012,ubuntu-latest
36881870147,13956,(Runtime) Build and Test,pull_request,dependabot[bot],Bot,bot,110435783198,yarn test -r=xplat --env=development --variant=true (Shard 5/5),2026-10-01T15:09:40Z,2026-10-01T15:10:34Z,1,actions_linux,0.006,0.006,ubuntu-latest
36881870147,13956,(Runtime) Build and Test,pull_request,dependabot[bot],Bot,bot,110435783208,yarn test -r=xplat --env=production --variant=false (Shard 3/5),2026-10-01T15:09:26Z,2026-10-01T15:10:36Z,2,actions_linux,0.006,0.012,ubuntu-latest
36881870147,13956,(Runtime) Build and Test,pull_request,dependabot[bot],Bot,bot,110435783222,yarn test -r=xplat --env=production --variant=true (Shard 3/5),2026-10-01T15:09:26Z,2026-10-01T15:10:28Z,2,actions_linux,0.006,0.012,ubuntu-latest
36881870147,13956,(Runtime) Build and Test,pull_request,dependabot[bot],Bot,bot,110435783228,yarn test -r=xplat --env=development --variant=true (Shard 2/5),2026-10-01T15:09:25Z,2026-10-01T15:10:48Z,2,actions_linux,0.006,0.012,ubuntu-latest
36881870147,13956,(Runtime) Build and Test,pull_request,dependabot[bot],Bot,bot,110435783229,yarn test -r=xplat --env=production --variant=false (Shard 4/5),2026-10-01T15:09:25Z,2026-10-01T15:10:20Z,1,actions_linux,0.006,0.006,ubuntu-latest
36881870147,13956,(Runtime) Build and Test,pull_request,dependabot[bot],Bot,bot,110435783238,yarn test -r=xplat --env=production --variant=true (Shard 4/5),2026-10-01T15:09:25Z,2026-10-01T15:10:18Z,1,actions_linux,0.006,0.006,ubuntu-latest
36881870147,13956,(Runtime) Build and Test,pull_request,dependabot[bot],Bot,bot,110435783249,yarn test -r=xplat --env=production --variant=false (Shard 5/5),2026-10-01T15:09:24Z,2026-10-01T15:10:18Z,1,actions_linux,0.006,0.006,ubuntu-latest
36881870147,13956,(Runtime) Build and Test,pull_request,dependabot[bot],Bot,bot,110435783250,yarn test -r=experimental --env=development --persistent (Shard 3/5),2026-10-01T15:09:25Z,2026-10-01T15:11:33Z,3,actions_linux,0.006,0.018000000000000002,ubuntu-latest
36881870147,13956,(Runtime) Build and Test,pull_request,dependabot[bot],Bot,bot,110435783253,yarn test -r=stable --env=development --persistent (Shard 3/5),2026-10-01T15:09:24Z,2026-10-01T15:11:26Z,3,actions_linux,0.006,0.018000000000000002,ubuntu-latest
36881870147,13956,(Runtime) Build and Test,pull_request,dependabot[bot],Bot,bot,110435783264,yarn test -r=xplat --env=production --variant=false (Shard 2/5),2026-10-01T15:09:24Z,2026-10-01T15:10:16Z,1,actions_linux,0.006,0.006,ubuntu-latest
36881870147,13956,(Runtime) Build and Test,pull_request,dependabot[bot],Bot,bot,110435783265,yarn test -r=xplat --env=development --variant=true (Shard 4/5),2026-10-01T15:09:25Z,2026-10-01T15:10:07Z,1,actions_linux,0.006,0.006,ubuntu-latest
36881870147,13956,(Runtime) Build and Test,pull_request,dependabot[bot],Bot,bot,110435783275,yarn test -r=stable --env=development --persistent (Shard 2/5),2026-10-01T15:09:25Z,2026-10-01T15:11:25Z,2,actions_linux,0.006,0.012,ubuntu-latest
36881870147,13956,(Runtime) Build and Test,pull_request,dependabot[bot],Bot,bot,110435783298,yarn test -r=stable --env=development --persistent (Shard 5/5),2026-10-01T15:09:27Z,2026-10-01T15:12:10Z,3,actions_linux,0.006,0.018000000000000002,ubuntu-latest
36881870147,13956,(Runtime) Build and Test,pull_request,dependabot[bot],Bot,bot,110435783301,yarn test -r=experimental --env=development --persistent (Shard 4/5),2026-10-01T15:09:24Z,2026-10-01T15:11:31Z,3,actions_linux,0.006,0.018000000000000002,ubuntu-latest
36881870147,13956,(Runtime) Build and Test,pull_request,dependabot[bot],Bot,bot,110435783312,yarn test -r=xplat --env=production --variant=true (Shard 1/5),2026-10-01T15:09:27Z,2026-10-01T15:10:36Z,2,actions_linux,0.006,0.012,ubuntu-latest
36881870147,13956,(Runtime) Build and Test,pull_request,dependabot[bot],Bot,bot,110435783313,yarn test -r=experimental --env=development --persistent (Shard 5/5),2026-10-01T15:09:24Z,2026-10-01T15:12:04Z,3,actions_linux,0.006,0.018000000000000002,ubuntu-latest
36881870147,13956,(Runtime) Build and Test,pull_request,dependabot[bot],Bot,bot,110435783351,yarn test -r=experimental --env=development --persistent (Shard 1/5),2026-10-01T15:09:24Z,2026-10-01T15:11:34Z,3,actions_linux,0.006,0.018000000000000002,ubuntu-latest
36881870147,13956,(Runtime) Build and Test,pull_request,dependabot[bot],Bot,bot,110435783356,yarn test -r=xplat --env=production --variant=true (Shard 2/5),2026-10-01T15:09:24Z,2026-10-01T15:10:19Z,1,actions_linux,0.006,0.006,ubuntu-latest
36881870147,13956,(Runtime) Build and Test,pull_request,dependabot[bot],Bot,bot,110435783368,yarn test -r=xplat --env=development --variant=true (Shard 3/5),2026-10-01T15:09:24Z,2026-10-01T15:10:25Z,2,actions_linux,0.006,0.012,ubuntu-latest
36881870147,13956,(Runtime) Build and Test,pull_request,dependabot[bot],Bot,bot,110435783385,yarn test -r=stable --env=development --persistent (Shard 4/5),2026-10-01T15:09:25Z,2026-10-01T15:11:08Z,2,actions_linux,0.006,0.012,ubuntu-latest
36881870147,13956,(Runtime) Build and Test,pull_request,dependabot[bot],Bot,bot,110435783422,yarn test -r=xplat --env=production --variant=true (Shard 5/5),2026-10-01T15:09:24Z,2026-10-01T15:10:23Z,1,actions_linux,0.006,0.006,ubuntu-latest
36881870147,13956,(Runtime) Build and Test,pull_request,dependabot[bot],Bot,bot,110435783430,yarn test -r=experimental --env=development --persistent (Shard 2/5),2026-10-01T15:09:26Z,2026-10-01T15:11:54Z,3,actions_linux,0.006,0.018000000000000002,ubuntu-latest
36881870147,13956,(Runtime) Build and Test,pull_request,dependabot[bot],Bot,bot,110435783446,yarn test -r=stable --env=development --persistent (Shard 1/5),2026-10-01T15:09:25Z,2026-10-01T15:11:07Z,2,actions_linux,0.006,0.012,ubuntu-latest
36881870147,13956,(Runtime) Build and Test,pull_request,dependabot[bot],Bot,bot,110435783507,yarn test -r=xplat --env=production --variant=false (Shard 1/5),2026-10-01T15:09:24Z,2026-10-01T15:10:26Z,2,actions_linux,0.006,0.012,ubuntu-latest
36881870147,13956,(Runtime) Build and Test,pull_request,dependabot[bot],Bot,bot,110436614559,Search build artifacts for unminified errors,2026-10-01T15:11:08Z,2026-10-01T15:11:29Z,1,actions_linux,0.006,0.006,ubuntu-latest
36881870147,13956,(Runtime) Build and Test,pull_request,dependabot[bot],Bot,bot,110436614588,Run fixtures Flight tests,2026-10-01T15:11:07Z,2026-10-01T15:12:04Z,1,actions_linux,0.006,0.006,ubuntu-latest
36881870147,13956,(Runtime) Build and Test,pull_request,dependabot[bot],Bot,bot,110436614614,Run react-devtools-cdt-mcp e2e tests,2026-10-01T15:11:07Z,2026-10-01T15:12:01Z,1,actions_linux,0.006,0.006,ubuntu-latest
36881870147,13956,(Runtime) Build and Test,pull_request,dependabot[bot],Bot,bot,110436614654,Process artifacts combined,2026-10-01T15:11:07Z,2026-10-01T15:11:36Z,1,actions_linux,0.006,0.006,ubuntu-latest
36881870147,13956,(Runtime) Build and Test,pull_request,dependabot[bot],Bot,bot,110436614734,yarn test-build (devtools) (2/5),2026-10-01T15:11:07Z,2026-10-01T15:11:44Z,1,actions_linux,0.006,0.006,ubuntu-latest
36881870147,13956,(Runtime) Build and Test,pull_request,dependabot[bot],Bot,bot,110436614737,Build DevTools and process artifacts (firefox),2026-10-01T15:11:07Z,2026-10-01T15:11:53Z,1,actions_linux,0.006,0.006,ubuntu-latest
36881870147,13956,(Runtime) Build and Test,pull_request,dependabot[bot],Bot,bot,110436614741,Check release dependencies,2026-10-01T15:11:08Z,2026-10-01T15:11:34Z,1,actions_linux,0.006,0.006,ubuntu-latest
36881870147,13956,(Runtime) Build and Test,pull_request,dependabot[bot],Bot,bot,110436614784,yarn test-build (devtools) (5/5),2026-10-01T15:11:06Z,2026-10-01T15:11:42Z,1,actions_linux,0.006,0.006,ubuntu-latest
36881870147,13956,(Runtime) Build and Test,pull_request,dependabot[bot],Bot,bot,110436614810,Check fixtures DOM (stable),2026-10-01T15:11:08Z,2026-10-01T15:11:25Z,1,actions_linux,0.006,0.006,ubuntu-latest
36881870147,13956,(Runtime) Build and Test,pull_request,dependabot[bot],Bot,bot,110436614811,yarn test-build (devtools) (4/5),2026-10-01T15:11:11Z,2026-10-01T15:12:30Z,2,actions_linux,0.006,0.012,ubuntu-latest
36881870147,13956,(Runtime) Build and Test,pull_request,dependabot[bot],Bot,bot,110436614823,Build DevTools and process artifacts (chrome),2026-10-01T15:11:06Z,2026-10-01T15:11:55Z,1,actions_linux,0.006,0.006,ubuntu-latest
36881870147,13956,(Runtime) Build and Test,pull_request,dependabot[bot],Bot,bot,110436614895,Run React DevTools browser extension e2e tests,2026-10-01T15:11:07Z,2026-10-01T15:12:18Z,2,actions_linux,0.006,0.012,ubuntu-latest
36881870147,13956,(Runtime) Build and Test,pull_request,dependabot[bot],Bot,bot,110436614911,Run sizebot,2026-10-01T15:11:10Z,2026-10-01T15:12:06Z,1,actions_linux,0.006,0.006,ubuntu-latest
36881870147,13956,(Runtime) Build and Test,pull_request,dependabot[bot],Bot,bot,110436614935,Build DevTools and process artifacts (edge),2026-10-01T15:11:06Z,2026-10-01T15:11:58Z,1,actions_linux,0.006,0.006,ubuntu-latest
36881870147,13956,(Runtime) Build and Test,pull_request,dependabot[bot],Bot,bot,110436614981,yarn test-build (devtools) (3/5),2026-10-01T15:11:07Z,2026-10-01T15:11:39Z,1,actions_linux,0.006,0.006,ubuntu-latest
36881870147,13956,(Runtime) Build and Test,pull_request,dependabot[bot],Bot,bot,110436615003,yarn test-build (devtools) (1/5),2026-10-01T15:11:07Z,2026-10-01T15:11:39Z,1,actions_linux,0.006,0.006,ubuntu-latest
36881870147,13956,(Runtime) Build and Test,pull_request,dependabot[bot],Bot,bot,110436616597,"yarn test-build (-r=experimental --env=development, 1/10)",2026-10-01T15:11:11Z,2026-10-01T15:13:00Z,2,actions_linux,0.006,0.012,ubuntu-latest
36881870147,13956,(Runtime) Build and Test,pull_request,dependabot[bot],Bot,bot,110436616619,"yarn test-build (-r=stable --env=production, 1/10)",2026-10-01T15:11:09Z,2026-10-01T15:12:47Z,2,actions_linux,0.006,0.012,ubuntu-latest
36881870147,13956,(Runtime) Build and Test,pull_request,dependabot[bot],Bot,bot,110436616658,"yarn test-build (-r=stable --env=development, 3/10)",2026-10-01T15:11:09Z,2026-10-01T15:12:17Z,2,actions_linux,0.006,0.012,ubuntu-latest
36881870147,13956,(Runtime) Build and Test,pull_request,dependabot[bot],Bot,bot,110436616677,"yarn test-build (-r=stable --env=production, 6/10)",2026-10-01T15:11:10Z,2026-10-01T15:12:16Z,2,actions_linux,0.006,0.012,ubuntu-latest
36881870147,13956,(Runtime) Build and Test,pull_request,dependabot[bot],Bot,bot,110436616678,"yarn test-build (-r=stable --env=development, 6/10)",2026-10-01T15:11:08Z,2026-10-01T15:12:18Z,2,actions_linux,0.006,0.012,ubuntu-latest
36881870147,13956,(Runtime) Build and Test,pull_request,dependabot[bot],Bot,bot,110436616695,"yarn test-build (-r=stable --env=development, 7/10)",2026-10-01T15:11:09Z,2026-10-01T15:12:02Z,1,actions_linux,0.006,0.006,ubuntu-latest
36881870147,13956,(Runtime) Build and Test,pull_request,dependabot[bot],Bot,bot,110436616698,"yarn test-build (-r=stable --env=development, 10/10)",2026-10-01T15:11:08Z,2026-10-01T15:11:58Z,1,actions_linux,0.006,0.006,ubuntu-latest
36881870147,13956,(Runtime) Build and Test,pull_request,dependabot[bot],Bot,bot,110436616749,"yarn test-build (-r=experimental --env=production, 1/10)",2026-10-01T15:11:17Z,2026-10-01T15:12:59Z,2,actions_linux,0.006,0.012,ubuntu-latest
36881870147,13956,(Runtime) Build and Test,pull_request,dependabot[bot],Bot,bot,110436616764,"yarn test-build (-r=stable --env=development, 2/10)",2026-10-01T15:11:15Z,2026-10-01T15:12:50Z,2,actions_linux,0.006,0.012,ubuntu-latest
36881870147,13956,(Runtime) Build and Test,pull_request,dependabot[bot],Bot,bot,110436616786,"yarn test-build (-r=stable --env=production, 10/10)",2026-10-01T15:11:09Z,2026-10-01T15:11:58Z,1,actions_linux,0.006,0.006,ubuntu-latest
36881870147,13956,(Runtime) Build and Test,pull_request,dependabot[bot],Bot,bot,110436616791,"yarn test-build (-r=experimental --env=development, 8/10)",2026-10-01T15:11:08Z,2026-10-01T15:12:02Z,1,actions_linux,0.006,0.006,ubuntu-latest
36881870147,13956,(Runtime) Build and Test,pull_request,dependabot[bot],Bot,bot,110436616795,"yarn test-build (-r=stable --env=production, 3/10)",2026-10-01T15:11:09Z,2026-10-01T15:12:11Z,2,actions_linux,0.006,0.012,ubuntu-latest
36881870147,13956,(Runtime) Build and Test,pull_request,dependabot[bot],Bot,bot,110436616816,"yarn test-build (-r=stable --env=development, 5/10)",2026-10-01T15:11:09Z,2026-10-01T15:11:57Z,1,actions_linux,0.006,0.006,ubuntu-latest
36881870147,13956,(Runtime) Build and Test,pull_request,dependabot[bot],Bot,bot,110436616818,"yarn test-build (-r=experimental --env=development, 3/10)",2026-10-01T15:11:16Z,2026-10-01T15:12:47Z,2,actions_linux,0.006,0.012,ubuntu-latest
36881870147,13956,(Runtime) Build and Test,pull_request,dependabot[bot],Bot,bot,110436616830,"yarn test-build (-r=experimental --env=development, 4/10)",2026-10-01T15:11:09Z,2026-10-01T15:11:56Z,1,actions_linux,0.006,0.006,ubuntu-latest
36881870147,13956,(Runtime) Build and Test,pull_request,dependabot[bot],Bot,bot,110436616849,"yarn test-build (-r=stable --env=development, 9/10)",2026-10-01T15:11:09Z,2026-10-01T15:11:54Z,1,actions_linux,0.006,0.006,ubuntu-latest
36881870147,13956,(Runtime) Build and Test,pull_request,dependabot[bot],Bot,bot,110436616882,"yarn test-build (-r=experimental --env=development, 2/10)",2026-10-01T15:11:16Z,2026-10-01T15:13:12Z,2,actions_linux,0.006,0.012,ubuntu-latest
36881870147,13956,(Runtime) Build and Test,pull_request,dependabot[bot],Bot,bot,110436616894,"yarn test-build (-r=experimental --env=development, 5/10)",2026-10-01T15:11:14Z,2026-10-01T15:12:08Z,1,actions_linux,0.006,0.006,ubuntu-latest
36881870147,13956,(Runtime) Build and Test,pull_request,dependabot[bot],Bot,bot,110436616913,"yarn test-build (-r=experimental --env=production, 3/10)",2026-10-01T15:11:09Z,2026-10-01T15:12:17Z,2,actions_linux,0.006,0.012,ubuntu-latest
36881870147,13956,(Runtime) Build and Test,pull_request,dependabot[bot],Bot,bot,110436616950,"yarn test-build (-r=stable --env=production, 4/10)",2026-10-01T15:11:10Z,2026-10-01T15:12:04Z,1,actions_linux,0.006,0.006,ubuntu-latest
36881870147,13956,(Runtime) Build and Test,pull_request,dependabot[bot],Bot,bot,110436616962,"yarn test-build (-r=experimental --env=development, 7/10)",2026-10-01T15:11:09Z,2026-10-01T15:12:03Z,1,actions_linux,0.006,0.006,ubuntu-latest
36881870147,13956,(Runtime) Build and Test,pull_request,dependabot[bot],Bot,bot,110436616972,"yarn test-build (-r=stable --env=production, 2/10)",2026-10-01T15:11:15Z,2026-10-01T15:12:49Z,2,actions_linux,0.006,0.012,ubuntu-latest
36881870147,13956,(Runtime) Build and Test,pull_request,dependabot[bot],Bot,bot,110436616994,"yarn test-build (-r=stable --env=development, 4/10)",2026-10-01T15:11:09Z,2026-10-01T15:12:14Z,2,actions_linux,0.006,0.012,ubuntu-latest
36881870147,13956,(Runtime) Build and Test,pull_request,dependabot[bot],Bot,bot,110436616997,"yarn test-build (-r=experimental --env=development, 9/10)",2026-10-01T15:11:15Z,2026-10-01T15:11:59Z,1,actions_linux,0.006,0.006,ubuntu-latest
36881870147,13956,(Runtime) Build and Test,pull_request,dependabot[bot],Bot,bot,110436617009,"yarn test-build (-r=stable --env=development, 8/10)",2026-10-01T15:11:08Z,2026-10-01T15:12:04Z,1,actions_linux,0.006,0.006,ubuntu-latest
36881870147,13956,(Runtime) Build and Test,pull_request,dependabot[bot],Bot,bot,110436617014,"yarn test-build (-r=experimental --env=production, 5/10)",2026-10-01T15:11:09Z,2026-10-01T15:11:54Z,1,actions_linux,0.006,0.006,ubuntu-latest
36881870147,13956,(Runtime) Build and Test,pull_request,dependabot[bot],Bot,bot,110436617020,"yarn test-build (-r=stable --env=production, 5/10)",2026-10-01T15:11:10Z,2026-10-01T15:12:03Z,1,actions_linux,0.006,0.006,ubuntu-latest
36881870147,13956,(Runtime) Build and Test,pull_request,dependabot[bot],Bot,bot,110436617027,"yarn test-build (-r=stable --env=development, 1/10)",2026-10-01T15:11:11Z,2026-10-01T15:12:48Z,2,actions_linux,0.006,0.012,ubuntu-latest
36881870147,13956,(Runtime) Build and Test,pull_request,dependabot[bot],Bot,bot,110436617054,"yarn test-build (-r=stable --env=production, 7/10)",2026-10-01T15:11:09Z,2026-10-01T15:11:58Z,1,actions_linux,0.006,0.006,ubuntu-latest
36881870147,13956,(Runtime) Build and Test,pull_request,dependabot[bot],Bot,bot,110436617079,"yarn test-build (-r=experimental --env=production, 8/10)",2026-10-01T15:11:09Z,2026-10-01T15:12:07Z,1,actions_linux,0.006,0.006,ubuntu-latest
36881870147,13956,(Runtime) Build and Test,pull_request,dependabot[bot],Bot,bot,110436617092,"yarn test-build (-r=experimental --env=production, 4/10)",2026-10-01T15:11:15Z,2026-10-01T15:12:04Z,1,actions_linux,0.006,0.006,ubuntu-latest
36881870147,13956,(Runtime) Build and Test,pull_request,dependabot[bot],Bot,bot,110436617154,"yarn test-build (-r=experimental --env=production, 6/10)",2026-10-01T15:11:14Z,2026-10-01T15:12:14Z,1,actions_linux,0.006,0.006,ubuntu-latest
36881870147,13956,(Runtime) Build and Test,pull_request,dependabot[bot],Bot,bot,110436617207,"yarn test-build (-r=experimental --env=production, 9/10)",2026-10-01T15:11:09Z,2026-10-01T15:11:54Z,1,actions_linux,0.006,0.006,ubuntu-latest
36881870147,13956,(Runtime) Build and Test,pull_request,dependabot[bot],Bot,bot,110436617209,"yarn test-build (-r=experimental --env=production, 10/10)",2026-10-01T15:11:09Z,2026-10-01T15:12:00Z,1,actions_linux,0.006,0.006,ubuntu-latest
36881870147,13956,(Runtime) Build and Test,pull_request,dependabot[bot],Bot,bot,110436617212,"yarn test-build (-r=experimental --env=development, 10/10)",2026-10-01T15:11:10Z,2026-10-01T15:12:03Z,1,actions_linux,0.006,0.006,ubuntu-latest
36881870147,13956,(Runtime) Build and Test,pull_request,dependabot[bot],Bot,bot,110436617307,"yarn test-build (-r=stable --env=production, 9/10)",2026-10-01T15:11:15Z,2026-10-01T15:12:07Z,1,actions_linux,0.006,0.006,ubuntu-latest
36881870147,13956,(Runtime) Build and Test,pull_request,dependabot[bot],Bot,bot,110436617319,"yarn test-build (-r=experimental --env=development, 6/10)",2026-10-01T15:11:14Z,2026-10-01T15:12:27Z,2,actions_linux,0.006,0.012,ubuntu-latest
36881870147,13956,(Runtime) Build and Test,pull_request,dependabot[bot],Bot,bot,110436617356,"yarn test-build (-r=experimental --env=production, 2/10)",2026-10-01T15:11:09Z,2026-10-01T15:13:04Z,2,actions_linux,0.006,0.012,ubuntu-latest
36881870147,13956,(Runtime) Build and Test,pull_request,dependabot[bot],Bot,bot,110436617360,"yarn test-build (-r=stable --env=production, 8/10)",2026-10-01T15:11:17Z,2026-10-01T15:12:16Z,1,actions_linux,0.006,0.006,ubuntu-latest
36881870147,13956,(Runtime) Build and Test,pull_request,dependabot[bot],Bot,bot,110436617481,"yarn test-build (-r=experimental --env=production, 7/10)",2026-10-01T15:11:16Z,2026-10-01T15:12:07Z,1,actions_linux,0.006,0.006,ubuntu-latest
36881870147,13956,(Runtime) Build and Test,pull_request,dependabot[bot],Bot,bot,110437068632,Merge DevTools artifacts,2026-10-01T15:12:09Z,2026-10-01T15:12:13Z,1,actions_linux,0.006,0.006,ubuntu-latest
36881870058,10334,(Runtime) ESLint Plugin E2E,pull_request,dependabot[bot],Bot,bot,110435384154,ESLint v9,2026-10-01T15:08:42Z,2026-10-01T15:10:27Z,2,actions_linux,0.006,0.012,ubuntu-latest
36881870058,10334,(Runtime) ESLint Plugin E2E,pull_request,dependabot[bot],Bot,bot,110435384336,ESLint v7,2026-10-01T15:08:41Z,2026-10-01T15:10:27Z,2,actions_linux,0.006,0.012,ubuntu-latest
36881870058,10334,(Runtime) ESLint Plugin E2E,pull_request,dependabot[bot],Bot,bot,110435384402,ESLint v6,2026-10-01T15:08:41Z,2026-10-01T15:10:16Z,2,actions_linux,0.006,0.012,ubuntu-latest
36881870058,10334,(Runtime) ESLint Plugin E2E,pull_request,dependabot[bot],Bot,bot,110435384472,ESLint v10,2026-10-01T15:08:41Z,2026-10-01T15:10:22Z,2,actions_linux,0.006,0.012,ubuntu-latest
36881870058,10334,(Runtime) ESLint Plugin E2E,pull_request,dependabot[bot],Bot,bot,110435384668,ESLint v8,2026-10-01T15:08:41Z,2026-10-01T15:10:07Z,2,actions_linux,0.006,0.012,ubuntu-latest
36881870006,19982,(Shared) Lint,pull_request,dependabot[bot],Bot,bot,110435384168,Test print warnings,2026-10-01T15:08:43Z,2026-10-01T15:10:33Z,2,actions_linux,0.006,0.012,ubuntu-latest
36881870006,19982,(Shared) Lint,pull_request,dependabot[bot],Bot,bot,110435384444,Check license,2026-10-01T15:08:42Z,2026-10-01T15:10:17Z,2,actions_linux,0.006,0.012,ubuntu-latest
36881870006,19982,(Shared) Lint,pull_request,dependabot[bot],Bot,bot,110435384512,Run prettier,2026-10-01T15:08:43Z,2026-10-01T15:10:10Z,2,actions_linux,0.006,0.012,ubuntu-latest
36881870006,19982,(Shared) Lint,pull_request,dependabot[bot],Bot,bot,110435384738,Run eslint,2026-10-01T15:08:42Z,2026-10-01T15:10:44Z,3,actions_linux,0.006,0.018000000000000002,ubuntu-latest
36881867946,2926,(Runtime) Discord Notify,pull_request_target,dependabot[bot],Bot,bot,110435378741,check_access,2026-10-01T15:08:42Z,2026-10-01T15:08:45Z,1,actions_linux,0.006,0.006,ubuntu-latest
36881867946,2926,(Runtime) Discord Notify,pull_request_target,dependabot[bot],Bot,bot,110435600439,check_maintainer,2026-10-01T15:08:46Z,2026-10-01T15:08:46Z,1,actions_linux,0.006,0.006,
36881867946,2926,(Runtime) Discord Notify,pull_request_target,dependabot[bot],Bot,bot,110435601869,notify,2026-10-01T15:08:46Z,2026-10-01T15:08:46Z,1,actions_linux,0.006,0.006,ubuntu-latest
36881867917,5139,(Shared) Label Core Team PRs,pull_request_target,dependabot[bot],Bot,bot,110435377740,check_access,2026-10-01T15:08:41Z,2026-10-01T15:08:45Z,1,actions_linux,0.006,0.006,ubuntu-latest
36881867917,5139,(Shared) Label Core Team PRs,pull_request_target,dependabot[bot],Bot,bot,110435594304,check_maintainer,2026-10-01T15:08:45Z,2026-10-01T15:08:45Z,1,actions_linux,0.006,0.006,
36881867917,5139,(Shared) Label Core Team PRs,pull_request_target,dependabot[bot],Bot,bot,110435594945,label,2026-10-01T15:08:45Z,2026-10-01T15:08:45Z,1,actions_linux,0.006,0.006,ubuntu-latest
36881713600,957,npm_and_yarn in /fixtures/legacy-jsx-runtimes/react-14 for brace-expansion - Update #1602990233,dynamic,dependabot[bot],Bot,bot,110434854932,Dependabot,2026-10-01T15:07:06Z,2026-10-01T15:08:10Z,2,actions_linux,0.006,0.012,ubuntu-latest
36881705733,956,npm_and_yarn in /fixtures/flight-esm for brace-expansion - Update #1602990129,dynamic,dependabot[bot],Bot,bot,110434830818,Dependabot,2026-10-01T15:07:05Z,2026-10-01T15:07:58Z,1,actions_linux,0.006,0.006,ubuntu-latest
36875263577,21710,(Runtime) Fuzz tests,schedule,poteto,User,human,110412935729,test_fuzz,2026-10-01T14:18:19Z,2026-10-01T14:19:20Z,2,actions_linux,0.006,0.012,ubuntu-latest
36874776470,19159,(Shared) Manage stale issues and PRs,schedule,poteto,User,human,110411287182,stale,2026-10-01T14:14:40Z,2026-10-01T14:14:58Z,1,actions_linux,0.006,0.006,ubuntu-latest
36873959774,1253,(Runtime) Sizebot Comment,workflow_run,dependabot[bot],Bot,bot,110408510369,Comment with size changes,2026-10-01T14:08:19Z,2026-10-01T14:08:32Z,1,actions_linux,0.006,0.006,ubuntu-latest
36873123090,1252,(Runtime) Sizebot Comment,workflow_run,karimadnan,User,human,110405648802,Comment with size changes,2026-10-01T14:01:51Z,2026-10-01T14:02:01Z,1,actions_linux,0.006,0.006,ubuntu-latest
36873114626,5138,(Shared) Label Core Team PRs,pull_request_target,karimadnan,User,human,110405620730,check_access,2026-10-01T14:01:42Z,2026-10-01T14:01:44Z,1,actions_linux,0.006,0.006,ubuntu-latest
36873114626,5138,(Shared) Label Core Team PRs,pull_request_target,karimadnan,User,human,110405696860,check_maintainer,2026-10-01T14:01:45Z,2026-10-01T14:01:44Z,1,actions_linux,0.006,0.006,
36873114626,5138,(Shared) Label Core Team PRs,pull_request_target,karimadnan,User,human,110405699481,label,2026-10-01T14:01:45Z,2026-10-01T14:01:45Z,1,actions_linux,0.006,0.006,ubuntu-latest
36873114298,2925,(Runtime) Discord Notify,pull_request_target,karimadnan,User,human,110405619489,check_access,2026-10-01T14:01:43Z,2026-10-01T14:01:47Z,1,actions_linux,0.006,0.006,ubuntu-latest
36873114298,2925,(Runtime) Discord Notify,pull_request_target,karimadnan,User,human,110405733624,check_maintainer,2026-10-01T14:01:50Z,2026-10-01T14:01:49Z,1,actions_linux,0.006,0.006,
36873114298,2925,(Runtime) Discord Notify,pull_request_target,karimadnan,User,human,110405735951,notify,2026-10-01T14:01:50Z,2026-10-01T14:01:50Z,1,actions_linux,0.006,0.006,ubuntu-latest
36872866771,1251,(Runtime) Sizebot Comment,workflow_run,dependabot[bot],Bot,bot,110404801183,Comment with size changes,2026-10-01T13:59:52Z,2026-10-01T14:00:02Z,1,actions_linux,0.006,0.006,ubuntu-latest
36872862147,10332,(Runtime) ESLint Plugin E2E,pull_request,dependabot[bot],Bot,bot,110404785201,ESLint v7,2026-10-01T13:59:52Z,2026-10-01T14:03:02Z,4,actions_linux,0.006,0.024,ubuntu-latest
36872862147,10332,(Runtime) ESLint Plugin E2E,pull_request,dependabot[bot],Bot,bot,110404785476,ESLint v6,2026-10-01T13:59:52Z,2026-10-01T14:03:00Z,4,actions_linux,0.006,0.024,ubuntu-latest
36872862147,10332,(Runtime) ESLint Plugin E2E,pull_request,dependabot[bot],Bot,bot,110404785558,ESLint v10,2026-10-01T13:59:52Z,2026-10-01T14:03:02Z,4,actions_linux,0.006,0.024,ubuntu-latest
36872862147,10332,(Runtime) ESLint Plugin E2E,pull_request,dependabot[bot],Bot,bot,110404785668,ESLint v8,2026-10-01T13:59:52Z,2026-10-01T14:02:44Z,3,actions_linux,0.006,0.018000000000000002,ubuntu-latest
36872862147,10332,(Runtime) ESLint Plugin E2E,pull_request,dependabot[bot],Bot,bot,110404785721,ESLint v9,2026-10-01T13:59:52Z,2026-10-01T14:03:00Z,4,actions_linux,0.006,0.024,ubuntu-latest
36872861932,13954,(Runtime) Build and Test,pull_request,dependabot[bot],Bot,bot,110404784403,Resolve build shard weights,2026-10-01T13:59:53Z,2026-10-01T13:59:59Z,1,actions_linux,0.006,0.006,ubuntu-latest
36872861932,13954,(Runtime) Build and Test,pull_request,dependabot[bot],Bot,bot,110404784615,"Cache Runtime, Compiler node_modules",2026-10-01T13:59:52Z,2026-10-01T14:02:22Z,3,actions_linux,0.006,0.018000000000000002,ubuntu-latest
36872861932,13954,(Runtime) Build and Test,pull_request,dependabot[bot],Bot,bot,110404784692,Cache Runtime node_modules,2026-10-01T13:59:52Z,2026-10-01T14:01:20Z,2,actions_linux,0.006,0.012,ubuntu-latest
36872861932,13954,(Runtime) Build and Test,pull_request,dependabot[bot],Bot,bot,110404784866,Discover flow inline configs,2026-10-01T13:59:52Z,2026-10-01T13:59:58Z,1,actions_linux,0.006,0.006,ubuntu-latest
36872861932,13954,(Runtime) Build and Test,pull_request,dependabot[bot],Bot,bot,110405518644,Confirm generated inline Fizz runtime is up to date,2026-10-01T14:01:29Z,2026-10-01T14:02:29Z,1,actions_linux,0.006,0.006,ubuntu-latest
36872861932,13954,(Runtime) Build and Test,pull_request,dependabot[bot],Bot,bot,110405518868,Check flags,2026-10-01T14:01:29Z,2026-10-01T14:01:51Z,1,actions_linux,0.006,0.006,ubuntu-latest
36872861932,13954,(Runtime) Build and Test,pull_request,dependabot[bot],Bot,bot,110405518893,Cache Runtime Playwright Chromium,2026-10-01T14:01:28Z,2026-10-01T14:01:58Z,1,actions_linux,0.006,0.006,ubuntu-latest
36872861932,13954,(Runtime) Build and Test,pull_request,dependabot[bot],Bot,bot,110405519719,Flow check dom-node-unbundled,2026-10-01T14:01:28Z,2026-10-01T14:03:09Z,2,actions_linux,0.006,0.012,ubuntu-latest
36872861932,13954,(Runtime) Build and Test,pull_request,dependabot[bot],Bot,bot,110405519730,Flow check dom-browser-fb,2026-10-01T14:01:28Z,2026-10-01T14:02:58Z,2,actions_linux,0.006,0.012,ubuntu-latest
36872861932,13954,(Runtime) Build and Test,pull_request,dependabot[bot],Bot,bot,110405519750,Flow check dom-browser-parcel,2026-10-01T14:01:28Z,2026-10-01T14:03:10Z,2,actions_linux,0.006,0.012,ubuntu-latest
36872861932,13954,(Runtime) Build and Test,pull_request,dependabot[bot],Bot,bot,110405519756,Flow check dom-browser,2026-10-01T14:01:28Z,2026-10-01T14:03:04Z,2,actions_linux,0.006,0.012,ubuntu-latest
36872861932,13954,(Runtime) Build and Test,pull_request,dependabot[bot],Bot,bot,110405519758,Flow check dom-browser-turbopack,2026-10-01T14:01:28Z,2026-10-01T14:03:15Z,2,actions_linux,0.006,0.012,ubuntu-latest
36872861932,13954,(Runtime) Build and Test,pull_request,dependabot[bot],Bot,bot,110405519776,Flow check dom-node-fb,2026-10-01T14:01:29Z,2026-10-01T14:02:46Z,2,actions_linux,0.006,0.012,ubuntu-latest
36872861932,13954,(Runtime) Build and Test,pull_request,dependabot[bot],Bot,bot,110405519808,Flow check dom-node-turbopack,2026-10-01T14:01:28Z,2026-10-01T14:02:46Z,2,actions_linux,0.006,0.012,ubuntu-latest
36872861932,13954,(Runtime) Build and Test,pull_request,dependabot[bot],Bot,bot,110405519810,Flow check dom-edge-webpack,2026-10-01T14:01:28Z,2026-10-01T14:03:12Z,2,actions_linux,0.006,0.012,ubuntu-latest
36872861932,13954,(Runtime) Build and Test,pull_request,dependabot[bot],Bot,bot,110405519830,Flow check dom-node,2026-10-01T14:01:28Z,2026-10-01T14:03:11Z,2,actions_linux,0.006,0.012,ubuntu-latest
36872861932,13954,(Runtime) Build and Test,pull_request,dependabot[bot],Bot,bot,110405519843,Flow check dom-node-webpack,2026-10-01T14:01:30Z,2026-10-01T14:03:13Z,2,actions_linux,0.006,0.012,ubuntu-latest
36872861932,13954,(Runtime) Build and Test,pull_request,dependabot[bot],Bot,bot,110405519854,Flow check dom-legacy,2026-10-01T14:01:28Z,2026-10-01T14:03:14Z,2,actions_linux,0.006,0.012,ubuntu-latest
36872861932,13954,(Runtime) Build and Test,pull_request,dependabot[bot],Bot,bot,110405519857,Flow check markup,2026-10-01T14:01:28Z,2026-10-01T14:03:02Z,2,actions_linux,0.006,0.012,ubuntu-latest
36872861932,13954,(Runtime) Build and Test,pull_request,dependabot[bot],Bot,bot,110405519883,Flow check dom-node-parcel,2026-10-01T14:01:29Z,2026-10-01T14:03:17Z,2,actions_linux,0.006,0.012,ubuntu-latest
36872861932,13954,(Runtime) Build and Test,pull_request,dependabot[bot],Bot,bot,110405519896,Flow check dom-browser-esm,2026-10-01T14:01:28Z,2026-10-01T14:02:32Z,2,actions_linux,0.006,0.012,ubuntu-latest
36872861932,13954,(Runtime) Build and Test,pull_request,dependabot[bot],Bot,bot,110405519902,Flow check dom-bun,2026-10-01T14:01:28Z,2026-10-01T14:02:47Z,2,actions_linux,0.006,0.012,ubuntu-latest
36872861932,13954,(Runtime) Build and Test,pull_request,dependabot[bot],Bot,bot,110405519904,Flow check art,2026-10-01T14:01:30Z,2026-10-01T14:01:56Z,1,actions_linux,0.006,0.006,ubuntu-latest
36872861932,13954,(Runtime) Build and Test,pull_request,dependabot[bot],Bot,bot,110405519908,Flow check dom-node-esm,2026-10-01T14:01:30Z,2026-10-01T14:03:14Z,2,actions_linux,0.006,0.012,ubuntu-latest
36872861932,13954,(Runtime) Build and Test,pull_request,dependabot[bot],Bot,bot,110405519913,Flow check test,2026-10-01T14:01:28Z,2026-10-01T14:03:10Z,2,actions_linux,0.006,0.012,ubuntu-latest
36872861932,13954,(Runtime) Build and Test,pull_request,dependabot[bot],Bot,bot,110405519915,Flow check fabric,2026-10-01T14:01:28Z,2026-10-01T14:03:20Z,2,actions_linux,0.006,0.012,ubuntu-latest
36872861932,13954,(Runtime) Build and Test,pull_request,dependabot[bot],Bot,bot,110405519927,Flow check dom-edge-parcel,2026-10-01T14:01:28Z,2026-10-01T14:03:15Z,2,actions_linux,0.006,0.012,ubuntu-latest
36872861932,13954,(Runtime) Build and Test,pull_request,dependabot[bot],Bot,bot,110405519978,Flow check noop,2026-10-01T14:01:29Z,2026-10-01T14:03:09Z,2,actions_linux,0.006,0.012,ubuntu-latest
36872861932,13954,(Runtime) Build and Test,pull_request,dependabot[bot],Bot,bot,110405520025,Flow check dom-fb,2026-10-01T14:01:28Z,2026-10-01T14:02:53Z,2,actions_linux,0.006,0.012,ubuntu-latest
36872861932,13954,(Runtime) Build and Test,pull_request,dependabot[bot],Bot,bot,110405520026,Flow check dom-edge-turbopack,2026-10-01T14:01:28Z,2026-10-01T14:02:40Z,2,actions_linux,0.006,0.012,ubuntu-latest
36872861932,13954,(Runtime) Build and Test,pull_request,dependabot[bot],Bot,bot,110405520071,Flow check custom,2026-10-01T14:01:28Z,2026-10-01T14:02:54Z,2,actions_linux,0.006,0.012,ubuntu-latest
36872861932,13954,(Runtime) Build and Test,pull_request,dependabot[bot],Bot,bot,110405972420,Test eslint-plugin-react-hooks,2026-10-01T14:02:32Z,2026-10-01T14:03:46Z,2,actions_linux,0.006,0.012,ubuntu-latest
36872861932,13954,(Runtime) Build and Test,pull_request,dependabot[bot],Bot,bot,110405974470,"yarn build and lint (0, stable)",2026-10-01T14:02:32Z,2026-10-01T14:03:37Z,2,actions_linux,0.006,0.012,ubuntu-latest
36872861932,13954,(Runtime) Build and Test,pull_request,dependabot[bot],Bot,bot,110405974517,"yarn build and lint (3, experimental)",2026-10-01T14:02:32Z,2026-10-01T14:03:46Z,2,actions_linux,0.006,0.012,ubuntu-latest
36872861932,13954,(Runtime) Build and Test,pull_request,dependabot[bot],Bot,bot,110405974532,"yarn build and lint (5, stable)",2026-10-01T14:03:08Z,2026-10-01T14:04:20Z,2,actions_linux,0.006,0.012,ubuntu-latest
36872861932,13954,(Runtime) Build and Test,pull_request,dependabot[bot],Bot,bot,110405974542,"yarn build and lint (0, experimental)",2026-10-01T14:02:32Z,2026-10-01T14:03:49Z,2,actions_linux,0.006,0.012,ubuntu-latest
36872861932,13954,(Runtime) Build and Test,pull_request,dependabot[bot],Bot,bot,110405974547,"yarn build and lint (6, stable)",2026-10-01T14:02:32Z,2026-10-01T14:03:38Z,2,actions_linux,0.006,0.012,ubuntu-latest
36872861932,13954,(Runtime) Build and Test,pull_request,dependabot[bot],Bot,bot,110405974617,"yarn build and lint (7, stable)",2026-10-01T14:02:31Z,2026-10-01T14:03:46Z,2,actions_linux,0.006,0.012,ubuntu-latest
36872861932,13954,(Runtime) Build and Test,pull_request,dependabot[bot],Bot,bot,110405974657,"yarn build and lint (9, stable)",2026-10-01T14:02:33Z,2026-10-01T14:03:43Z,2,actions_linux,0.006,0.012,ubuntu-latest
36872861932,13954,(Runtime) Build and Test,pull_request,dependabot[bot],Bot,bot,110405974667,"yarn build and lint (2, stable)",2026-10-01T14:02:32Z,2026-10-01T14:03:59Z,2,actions_linux,0.006,0.012,ubuntu-latest
36872861932,13954,(Runtime) Build and Test,pull_request,dependabot[bot],Bot,bot,110405974672,"yarn build and lint (7, experimental)",2026-10-01T14:02:31Z,2026-10-01T14:03:32Z,2,actions_linux,0.006,0.012,ubuntu-latest
36872861932,13954,(Runtime) Build and Test,pull_request,dependabot[bot],Bot,bot,110405974685,"yarn build and lint (9, experimental)",2026-10-01T14:02:32Z,2026-10-01T14:04:11Z,2,actions_linux,0.006,0.012,ubuntu-latest
36872861932,13954,(Runtime) Build and Test,pull_request,dependabot[bot],Bot,bot,110405974724,"yarn build and lint (6, experimental)",2026-10-01T14:02:32Z,2026-10-01T14:03:45Z,2,actions_linux,0.006,0.012,ubuntu-latest
36872861932,13954,(Runtime) Build and Test,pull_request,dependabot[bot],Bot,bot,110405974776,"yarn build and lint (1, stable)",2026-10-01T14:02:32Z,2026-10-01T14:03:51Z,2,actions_linux,0.006,0.012,ubuntu-latest
36872861932,13954,(Runtime) Build and Test,pull_request,dependabot[bot],Bot,bot,110405974778,"yarn build and lint (4, experimental)",2026-10-01T14:02:31Z,2026-10-01T14:03:42Z,2,actions_linux,0.006,0.012,ubuntu-latest
36872861932,13954,(Runtime) Build and Test,pull_request,dependabot[bot],Bot,bot,110405974780,"yarn build and lint (10, experimental)",2026-10-01T14:02:33Z,2026-10-01T14:04:05Z,2,actions_linux,0.006,0.012,ubuntu-latest
36872861932,13954,(Runtime) Build and Test,pull_request,dependabot[bot],Bot,bot,110405974790,"yarn build and lint (14, stable)",2026-10-01T14:02:32Z,2026-10-01T14:03:56Z,2,actions_linux,0.006,0.012,ubuntu-latest
36872861932,13954,(Runtime) Build and Test,pull_request,dependabot[bot],Bot,bot,110405974812,"yarn build and lint (15, stable)",2026-10-01T14:02:31Z,2026-10-01T14:03:53Z,2,actions_linux,0.006,0.012,ubuntu-latest
36872861932,13954,(Runtime) Build and Test,pull_request,dependabot[bot],Bot,bot,110405974818,"yarn build and lint (2, experimental)",2026-10-01T14:02:32Z,2026-10-01T14:03:49Z,2,actions_linux,0.006,0.012,ubuntu-latest
36872861932,13954,(Runtime) Build and Test,pull_request,dependabot[bot],Bot,bot,110405974828,"yarn build and lint (3, stable)",2026-10-01T14:02:32Z,2026-10-01T14:03:59Z,2,actions_linux,0.006,0.012,ubuntu-latest
36872861932,13954,(Runtime) Build and Test,pull_request,dependabot[bot],Bot,bot,110405974833,"yarn build and lint (15, experimental)",2026-10-01T14:02:31Z,2026-10-01T14:03:52Z,2,actions_linux,0.006,0.012,ubuntu-latest
36872861932,13954,(Runtime) Build and Test,pull_request,dependabot[bot],Bot,bot,110405974842,"yarn build and lint (1, experimental)",2026-10-01T14:02:32Z,2026-10-01T14:03:51Z,2,actions_linux,0.006,0.012,ubuntu-latest
36872861932,13954,(Runtime) Build and Test,pull_request,dependabot[bot],Bot,bot,110405974849,"yarn build and lint (19, experimental)",2026-10-01T14:02:32Z,2026-10-01T14:04:00Z,2,actions_linux,0.006,0.012,ubuntu-latest
36872861932,13954,(Runtime) Build and Test,pull_request,dependabot[bot],Bot,bot,110405974868,"yarn build and lint (17, experimental)",2026-10-01T14:02:32Z,2026-10-01T14:03:43Z,2,actions_linux,0.006,0.012,ubuntu-latest
36872861932,13954,(Runtime) Build and Test,pull_request,dependabot[bot],Bot,bot,110405974873,"yarn build and lint (13, experimental)",2026-10-01T14:02:31Z,2026-10-01T14:03:43Z,2,actions_linux,0.006,0.012,ubuntu-latest
36872861932,13954,(Runtime) Build and Test,pull_request,dependabot[bot],Bot,bot,110405974905,"yarn build and lint (8, stable)",2026-10-01T14:02:32Z,2026-10-01T14:03:39Z,2,actions_linux,0.006,0.012,ubuntu-latest
36872861932,13954,(Runtime) Build and Test,pull_request,dependabot[bot],Bot,bot,110405974908,"yarn build and lint (13, stable)",2026-10-01T14:02:32Z,2026-10-01T14:03:45Z,2,actions_linux,0.006,0.012,ubuntu-latest
36872861932,13954,(Runtime) Build and Test,pull_request,dependabot[bot],Bot,bot,110405974915,"yarn build and lint (23, experimental)",2026-10-01T14:02:32Z,2026-10-01T14:03:51Z,2,actions_linux,0.006,0.012,ubuntu-latest
36872861932,13954,(Runtime) Build and Test,pull_request,dependabot[bot],Bot,bot,110405974916,"yarn build and lint (20, stable)",2026-10-01T14:02:32Z,2026-10-01T14:03:49Z,2,actions_linux,0.006,0.012,ubuntu-latest
36872861932,13954,(Runtime) Build and Test,pull_request,dependabot[bot],Bot,bot,110405974956,"yarn build and lint (23, stable)",2026-10-01T14:02:31Z,2026-10-01T14:03:45Z,2,actions_linux,0.006,0.012,ubuntu-latest
36872861932,13954,(Runtime) Build and Test,pull_request,dependabot[bot],Bot,bot,110405974959,"yarn build and lint (24, stable)",2026-10-01T14:02:31Z,2026-10-01T14:03:52Z,2,actions_linux,0.006,0.012,ubuntu-latest
36872861932,13954,(Runtime) Build and Test,pull_request,dependabot[bot],Bot,bot,110405974960,"yarn build and lint (21, experimental)",2026-10-01T14:02:31Z,2026-10-01T14:03:48Z,2,actions_linux,0.006,0.012,ubuntu-latest
36872861932,13954,(Runtime) Build and Test,pull_request,dependabot[bot],Bot,bot,110405974963,"yarn build and lint (14, experimental)",2026-10-01T14:02:32Z,2026-10-01T14:03:48Z,2,actions_linux,0.006,0.012,ubuntu-latest
36872861932,13954,(Runtime) Build and Test,pull_request,dependabot[bot],Bot,bot,110405974967,"yarn build and lint (4, stable)",2026-10-01T14:02:31Z,2026-10-01T14:03:49Z,2,actions_linux,0.006,0.012,ubuntu-latest
36872861932,13954,(Runtime) Build and Test,pull_request,dependabot[bot],Bot,bot,110405974972,"yarn build and lint (12, experimental)",2026-10-01T14:02:32Z,2026-10-01T14:04:13Z,2,actions_linux,0.006,0.012,ubuntu-latest
36872861932,13954,(Runtime) Build and Test,pull_request,dependabot[bot],Bot,bot,110405974977,"yarn build and lint (16, experimental)",2026-10-01T14:02:32Z,2026-10-01T14:03:47Z,2,actions_linux,0.006,0.012,ubuntu-latest
36872861932,13954,(Runtime) Build and Test,pull_request,dependabot[bot],Bot,bot,110405974983,"yarn build and lint (22, stable)",2026-10-01T14:02:33Z,2026-10-01T14:03:59Z,2,actions_linux,0.006,0.012,ubuntu-latest
36872861932,13954,(Runtime) Build and Test,pull_request,dependabot[bot],Bot,bot,110405975001,"yarn build and lint (18, experimental)",2026-10-01T14:02:31Z,2026-10-01T14:03:48Z,2,actions_linux,0.006,0.012,ubuntu-latest
36872861932,13954,(Runtime) Build and Test,pull_request,dependabot[bot],Bot,bot,110405975009,"yarn build and lint (11, experimental)",2026-10-01T14:02:32Z,2026-10-01T14:04:16Z,2,actions_linux,0.006,0.012,ubuntu-latest
36872861932,13954,(Runtime) Build and Test,pull_request,dependabot[bot],Bot,bot,110405975010,"yarn build and lint (12, stable)",2026-10-01T14:02:32Z,2026-10-01T14:03:46Z,2,actions_linux,0.006,0.012,ubuntu-latest
36872861932,13954,(Runtime) Build and Test,pull_request,dependabot[bot],Bot,bot,110405975021,"yarn build and lint (8, experimental)",2026-10-01T14:02:31Z,2026-10-01T14:03:47Z,2,actions_linux,0.006,0.012,ubuntu-latest
36872861932,13954,(Runtime) Build and Test,pull_request,dependabot[bot],Bot,bot,110405975023,"yarn build and lint (5, experimental)",2026-10-01T14:02:32Z,2026-10-01T14:03:47Z,2,actions_linux,0.006,0.012,ubuntu-latest
36872861932,13954,(Runtime) Build and Test,pull_request,dependabot[bot],Bot,bot,110405975025,"yarn build and lint (21, stable)",2026-10-01T14:02:32Z,2026-10-01T14:04:03Z,2,actions_linux,0.006,0.012,ubuntu-latest
36872861932,13954,(Runtime) Build and Test,pull_request,dependabot[bot],Bot,bot,110405975029,"yarn build and lint (22, experimental)",2026-10-01T14:02:31Z,2026-10-01T14:03:34Z,2,actions_linux,0.006,0.012,ubuntu-latest
36872861932,13954,(Runtime) Build and Test,pull_request,dependabot[bot],Bot,bot,110405975035,"yarn build and lint (11, stable)",2026-10-01T14:02:34Z,2026-10-01T14:04:13Z,2,actions_linux,0.006,0.012,ubuntu-latest
36872861932,13954,(Runtime) Build and Test,pull_request,dependabot[bot],Bot,bot,110405975064,"yarn build and lint (10, stable)",2026-10-01T14:02:33Z,2026-10-01T14:04:08Z,2,actions_linux,0.006,0.012,ubuntu-latest
36872861932,13954,(Runtime) Build and Test,pull_request,dependabot[bot],Bot,bot,110405975086,"yarn build and lint (18, stable)",2026-10-01T14:02:31Z,2026-10-01T14:03:41Z,2,actions_linux,0.006,0.012,ubuntu-latest
36872861932,13954,(Runtime) Build and Test,pull_request,dependabot[bot],Bot,bot,110405975125,"yarn build and lint (16, stable)",2026-10-01T14:02:31Z,2026-10-01T14:03:48Z,2,actions_linux,0.006,0.012,ubuntu-latest
36872861932,13954,(Runtime) Build and Test,pull_request,dependabot[bot],Bot,bot,110405975132,"yarn build and lint (24, experimental)",2026-10-01T14:02:33Z,2026-10-01T14:03:53Z,2,actions_linux,0.006,0.012,ubuntu-latest
36872861932,13954,(Runtime) Build and Test,pull_request,dependabot[bot],Bot,bot,110405975226,"yarn build and lint (20, experimental)",2026-10-01T14:02:32Z,2026-10-01T14:03:59Z,2,actions_linux,0.006,0.012,ubuntu-latest
36872861932,13954,(Runtime) Build and Test,pull_request,dependabot[bot],Bot,bot,110405975237,"yarn build and lint (17, stable)",2026-10-01T14:02:32Z,2026-10-01T14:03:57Z,2,actions_linux,0.006,0.012,ubuntu-latest
36872861932,13954,(Runtime) Build and Test,pull_request,dependabot[bot],Bot,bot,110405975883,"yarn build and lint (19, stable)",2026-10-01T14:02:31Z,2026-10-01T14:03:50Z,2,actions_linux,0.006,0.012,ubuntu-latest
36872861932,13954,(Runtime) Build and Test,pull_request,dependabot[bot],Bot,bot,110405976239,yarn test -r=experimental --env=development (Shard 1/5),2026-10-01T14:02:32Z,2026-10-01T14:04:51Z,3,actions_linux,0.006,0.018000000000000002,ubuntu-latest
36872861932,13954,(Runtime) Build and Test,pull_request,dependabot[bot],Bot,bot,110405976250,yarn test -r=stable --env=production (Shard 5/5),2026-10-01T14:02:34Z,2026-10-01T14:04:41Z,3,actions_linux,0.006,0.018000000000000002,ubuntu-latest
36872861932,13954,(Runtime) Build and Test,pull_request,dependabot[bot],Bot,bot,110405976251,yarn test -r=stable --env=development (Shard 4/5),2026-10-01T14:02:34Z,2026-10-01T14:05:17Z,3,actions_linux,0.006,0.018000000000000002,ubuntu-latest
36872861932,13954,(Runtime) Build and Test,pull_request,dependabot[bot],Bot,bot,110405976271,yarn test -r=stable --env=production (Shard 1/5),2026-10-01T14:02:32Z,2026-10-01T14:04:41Z,3,actions_linux,0.006,0.018000000000000002,ubuntu-latest
36872861932,13954,(Runtime) Build and Test,pull_request,dependabot[bot],Bot,bot,110405976303,yarn test -r=stable --env=development (Shard 3/5),2026-10-01T14:02:33Z,2026-10-01T14:03:58Z,2,actions_linux,0.006,0.012,ubuntu-latest
36872861932,13954,(Runtime) Build and Test,pull_request,dependabot[bot],Bot,bot,110405976327,yarn test -r=stable --env=production (Shard 2/5),2026-10-01T14:02:34Z,2026-10-01T14:04:55Z,3,actions_linux,0.006,0.018000000000000002,ubuntu-latest
36872861932,13954,(Runtime) Build and Test,pull_request,dependabot[bot],Bot,bot,110405976333,yarn test -r=stable --env=development (Shard 5/5),2026-10-01T14:02:32Z,2026-10-01T14:05:05Z,3,actions_linux,0.006,0.018000000000000002,ubuntu-latest
36872861932,13954,(Runtime) Build and Test,pull_request,dependabot[bot],Bot,bot,110405976366,yarn test -r=stable --env=development (Shard 2/5),2026-10-01T14:02:32Z,2026-10-01T14:05:02Z,3,actions_linux,0.006,0.018000000000000002,ubuntu-latest
36872861932,13954,(Runtime) Build and Test,pull_request,dependabot[bot],Bot,bot,110405976375,yarn test -r=stable --env=development (Shard 1/5),2026-10-01T14:02:31Z,2026-10-01T14:04:34Z,3,actions_linux,0.006,0.018000000000000002,ubuntu-latest
36872861932,13954,(Runtime) Build and Test,pull_request,dependabot[bot],Bot,bot,110405976467,yarn test -r=stable --env=production (Shard 4/5),2026-10-01T14:02:32Z,2026-10-01T14:04:58Z,3,actions_linux,0.006,0.018000000000000002,ubuntu-latest
36872861932,13954,(Runtime) Build and Test,pull_request,dependabot[bot],Bot,bot,110405976468,yarn test -r=experimental --env=production (Shard 5/5),2026-10-01T14:02:32Z,2026-10-01T14:04:38Z,3,actions_linux,0.006,0.018000000000000002,ubuntu-latest
36872861932,13954,(Runtime) Build and Test,pull_request,dependabot[bot],Bot,bot,110405976496,yarn test -r=experimental --env=development (Shard 2/5),2026-10-01T14:02:32Z,2026-10-01T14:04:10Z,2,actions_linux,0.006,0.012,ubuntu-latest
36872861932,13954,(Runtime) Build and Test,pull_request,dependabot[bot],Bot,bot,110405976527,yarn test -r=experimental --env=production (Shard 2/5),2026-10-01T14:02:32Z,2026-10-01T14:04:45Z,3,actions_linux,0.006,0.018000000000000002,ubuntu-latest
36872861932,13954,(Runtime) Build and Test,pull_request,dependabot[bot],Bot,bot,110405976541,yarn test -r=www-classic --env=development --variant=false (Shard 4/5),2026-10-01T14:02:33Z,2026-10-01T14:04:34Z,3,actions_linux,0.006,0.018000000000000002,ubuntu-latest
36872861932,13954,(Runtime) Build and Test,pull_request,dependabot[bot],Bot,bot,110405976558,yarn test -r=experimental --env=production (Shard 1/5),2026-10-01T14:02:31Z,2026-10-01T14:04:34Z,3,actions_linux,0.006,0.018000000000000002,ubuntu-latest
36872861932,13954,(Runtime) Build and Test,pull_request,dependabot[bot],Bot,bot,110405976559,yarn test -r=www-classic --env=development --variant=false (Shard 3/5),2026-10-01T14:02:40Z,2026-10-01T14:04:53Z,3,actions_linux,0.006,0.018000000000000002,ubuntu-latest
36872861932,13954,(Runtime) Build and Test,pull_request,dependabot[bot],Bot,bot,110405976573,yarn test -r=experimental --env=development (Shard 3/5),2026-10-01T14:02:33Z,2026-10-01T14:04:23Z,2,actions_linux,0.006,0.012,ubuntu-latest
36872861932,13954,(Runtime) Build and Test,pull_request,dependabot[bot],Bot,bot,110405976630,yarn test -r=stable --env=production (Shard 3/5),2026-10-01T14:02:32Z,2026-10-01T14:03:59Z,2,actions_linux,0.006,0.012,ubuntu-latest
36872861932,13954,(Runtime) Build and Test,pull_request,dependabot[bot],Bot,bot,110405976650,yarn test -r=experimental --env=development (Shard 4/5),2026-10-01T14:02:34Z,2026-10-01T14:05:16Z,3,actions_linux,0.006,0.018000000000000002,ubuntu-latest
36872861932,13954,(Runtime) Build and Test,pull_request,dependabot[bot],Bot,bot,110405976670,yarn test -r=www-classic --env=development --variant=false (Shard 5/5),2026-10-01T14:02:36Z,2026-10-01T14:05:08Z,3,actions_linux,0.006,0.018000000000000002,ubuntu-latest
36872861932,13954,(Runtime) Build and Test,pull_request,dependabot[bot],Bot,bot,110405976735,yarn test -r=www-classic --env=production --variant=false (Shard 2/5),2026-10-01T14:02:32Z,2026-10-01T14:04:44Z,3,actions_linux,0.006,0.018000000000000002,ubuntu-latest
36872861932,13954,(Runtime) Build and Test,pull_request,dependabot[bot],Bot,bot,110405976738,yarn test -r=www-classic --env=production --variant=true (Shard 4/5),2026-10-01T14:02:31Z,2026-10-01T14:04:58Z,3,actions_linux,0.006,0.018000000000000002,ubuntu-latest
36872861932,13954,(Runtime) Build and Test,pull_request,dependabot[bot],Bot,bot,110405976805,yarn test -r=experimental --env=development (Shard 5/5),2026-10-01T14:02:31Z,2026-10-01T14:04:27Z,2,actions_linux,0.006,0.012,ubuntu-latest
36872861932,13954,(Runtime) Build and Test,pull_request,dependabot[bot],Bot,bot,110405976806,yarn test -r=experimental --env=production (Shard 4/5),2026-10-01T14:02:32Z,2026-10-01T14:05:01Z,3,actions_linux,0.006,0.018000000000000002,ubuntu-latest
36872861932,13954,(Runtime) Build and Test,pull_request,dependabot[bot],Bot,bot,110405976812,yarn test -r=www-modern --env=development --variant=false (Shard 1/5),2026-10-01T14:02:32Z,2026-10-01T14:04:33Z,3,actions_linux,0.006,0.018000000000000002,ubuntu-latest
36872861932,13954,(Runtime) Build and Test,pull_request,dependabot[bot],Bot,bot,110405976815,yarn test -r=www-classic --env=production --variant=false (Shard 4/5),2026-10-01T14:02:32Z,2026-10-01T14:04:25Z,2,actions_linux,0.006,0.012,ubuntu-latest
36872861932,13954,(Runtime) Build and Test,pull_request,dependabot[bot],Bot,bot,110405976818,yarn test -r=www-modern --env=development --variant=false (Shard 3/5),2026-10-01T14:02:32Z,2026-10-01T14:04:13Z,2,actions_linux,0.006,0.012,ubuntu-latest
36872861932,13954,(Runtime) Build and Test,pull_request,dependabot[bot],Bot,bot,110405976822,yarn test -r=www-classic --env=production --variant=false (Shard 3/5),2026-10-01T14:02:32Z,2026-10-01T14:04:25Z,2,actions_linux,0.006,0.012,ubuntu-latest
36872861932,13954,(Runtime) Build and Test,pull_request,dependabot[bot],Bot,bot,110405976830,yarn test -r=www-classic --env=development --variant=false (Shard 1/5),2026-10-01T14:02:31Z,2026-10-01T14:04:11Z,2,actions_linux,0.006,0.012,ubuntu-latest
36872861932,13954,(Runtime) Build and Test,pull_request,dependabot[bot],Bot,bot,110405976831,yarn test -r=www-modern --env=production --variant=true (Shard 3/5),2026-10-01T14:02:32Z,2026-10-01T14:04:32Z,2,actions_linux,0.006,0.012,ubuntu-latest
36872861932,13954,(Runtime) Build and Test,pull_request,dependabot[bot],Bot,bot,110405976833,yarn test -r=www-classic --env=production --variant=true (Shard 5/5),2026-10-01T14:02:34Z,2026-10-01T14:04:28Z,2,actions_linux,0.006,0.012,ubuntu-latest
36872861932,13954,(Runtime) Build and Test,pull_request,dependabot[bot],Bot,bot,110405976837,yarn test -r=www-modern --env=production --variant=true (Shard 1/5),2026-10-01T14:02:32Z,2026-10-01T14:04:12Z,2,actions_linux,0.006,0.012,ubuntu-latest
36872861932,13954,(Runtime) Build and Test,pull_request,dependabot[bot],Bot,bot,110405976838,yarn test -r=www-modern --env=development --variant=true (Shard 1/5),2026-10-01T14:02:31Z,2026-10-01T14:04:38Z,3,actions_linux,0.006,0.018000000000000002,ubuntu-latest
36872861932,13954,(Runtime) Build and Test,pull_request,dependabot[bot],Bot,bot,110405976843,yarn test -r=www-classic --env=production --variant=true (Shard 2/5),2026-10-01T14:02:32Z,2026-10-01T14:04:05Z,2,actions_linux,0.006,0.012,ubuntu-latest
36872861932,13954,(Runtime) Build and Test,pull_request,dependabot[bot],Bot,bot,110405976844,yarn test -r=www-modern --env=production --variant=false (Shard 2/5),2026-10-01T14:02:32Z,2026-10-01T14:04:53Z,3,actions_linux,0.006,0.018000000000000002,ubuntu-latest
36872861932,13954,(Runtime) Build and Test,pull_request,dependabot[bot],Bot,bot,110405976862,yarn test -r=www-modern --env=production --variant=false (Shard 4/5),2026-10-01T14:02:33Z,2026-10-01T14:04:40Z,3,actions_linux,0.006,0.018000000000000002,ubuntu-latest
36872861932,13954,(Runtime) Build and Test,pull_request,dependabot[bot],Bot,bot,110405976874,yarn test -r=www-modern --env=development --variant=true (Shard 2/5),2026-10-01T14:02:32Z,2026-10-01T14:04:50Z,3,actions_linux,0.006,0.018000000000000002,ubuntu-latest
36872861932,13954,(Runtime) Build and Test,pull_request,dependabot[bot],Bot,bot,110405976884,yarn test -r=experimental --env=production (Shard 3/5),2026-10-01T14:02:33Z,2026-10-01T14:04:15Z,2,actions_linux,0.006,0.012,ubuntu-latest
36872861932,13954,(Runtime) Build and Test,pull_request,dependabot[bot],Bot,bot,110405976912,yarn test -r=xplat --env=development --variant=false (Shard 2/5),2026-10-01T14:02:32Z,2026-10-01T14:03:37Z,2,actions_linux,0.006,0.012,ubuntu-latest
36872861932,13954,(Runtime) Build and Test,pull_request,dependabot[bot],Bot,bot,110405976916,yarn test -r=xplat --env=development --variant=false (Shard 3/5),2026-10-01T14:02:31Z,2026-10-01T14:03:31Z,1,actions_linux,0.006,0.006,ubuntu-latest
36872861932,13954,(Runtime) Build and Test,pull_request,dependabot[bot],Bot,bot,110405976920,yarn test -r=www-modern --env=production --variant=false (Shard 5/5),2026-10-01T14:02:32Z,2026-10-01T14:04:20Z,2,actions_linux,0.006,0.012,ubuntu-latest
36872861932,13954,(Runtime) Build and Test,pull_request,dependabot[bot],Bot,bot,110405976927,yarn test -r=xplat --env=development --variant=false (Shard 1/5),2026-10-01T14:02:31Z,2026-10-01T14:03:18Z,1,actions_linux,0.006,0.006,ubuntu-latest
36872861932,13954,(Runtime) Build and Test,pull_request,dependabot[bot],Bot,bot,110405976935,yarn test -r=www-modern --env=development --variant=false (Shard 2/5),2026-10-01T14:02:32Z,2026-10-01T14:05:09Z,3,actions_linux,0.006,0.018000000000000002,ubuntu-latest
36872861932,13954,(Runtime) Build and Test,pull_request,dependabot[bot],Bot,bot,110405976936,yarn test -r=www-modern --env=production --variant=true (Shard 4/5),2026-10-01T14:02:34Z,2026-10-01T14:05:25Z,3,actions_linux,0.006,0.018000000000000002,ubuntu-latest
36872861932,13954,(Runtime) Build and Test,pull_request,dependabot[bot],Bot,bot,110405976946,yarn test -r=www-classic --env=production --variant=true (Shard 1/5),2026-10-01T14:02:32Z,2026-10-01T14:04:27Z,2,actions_linux,0.006,0.012,ubuntu-latest
36872861932,13954,(Runtime) Build and Test,pull_request,dependabot[bot],Bot,bot,110405976950,yarn test -r=www-classic --env=production --variant=false (Shard 5/5),2026-10-01T14:02:32Z,2026-10-01T14:04:36Z,3,actions_linux,0.006,0.018000000000000002,ubuntu-latest
36872861932,13954,(Runtime) Build and Test,pull_request,dependabot[bot],Bot,bot,110405976956,yarn test -r=www-modern --env=development --variant=false (Shard 4/5),2026-10-01T14:02:31Z,2026-10-01T14:05:11Z,3,actions_linux,0.006,0.018000000000000002,ubuntu-latest
36872861932,13954,(Runtime) Build and Test,pull_request,dependabot[bot],Bot,bot,110405976958,yarn test -r=www-classic --env=development --variant=true (Shard 5/5),2026-10-01T14:02:31Z,2026-10-01T14:05:09Z,3,actions_linux,0.006,0.018000000000000002,ubuntu-latest
36872861932,13954,(Runtime) Build and Test,pull_request,dependabot[bot],Bot,bot,110405976960,yarn test -r=www-classic --env=development --variant=true (Shard 1/5),2026-10-01T14:02:32Z,2026-10-01T14:04:43Z,3,actions_linux,0.006,0.018000000000000002,ubuntu-latest
36872861932,13954,(Runtime) Build and Test,pull_request,dependabot[bot],Bot,bot,110405976972,yarn test -r=www-classic --env=production --variant=false (Shard 1/5),2026-10-01T14:02:33Z,2026-10-01T14:03:58Z,2,actions_linux,0.006,0.012,ubuntu-latest
36872861932,13954,(Runtime) Build and Test,pull_request,dependabot[bot],Bot,bot,110405976975,yarn test -r=www-modern --env=development --variant=false (Shard 5/5),2026-10-01T14:02:31Z,2026-10-01T14:04:56Z,3,actions_linux,0.006,0.018000000000000002,ubuntu-latest
36872861932,13954,(Runtime) Build and Test,pull_request,dependabot[bot],Bot,bot,110405976976,yarn test -r=www-classic --env=development --variant=true (Shard 3/5),2026-10-01T14:02:34Z,2026-10-01T14:04:12Z,2,actions_linux,0.006,0.012,ubuntu-latest
36872861932,13954,(Runtime) Build and Test,pull_request,dependabot[bot],Bot,bot,110405976989,yarn test -r=www-classic --env=production --variant=true (Shard 3/5),2026-10-01T14:02:31Z,2026-10-01T14:04:20Z,2,actions_linux,0.006,0.012,ubuntu-latest
36872861932,13954,(Runtime) Build and Test,pull_request,dependabot[bot],Bot,bot,110405977004,yarn test -r=www-classic --env=development --variant=true (Shard 2/5),2026-10-01T14:02:33Z,2026-10-01T14:04:49Z,3,actions_linux,0.006,0.018000000000000002,ubuntu-latest
36872861932,13954,(Runtime) Build and Test,pull_request,dependabot[bot],Bot,bot,110405977022,yarn test -r=www-modern --env=development --variant=true (Shard 3/5),2026-10-01T14:02:33Z,2026-10-01T14:04:20Z,2,actions_linux,0.006,0.012,ubuntu-latest
36872861932,13954,(Runtime) Build and Test,pull_request,dependabot[bot],Bot,bot,110405977049,yarn test -r=www-modern --env=production --variant=true (Shard 5/5),2026-10-01T14:02:33Z,2026-10-01T14:04:16Z,2,actions_linux,0.006,0.012,ubuntu-latest
36872861932,13954,(Runtime) Build and Test,pull_request,dependabot[bot],Bot,bot,110405977073,yarn test -r=www-modern --env=production --variant=true (Shard 2/5),2026-10-01T14:02:33Z,2026-10-01T14:05:03Z,3,actions_linux,0.006,0.018000000000000002,ubuntu-latest
36872861932,13954,(Runtime) Build and Test,pull_request,dependabot[bot],Bot,bot,110405977079,yarn test -r=www-modern --env=production --variant=false (Shard 3/5),2026-10-01T14:02:31Z,2026-10-01T14:04:24Z,2,actions_linux,0.006,0.012,ubuntu-latest
36872861932,13954,(Runtime) Build and Test,pull_request,dependabot[bot],Bot,bot,110405977117,yarn test -r=www-classic --env=development --variant=true (Shard 4/5),2026-10-01T14:02:33Z,2026-10-01T14:05:07Z,3,actions_linux,0.006,0.018000000000000002,ubuntu-latest
36872861932,13954,(Runtime) Build and Test,pull_request,dependabot[bot],Bot,bot,110405977135,yarn test -r=www-modern --env=development --variant=true (Shard 5/5),2026-10-01T14:02:33Z,2026-10-01T14:04:18Z,2,actions_linux,0.006,0.012,ubuntu-latest
36872861932,13954,(Runtime) Build and Test,pull_request,dependabot[bot],Bot,bot,110405977225,yarn test -r=www-modern --env=production --variant=false (Shard 1/5),2026-10-01T14:02:34Z,2026-10-01T14:04:50Z,3,actions_linux,0.006,0.018000000000000002,ubuntu-latest
36872861932,13954,(Runtime) Build and Test,pull_request,dependabot[bot],Bot,bot,110405977281,yarn test -r=xplat --env=development --variant=false (Shard 4/5),2026-10-01T14:02:33Z,2026-10-01T14:03:29Z,1,actions_linux,0.006,0.006,ubuntu-latest
36872861932,13954,(Runtime) Build and Test,pull_request,dependabot[bot],Bot,bot,110405977393,yarn test -r=www-modern --env=development --variant=true (Shard 4/5),2026-10-01T14:02:33Z,2026-10-01T14:05:11Z,3,actions_linux,0.006,0.018000000000000002,ubuntu-latest
36872861932,13954,(Runtime) Build and Test,pull_request,dependabot[bot],Bot,bot,110405977482,yarn test -r=www-classic --env=development --variant=false (Shard 2/5),2026-10-01T14:02:34Z,2026-10-01T14:04:45Z,3,actions_linux,0.006,0.018000000000000002,ubuntu-latest
36872861932,13954,(Runtime) Build and Test,pull_request,dependabot[bot],Bot,bot,110405985687,yarn test -r=xplat --env=development --variant=true (Shard 4/5),2026-10-01T14:02:35Z,2026-10-01T14:03:46Z,2,actions_linux,0.006,0.012,ubuntu-latest
36872861932,13954,(Runtime) Build and Test,pull_request,dependabot[bot],Bot,bot,110405985790,yarn test -r=xplat --env=development --variant=true (Shard 3/5),2026-10-01T14:02:33Z,2026-10-01T14:03:48Z,2,actions_linux,0.006,0.012,ubuntu-latest
36872861932,13954,(Runtime) Build and Test,pull_request,dependabot[bot],Bot,bot,110405985800,yarn test -r=xplat --env=development --variant=false (Shard 5/5),2026-10-01T14:02:33Z,2026-10-01T14:03:28Z,1,actions_linux,0.006,0.006,ubuntu-latest
36872861932,13954,(Runtime) Build and Test,pull_request,dependabot[bot],Bot,bot,110405985844,yarn test -r=xplat --env=production --variant=false (Shard 5/5),2026-10-01T14:02:34Z,2026-10-01T14:03:28Z,1,actions_linux,0.006,0.006,ubuntu-latest
36872861932,13954,(Runtime) Build and Test,pull_request,dependabot[bot],Bot,bot,110405985867,yarn test -r=xplat --env=production --variant=false (Shard 2/5),2026-10-01T14:02:33Z,2026-10-01T14:03:29Z,1,actions_linux,0.006,0.006,ubuntu-latest
36872861932,13954,(Runtime) Build and Test,pull_request,dependabot[bot],Bot,bot,110405985870,yarn test -r=xplat --env=production --variant=true (Shard 1/5),2026-10-01T14:02:33Z,2026-10-01T14:03:35Z,2,actions_linux,0.006,0.012,ubuntu-latest
36872861932,13954,(Runtime) Build and Test,pull_request,dependabot[bot],Bot,bot,110405985887,yarn test -r=stable --env=development --persistent (Shard 2/5),2026-10-01T14:02:33Z,2026-10-01T14:04:51Z,3,actions_linux,0.006,0.018000000000000002,ubuntu-latest
36872861932,13954,(Runtime) Build and Test,pull_request,dependabot[bot],Bot,bot,110405985922,yarn test -r=xplat --env=production --variant=false (Shard 4/5),2026-10-01T14:02:34Z,2026-10-01T14:03:31Z,1,actions_linux,0.006,0.006,ubuntu-latest
36872861932,13954,(Runtime) Build and Test,pull_request,dependabot[bot],Bot,bot,110405985931,yarn test -r=xplat --env=production --variant=false (Shard 3/5),2026-10-01T14:02:33Z,2026-10-01T14:03:48Z,2,actions_linux,0.006,0.012,ubuntu-latest
36872861932,13954,(Runtime) Build and Test,pull_request,dependabot[bot],Bot,bot,110405985943,yarn test -r=stable --env=development --persistent (Shard 3/5),2026-10-01T14:02:33Z,2026-10-01T14:04:38Z,3,actions_linux,0.006,0.018000000000000002,ubuntu-latest
36872861932,13954,(Runtime) Build and Test,pull_request,dependabot[bot],Bot,bot,110405985960,yarn test -r=xplat --env=production --variant=true (Shard 2/5),2026-10-01T14:02:34Z,2026-10-01T14:03:27Z,1,actions_linux,0.006,0.006,ubuntu-latest
36872861932,13954,(Runtime) Build and Test,pull_request,dependabot[bot],Bot,bot,110405985963,yarn test -r=xplat --env=development --variant=true (Shard 2/5),2026-10-01T14:02:33Z,2026-10-01T14:03:51Z,2,actions_linux,0.006,0.012,ubuntu-latest
36872861932,13954,(Runtime) Build and Test,pull_request,dependabot[bot],Bot,bot,110405985981,yarn test -r=xplat --env=development --variant=true (Shard 1/5),2026-10-01T14:02:34Z,2026-10-01T14:03:41Z,2,actions_linux,0.006,0.012,ubuntu-latest
36872861932,13954,(Runtime) Build and Test,pull_request,dependabot[bot],Bot,bot,110405986004,yarn test -r=xplat --env=production --variant=false (Shard 1/5),2026-10-01T14:02:33Z,2026-10-01T14:03:36Z,2,actions_linux,0.006,0.012,ubuntu-latest
36872861932,13954,(Runtime) Build and Test,pull_request,dependabot[bot],Bot,bot,110405986013,yarn test -r=experimental --env=development --persistent (Shard 5/5),2026-10-01T14:02:33Z,2026-10-01T14:04:17Z,2,actions_linux,0.006,0.012,ubuntu-latest
36872861932,13954,(Runtime) Build and Test,pull_request,dependabot[bot],Bot,bot,110405986035,yarn test -r=experimental --env=development --persistent (Shard 4/5),2026-10-01T14:02:33Z,2026-10-01T14:05:16Z,3,actions_linux,0.006,0.018000000000000002,ubuntu-latest
36872861932,13954,(Runtime) Build and Test,pull_request,dependabot[bot],Bot,bot,110405986038,yarn test -r=stable --env=development --persistent (Shard 5/5),2026-10-01T14:02:33Z,2026-10-01T14:05:06Z,3,actions_linux,0.006,0.018000000000000002,ubuntu-latest
36872861932,13954,(Runtime) Build and Test,pull_request,dependabot[bot],Bot,bot,110405986056,yarn test -r=xplat --env=development --variant=true (Shard 5/5),2026-10-01T14:02:33Z,2026-10-01T14:03:18Z,1,actions_linux,0.006,0.006,ubuntu-latest
36872861932,13954,(Runtime) Build and Test,pull_request,dependabot[bot],Bot,bot,110405986076,yarn test -r=experimental --env=development --persistent (Shard 2/5),2026-10-01T14:02:33Z,2026-10-01T14:04:47Z,3,actions_linux,0.006,0.018000000000000002,ubuntu-latest
36872861932,13954,(Runtime) Build and Test,pull_request,dependabot[bot],Bot,bot,110405986078,yarn test -r=xplat --env=production --variant=true (Shard 3/5),2026-10-01T14:02:33Z,2026-10-01T14:03:44Z,2,actions_linux,0.006,0.012,ubuntu-latest
36872861932,13954,(Runtime) Build and Test,pull_request,dependabot[bot],Bot,bot,110405986099,yarn test -r=stable --env=development --persistent (Shard 1/5),2026-10-01T14:02:34Z,2026-10-01T14:04:46Z,3,actions_linux,0.006,0.018000000000000002,ubuntu-latest
36872861932,13954,(Runtime) Build and Test,pull_request,dependabot[bot],Bot,bot,110405986108,yarn test -r=xplat --env=production --variant=true (Shard 5/5),2026-10-01T14:02:33Z,2026-10-01T14:03:28Z,1,actions_linux,0.006,0.006,ubuntu-latest
36872861932,13954,(Runtime) Build and Test,pull_request,dependabot[bot],Bot,bot,110405986110,yarn test -r=experimental --env=development --persistent (Shard 3/5),2026-10-01T14:02:33Z,2026-10-01T14:04:30Z,2,actions_linux,0.006,0.012,ubuntu-latest
36872861932,13954,(Runtime) Build and Test,pull_request,dependabot[bot],Bot,bot,110405986252,yarn test -r=experimental --env=development --persistent (Shard 1/5),2026-10-01T14:02:33Z,2026-10-01T14:03:58Z,2,actions_linux,0.006,0.012,ubuntu-latest
36872861932,13954,(Runtime) Build and Test,pull_request,dependabot[bot],Bot,bot,110405986314,yarn test -r=stable --env=development --persistent (Shard 4/5),2026-10-01T14:02:33Z,2026-10-01T14:05:11Z,3,actions_linux,0.006,0.018000000000000002,ubuntu-latest
36872861932,13954,(Runtime) Build and Test,pull_request,dependabot[bot],Bot,bot,110405986365,yarn test -r=xplat --env=production --variant=true (Shard 4/5),2026-10-01T14:02:34Z,2026-10-01T14:03:31Z,1,actions_linux,0.006,0.006,ubuntu-latest
36872861932,13954,(Runtime) Build and Test,pull_request,dependabot[bot],Bot,bot,110406844464,Process artifacts combined,2026-10-01T14:04:30Z,2026-10-01T14:05:07Z,1,actions_linux,0.006,0.006,ubuntu-latest
36872861932,13954,(Runtime) Build and Test,pull_request,dependabot[bot],Bot,bot,110406844554,Search build artifacts for unminified errors,2026-10-01T14:04:29Z,2026-10-01T14:04:49Z,1,actions_linux,0.006,0.006,ubuntu-latest
36872861932,13954,(Runtime) Build and Test,pull_request,dependabot[bot],Bot,bot,110406844589,Run React DevTools browser extension e2e tests,2026-10-01T14:04:30Z,2026-10-01T14:05:52Z,2,actions_linux,0.006,0.012,ubuntu-latest
36872861932,13954,(Runtime) Build and Test,pull_request,dependabot[bot],Bot,bot,110406844625,yarn test-build (devtools) (3/5),2026-10-01T14:04:30Z,2026-10-01T14:05:08Z,1,actions_linux,0.006,0.006,ubuntu-latest
36872861932,13954,(Runtime) Build and Test,pull_request,dependabot[bot],Bot,bot,110406844664,Check fixtures DOM (stable),2026-10-01T14:04:29Z,2026-10-01T14:05:03Z,1,actions_linux,0.006,0.006,ubuntu-latest
36872861932,13954,(Runtime) Build and Test,pull_request,dependabot[bot],Bot,bot,110406844680,yarn test-build (devtools) (1/5),2026-10-01T14:04:29Z,2026-10-01T14:05:12Z,1,actions_linux,0.006,0.006,ubuntu-latest
36872861932,13954,(Runtime) Build and Test,pull_request,dependabot[bot],Bot,bot,110406844740,yarn test-build (devtools) (4/5),2026-10-01T14:04:29Z,2026-10-01T14:05:47Z,2,actions_linux,0.006,0.012,ubuntu-latest
36872861932,13954,(Runtime) Build and Test,pull_request,dependabot[bot],Bot,bot,110406844757,Run fixtures Flight tests,2026-10-01T14:04:29Z,2026-10-01T14:08:03Z,4,actions_linux,0.006,0.024,ubuntu-latest
36872861932,13954,(Runtime) Build and Test,pull_request,dependabot[bot],Bot,bot,110406844778,Run sizebot,2026-10-01T14:04:29Z,2026-10-01T14:06:33Z,3,actions_linux,0.006,0.018000000000000002,ubuntu-latest
36872861932,13954,(Runtime) Build and Test,pull_request,dependabot[bot],Bot,bot,110406844793,yarn test-build (devtools) (5/5),2026-10-01T14:04:29Z,2026-10-01T14:05:05Z,1,actions_linux,0.006,0.006,ubuntu-latest
36872861932,13954,(Runtime) Build and Test,pull_request,dependabot[bot],Bot,bot,110406844794,Check release dependencies,2026-10-01T14:04:30Z,2026-10-01T14:04:50Z,1,actions_linux,0.006,0.006,ubuntu-latest
36872861932,13954,(Runtime) Build and Test,pull_request,dependabot[bot],Bot,bot,110406844839,yarn test-build (devtools) (2/5),2026-10-01T14:04:29Z,2026-10-01T14:05:11Z,1,actions_linux,0.006,0.006,ubuntu-latest
36872861932,13954,(Runtime) Build and Test,pull_request,dependabot[bot],Bot,bot,110406845033,Run react-devtools-cdt-mcp e2e tests,2026-10-01T14:05:05Z,2026-10-01T14:05:50Z,1,actions_linux,0.006,0.006,ubuntu-latest
36872861932,13954,(Runtime) Build and Test,pull_request,dependabot[bot],Bot,bot,110406845087,Build DevTools and process artifacts (edge),2026-10-01T14:04:29Z,2026-10-01T14:05:17Z,1,actions_linux,0.006,0.006,ubuntu-latest
36872861932,13954,(Runtime) Build and Test,pull_request,dependabot[bot],Bot,bot,110406845201,Build DevTools and process artifacts (chrome),2026-10-01T14:04:29Z,2026-10-01T14:05:10Z,1,actions_linux,0.006,0.006,ubuntu-latest
36872861932,13954,(Runtime) Build and Test,pull_request,dependabot[bot],Bot,bot,110406845214,Build DevTools and process artifacts (firefox),2026-10-01T14:04:29Z,2026-10-01T14:05:18Z,1,actions_linux,0.006,0.006,ubuntu-latest
36872861932,13954,(Runtime) Build and Test,pull_request,dependabot[bot],Bot,bot,110406846115,"yarn test-build (-r=stable --env=development, 4/10)",2026-10-01T14:04:29Z,2026-10-01T14:05:26Z,1,actions_linux,0.006,0.006,ubuntu-latest
36872861932,13954,(Runtime) Build and Test,pull_request,dependabot[bot],Bot,bot,110406846199,"yarn test-build (-r=stable --env=production, 6/10)",2026-10-01T14:04:29Z,2026-10-01T14:05:20Z,1,actions_linux,0.006,0.006,ubuntu-latest
36872861932,13954,(Runtime) Build and Test,pull_request,dependabot[bot],Bot,bot,110406846263,"yarn test-build (-r=stable --env=development, 7/10)",2026-10-01T14:04:29Z,2026-10-01T14:05:29Z,1,actions_linux,0.006,0.006,ubuntu-latest
36872861932,13954,(Runtime) Build and Test,pull_request,dependabot[bot],Bot,bot,110406846302,"yarn test-build (-r=stable --env=development, 8/10)",2026-10-01T14:05:06Z,2026-10-01T14:06:05Z,1,actions_linux,0.006,0.006,ubuntu-latest
36872861932,13954,(Runtime) Build and Test,pull_request,dependabot[bot],Bot,bot,110406846319,"yarn test-build (-r=stable --env=production, 4/10)",2026-10-01T14:04:30Z,2026-10-01T14:05:30Z,1,actions_linux,0.006,0.006,ubuntu-latest
36872861932,13954,(Runtime) Build and Test,pull_request,dependabot[bot],Bot,bot,110406846326,"yarn test-build (-r=stable --env=production, 1/10)",2026-10-01T14:04:29Z,2026-10-01T14:06:07Z,2,actions_linux,0.006,0.012,ubuntu-latest
36872861932,13954,(Runtime) Build and Test,pull_request,dependabot[bot],Bot,bot,110406846392,"yarn test-build (-r=stable --env=production, 5/10)",2026-10-01T14:04:31Z,2026-10-01T14:05:24Z,1,actions_linux,0.006,0.006,ubuntu-latest
36872861932,13954,(Runtime) Build and Test,pull_request,dependabot[bot],Bot,bot,110406846396,"yarn test-build (-r=stable --env=development, 2/10)",2026-10-01T14:04:30Z,2026-10-01T14:06:08Z,2,actions_linux,0.006,0.012,ubuntu-latest
36872861932,13954,(Runtime) Build and Test,pull_request,dependabot[bot],Bot,bot,110406846400,"yarn test-build (-r=stable --env=development, 10/10)",2026-10-01T14:04:29Z,2026-10-01T14:05:17Z,1,actions_linux,0.006,0.006,ubuntu-latest
36872861932,13954,(Runtime) Build and Test,pull_request,dependabot[bot],Bot,bot,110406846408,"yarn test-build (-r=stable --env=development, 5/10)",2026-10-01T14:04:29Z,2026-10-01T14:05:08Z,1,actions_linux,0.006,0.006,ubuntu-latest
36872861932,13954,(Runtime) Build and Test,pull_request,dependabot[bot],Bot,bot,110406846423,"yarn test-build (-r=stable --env=development, 1/10)",2026-10-01T14:04:29Z,2026-10-01T14:05:44Z,2,actions_linux,0.006,0.012,ubuntu-latest
36872861932,13954,(Runtime) Build and Test,pull_request,dependabot[bot],Bot,bot,110406846435,"yarn test-build (-r=stable --env=development, 9/10)",2026-10-01T14:04:32Z,2026-10-01T14:05:31Z,1,actions_linux,0.006,0.006,ubuntu-latest
36872861932,13954,(Runtime) Build and Test,pull_request,dependabot[bot],Bot,bot,110406846443,"yarn test-build (-r=stable --env=development, 3/10)",2026-10-01T14:04:30Z,2026-10-01T14:05:35Z,2,actions_linux,0.006,0.012,ubuntu-latest
36872861932,13954,(Runtime) Build and Test,pull_request,dependabot[bot],Bot,bot,110406846445,"yarn test-build (-r=stable --env=production, 3/10)",2026-10-01T14:04:29Z,2026-10-01T14:05:37Z,2,actions_linux,0.006,0.012,ubuntu-latest
36872861932,13954,(Runtime) Build and Test,pull_request,dependabot[bot],Bot,bot,110406846446,"yarn test-build (-r=stable --env=production, 10/10)",2026-10-01T14:04:29Z,2026-10-01T14:05:15Z,1,actions_linux,0.006,0.006,ubuntu-latest
36872861932,13954,(Runtime) Build and Test,pull_request,dependabot[bot],Bot,bot,110406846449,"yarn test-build (-r=stable --env=production, 2/10)",2026-10-01T14:04:29Z,2026-10-01T14:06:21Z,2,actions_linux,0.006,0.012,ubuntu-latest
36872861932,13954,(Runtime) Build and Test,pull_request,dependabot[bot],Bot,bot,110406846451,"yarn test-build (-r=stable --env=production, 8/10)",2026-10-01T14:04:30Z,2026-10-01T14:05:26Z,1,actions_linux,0.006,0.006,ubuntu-latest
36872861932,13954,(Runtime) Build and Test,pull_request,dependabot[bot],Bot,bot,110406846487,"yarn test-build (-r=stable --env=production, 9/10)",2026-10-01T14:04:29Z,2026-10-01T14:05:14Z,1,actions_linux,0.006,0.006,ubuntu-latest
36872861932,13954,(Runtime) Build and Test,pull_request,dependabot[bot],Bot,bot,110406846494,"yarn test-build (-r=experimental --env=development, 3/10)",2026-10-01T14:04:30Z,2026-10-01T14:05:48Z,2,actions_linux,0.006,0.012,ubuntu-latest
36872861932,13954,(Runtime) Build and Test,pull_request,dependabot[bot],Bot,bot,110406846497,"yarn test-build (-r=stable --env=development, 6/10)",2026-10-01T14:04:29Z,2026-10-01T14:05:50Z,2,actions_linux,0.006,0.012,ubuntu-latest
36872861932,13954,(Runtime) Build and Test,pull_request,dependabot[bot],Bot,bot,110406846544,"yarn test-build (-r=experimental --env=production, 1/10)",2026-10-01T14:04:29Z,2026-10-01T14:05:49Z,2,actions_linux,0.006,0.012,ubuntu-latest
36872861932,13954,(Runtime) Build and Test,pull_request,dependabot[bot],Bot,bot,110406846574,"yarn test-build (-r=experimental --env=production, 5/10)",2026-10-01T14:04:29Z,2026-10-01T14:05:13Z,1,actions_linux,0.006,0.006,ubuntu-latest
36872861932,13954,(Runtime) Build and Test,pull_request,dependabot[bot],Bot,bot,110406846576,"yarn test-build (-r=stable --env=production, 7/10)",2026-10-01T14:04:29Z,2026-10-01T14:05:24Z,1,actions_linux,0.006,0.006,ubuntu-latest
36872861932,13954,(Runtime) Build and Test,pull_request,dependabot[bot],Bot,bot,110406846577,"yarn test-build (-r=experimental --env=development, 10/10)",2026-10-01T14:04:31Z,2026-10-01T14:05:29Z,1,actions_linux,0.006,0.006,ubuntu-latest
36872861932,13954,(Runtime) Build and Test,pull_request,dependabot[bot],Bot,bot,110406846655,"yarn test-build (-r=experimental --env=development, 4/10)",2026-10-01T14:04:29Z,2026-10-01T14:05:26Z,1,actions_linux,0.006,0.006,ubuntu-latest
36872861932,13954,(Runtime) Build and Test,pull_request,dependabot[bot],Bot,bot,110406846681,"yarn test-build (-r=experimental --env=production, 6/10)",2026-10-01T14:04:31Z,2026-10-01T14:05:38Z,2,actions_linux,0.006,0.012,ubuntu-latest
36872861932,13954,(Runtime) Build and Test,pull_request,dependabot[bot],Bot,bot,110406846691,"yarn test-build (-r=experimental --env=development, 6/10)",2026-10-01T14:04:29Z,2026-10-01T14:05:41Z,2,actions_linux,0.006,0.012,ubuntu-latest
36872861932,13954,(Runtime) Build and Test,pull_request,dependabot[bot],Bot,bot,110406846699,"yarn test-build (-r=experimental --env=production, 10/10)",2026-10-01T14:04:30Z,2026-10-01T14:05:17Z,1,actions_linux,0.006,0.006,ubuntu-latest
36872861932,13954,(Runtime) Build and Test,pull_request,dependabot[bot],Bot,bot,110406846709,"yarn test-build (-r=experimental --env=production, 3/10)",2026-10-01T14:04:30Z,2026-10-01T14:05:38Z,2,actions_linux,0.006,0.012,ubuntu-latest
36872861932,13954,(Runtime) Build and Test,pull_request,dependabot[bot],Bot,bot,110406846715,"yarn test-build (-r=experimental --env=development, 9/10)",2026-10-01T14:04:29Z,2026-10-01T14:05:18Z,1,actions_linux,0.006,0.006,ubuntu-latest
36872861932,13954,(Runtime) Build and Test,pull_request,dependabot[bot],Bot,bot,110406846722,"yarn test-build (-r=experimental --env=production, 7/10)",2026-10-01T14:04:31Z,2026-10-01T14:05:28Z,1,actions_linux,0.006,0.006,ubuntu-latest
36872861932,13954,(Runtime) Build and Test,pull_request,dependabot[bot],Bot,bot,110406846723,"yarn test-build (-r=experimental --env=production, 4/10)",2026-10-01T14:04:29Z,2026-10-01T14:05:19Z,1,actions_linux,0.006,0.006,ubuntu-latest
36872861932,13954,(Runtime) Build and Test,pull_request,dependabot[bot],Bot,bot,110406846731,"yarn test-build (-r=experimental --env=production, 8/10)",2026-10-01T14:04:29Z,2026-10-01T14:05:13Z,1,actions_linux,0.006,0.006,ubuntu-latest
36872861932,13954,(Runtime) Build and Test,pull_request,dependabot[bot],Bot,bot,110406846748,"yarn test-build (-r=experimental --env=development, 8/10)",2026-10-01T14:04:30Z,2026-10-01T14:05:24Z,1,actions_linux,0.006,0.006,ubuntu-latest
36872861932,13954,(Runtime) Build and Test,pull_request,dependabot[bot],Bot,bot,110406846758,"yarn test-build (-r=experimental --env=development, 2/10)",2026-10-01T14:04:31Z,2026-10-01T14:06:26Z,2,actions_linux,0.006,0.012,ubuntu-latest
36872861932,13954,(Runtime) Build and Test,pull_request,dependabot[bot],Bot,bot,110406846761,"yarn test-build (-r=experimental --env=production, 2/10)",2026-10-01T14:04:29Z,2026-10-01T14:06:18Z,2,actions_linux,0.006,0.012,ubuntu-latest
36872861932,13954,(Runtime) Build and Test,pull_request,dependabot[bot],Bot,bot,110406846763,"yarn test-build (-r=experimental --env=development, 1/10)",2026-10-01T14:04:32Z,2026-10-01T14:06:11Z,2,actions_linux,0.006,0.012,ubuntu-latest
36872861932,13954,(Runtime) Build and Test,pull_request,dependabot[bot],Bot,bot,110406846783,"yarn test-build (-r=experimental --env=production, 9/10)",2026-10-01T14:05:05Z,2026-10-01T14:05:50Z,1,actions_linux,0.006,0.006,ubuntu-latest
36872861932,13954,(Runtime) Build and Test,pull_request,dependabot[bot],Bot,bot,110406846806,"yarn test-build (-r=experimental --env=development, 7/10)",2026-10-01T14:04:30Z,2026-10-01T14:05:24Z,1,actions_linux,0.006,0.006,ubuntu-latest
36872861932,13954,(Runtime) Build and Test,pull_request,dependabot[bot],Bot,bot,110406846908,"yarn test-build (-r=experimental --env=development, 5/10)",2026-10-01T14:04:30Z,2026-10-01T14:05:20Z,1,actions_linux,0.006,0.006,ubuntu-latest
36872861932,13954,(Runtime) Build and Test,pull_request,dependabot[bot],Bot,bot,110407271058,Merge DevTools artifacts,2026-10-01T14:05:26Z,2026-10-01T14:05:31Z,1,actions_linux,0.006,0.006,ubuntu-latest
36872861913,19980,(Shared) Lint,pull_request,dependabot[bot],Bot,bot,110404784166,Check license,2026-10-01T13:59:52Z,2026-10-01T14:01:29Z,2,actions_linux,0.006,0.012,ubuntu-latest
36872861913,19980,(Shared) Lint,pull_request,dependabot[bot],Bot,bot,110404784535,Test print warnings,2026-10-01T13:59:52Z,2026-10-01T14:01:27Z,2,actions_linux,0.006,0.012,ubuntu-latest
36872861913,19980,(Shared) Lint,pull_request,dependabot[bot],Bot,bot,110404784734,Run eslint,2026-10-01T14:01:01Z,2026-10-01T14:02:57Z,2,actions_linux,0.006,0.012,ubuntu-latest
36872861913,19980,(Shared) Lint,pull_request,dependabot[bot],Bot,bot,110404784824,Run prettier,2026-10-01T13:59:52Z,2026-10-01T14:01:49Z,2,actions_linux,0.006,0.012,ubuntu-latest
36872860444,2924,(Runtime) Discord Notify,pull_request_target,dependabot[bot],Bot,bot,110404781132,check_access,2026-10-01T13:59:52Z,2026-10-01T13:59:55Z,1,actions_linux,0.006,0.006,ubuntu-latest
36872860444,2924,(Runtime) Discord Notify,pull_request_target,dependabot[bot],Bot,bot,110404875602,notify,2026-10-01T13:59:55Z,2026-10-01T13:59:55Z,1,actions_linux,0.006,0.006,ubuntu-latest
36872860444,2924,(Runtime) Discord Notify,pull_request_target,dependabot[bot],Bot,bot,110404875671,check_maintainer,2026-10-01T13:59:55Z,2026-10-01T13:59:55Z,1,actions_linux,0.006,0.006,
36872860349,5137,(Shared) Label Core Team PRs,pull_request_target,dependabot[bot],Bot,bot,110404780213,check_access,2026-10-01T13:59:52Z,2026-10-01T13:59:55Z,1,actions_linux,0.006,0.006,ubuntu-latest
36872860349,5137,(Shared) Label Core Team PRs,pull_request_target,dependabot[bot],Bot,bot,110404881086,check_maintainer,2026-10-01T13:59:56Z,2026-10-01T13:59:56Z,1,actions_linux,0.006,0.006,
36872860349,5137,(Shared) Label Core Team PRs,pull_request_target,dependabot[bot],Bot,bot,110404882203,label,2026-10-01T13:59:56Z,2026-10-01T13:59:56Z,1,actions_linux,0.006,0.006,ubuntu-latest
36872625515,955,npm_and_yarn in /fixtures/view-transition for moment - Update #1602849179,dynamic,dependabot[bot],Bot,bot,110403980558,Dependabot,2026-10-01T13:58:02Z,2026-10-01T13:58:51Z,1,actions_linux,0.006,0.006,ubuntu-latest
36872625071,954,npm_and_yarn in /. for moment - Update #1602849152,dynamic,dependabot[bot],Bot,bot,110403979623,Dependabot,2026-10-01T13:57:57Z,2026-10-01T13:59:37Z,2,actions_linux,0.006,0.012,ubuntu-latest
36872591170,953,npm_and_yarn in /fixtures/flight for brace-expansion - Update #1602848081,dynamic,dependabot[bot],Bot,bot,110403862974,Dependabot,2026-10-01T13:57:45Z,2026-10-01T13:58:32Z,1,actions_linux,0.006,0.006,ubuntu-latest
36872588931,952,npm_and_yarn in /. for brace-expansion - Update #1602847998,dynamic,dependabot[bot],Bot,bot,110403858717,Dependabot,2026-10-01T13:57:46Z,2026-10-01T13:58:46Z,1,actions_linux,0.006,0.006,ubuntu-latest
36872386269,951,npm_and_yarn in /compiler for ip-address - Update #1602844193,dynamic,dependabot[bot],Bot,bot,110403164691,Dependabot,2026-10-01T13:56:06Z,2026-10-01T13:57:04Z,1,actions_linux,0.006,0.006,ubuntu-latest
36871985844,950,npm_and_yarn in /fixtures/flight for brace-expansion - Update #1602838902,dynamic,dependabot[bot],Bot,bot,110401799616,Dependabot,2026-10-01T13:53:01Z,2026-10-01T13:53:49Z,1,actions_linux,0.006,0.006,ubuntu-latest
36871983719,949,npm_and_yarn in /compiler for ip-address - Update #1602838871,dynamic,dependabot[bot],Bot,bot,110401791401,Dependabot,2026-10-01T13:53:02Z,2026-10-01T13:54:04Z,2,actions_linux,0.006,0.012,ubuntu-latest
36871740069,19979,(Shared) Lint,pull_request,dependabot[bot],Bot,bot,110400943699,Run eslint,2026-10-01T13:50:58Z,2026-10-01T13:52:40Z,2,actions_linux,0.006,0.012,ubuntu-latest
36871740069,19979,(Shared) Lint,pull_request,dependabot[bot],Bot,bot,110400944003,Check license,2026-10-01T13:50:59Z,2026-10-01T13:52:24Z,2,actions_linux,0.006,0.012,ubuntu-latest
36871740069,19979,(Shared) Lint,pull_request,dependabot[bot],Bot,bot,110400944105,Test print warnings,2026-10-01T13:50:58Z,2026-10-01T13:52:07Z,2,actions_linux,0.006,0.012,ubuntu-latest
36871740069,19979,(Shared) Lint,pull_request,dependabot[bot],Bot,bot,110400945528,Run prettier,2026-10-01T13:50:59Z,2026-10-01T13:53:01Z,3,actions_linux,0.006,0.018000000000000002,ubuntu-latest
36871740053,8936,(Compiler) TypeScript,pull_request,dependabot[bot],Bot,bot,110400941761,Jest babel-plugin-react-compiler,2026-10-01T13:50:59Z,2026-10-01T13:51:47Z,1,actions_linux,0.006,0.006,ubuntu-latest
36871740053,8936,(Compiler) TypeScript,pull_request,dependabot[bot],Bot,bot,110400942158,Discover yarn workspaces,2026-10-01T13:50:59Z,2026-10-01T13:51:05Z,1,actions_linux,0.006,0.006,ubuntu-latest
36871740053,8936,(Compiler) TypeScript,pull_request,dependabot[bot],Bot,bot,110400942224,Lint babel-plugin-react-compiler,2026-10-01T13:50:59Z,2026-10-01T13:51:24Z,1,actions_linux,0.006,0.006,ubuntu-latest
36871740053,8936,(Compiler) TypeScript,pull_request,dependabot[bot],Bot,bot,110401049535,Test react-compiler-runtime,2026-10-01T13:51:19Z,2026-10-01T13:51:57Z,1,actions_linux,0.006,0.006,ubuntu-latest
36871740053,8936,(Compiler) TypeScript,pull_request,dependabot[bot],Bot,bot,110401049603,Test snap,2026-10-01T13:51:14Z,2026-10-01T13:51:42Z,1,actions_linux,0.006,0.006,ubuntu-latest
36871740053,8936,(Compiler) TypeScript,pull_request,dependabot[bot],Bot,bot,110401049616,Test make-read-only-util,2026-10-01T13:51:14Z,2026-10-01T13:51:35Z,1,actions_linux,0.006,0.006,ubuntu-latest
36871740053,8936,(Compiler) TypeScript,pull_request,dependabot[bot],Bot,bot,110401049620,Test eslint-plugin-react-compiler,2026-10-01T13:51:15Z,2026-10-01T13:52:01Z,1,actions_linux,0.006,0.006,ubuntu-latest
36871740053,8936,(Compiler) TypeScript,pull_request,dependabot[bot],Bot,bot,110401049687,Test react-compiler-healthcheck,2026-10-01T13:51:14Z,2026-10-01T13:51:46Z,1,actions_linux,0.006,0.006,ubuntu-latest
36871740053,8936,(Compiler) TypeScript,pull_request,dependabot[bot],Bot,bot,110401049696,Test babel-plugin-react-compiler,2026-10-01T13:51:14Z,2026-10-01T13:52:24Z,2,actions_linux,0.006,0.012,ubuntu-latest
36871740053,8936,(Compiler) TypeScript,pull_request,dependabot[bot],Bot,bot,110401049806,Test react-mcp-server,2026-10-01T13:51:14Z,2026-10-01T13:51:30Z,1,actions_linux,0.006,0.006,ubuntu-latest
36871740053,8936,(Compiler) TypeScript,pull_request,dependabot[bot],Bot,bot,110401049888,Test babel-plugin-react-compiler-rust,2026-10-01T13:51:14Z,2026-10-01T13:55:07Z,4,actions_linux,0.006,0.024,ubuntu-latest
36871740053,8936,(Compiler) TypeScript,pull_request,dependabot[bot],Bot,bot,110401050684,Test react-forgive,2026-10-01T13:51:14Z,2026-10-01T13:52:11Z,1,actions_linux,0.006,0.006,ubuntu-latest
36871739815,8931,(Compiler) Playground,pull_request,dependabot[bot],Bot,bot,110400939098,Test playground,2026-10-01T13:50:59Z,2026-10-01T13:55:20Z,5,actions_linux,0.006,0.03,ubuntu-latest
36871739682,1193,React Compiler (Rust),pull_request,dependabot[bot],Bot,bot,110400937617,Tests,2026-10-01T13:50:57Z,2026-10-01T14:00:45Z,10,actions_linux,0.006,0.06,ubuntu-latest
36871737536,5136,(Shared) Label Core Team PRs,pull_request_target,dependabot[bot],Bot,bot,110400933937,check_access,2026-10-01T13:50:57Z,2026-10-01T13:51:01Z,1,actions_linux,0.006,0.006,ubuntu-latest
36871737536,5136,(Shared) Label Core Team PRs,pull_request_target,dependabot[bot],Bot,bot,110401019954,check_maintainer,2026-10-01T13:51:01Z,2026-10-01T13:51:01Z,1,actions_linux,0.006,0.006,
36871737536,5136,(Shared) Label Core Team PRs,pull_request_target,dependabot[bot],Bot,bot,110401021493,label,2026-10-01T13:51:02Z,2026-10-01T13:51:01Z,1,actions_linux,0.006,0.006,ubuntu-latest
36871737490,1227,(Compiler) Discord Notify,pull_request_target,dependabot[bot],Bot,bot,110400933240,check_access,2026-10-01T13:50:59Z,2026-10-01T13:51:01Z,1,actions_linux,0.006,0.006,ubuntu-latest
36871737490,1227,(Compiler) Discord Notify,pull_request_target,dependabot[bot],Bot,bot,110401021142,check_maintainer,2026-10-01T13:51:02Z,2026-10-01T13:51:01Z,1,actions_linux,0.006,0.006,
36871737490,1227,(Compiler) Discord Notify,pull_request_target,dependabot[bot],Bot,bot,110401021641,notify,2026-10-01T13:51:02Z,2026-10-01T13:51:01Z,1,actions_linux,0.006,0.006,ubuntu-latest
36871569954,948,npm_and_yarn in /compiler/packages/react-forgive/client for brace-expansion - Update #1602834055,dynamic,dependabot[bot],Bot,bot,110400378475,Dependabot,2026-10-01T13:49:41Z,2026-10-01T13:50:45Z,2,actions_linux,0.006,0.012,ubuntu-latest
36871563343,947,npm_and_yarn in /fixtures/flight for brace-expansion - Update #1602834036,dynamic,dependabot[bot],Bot,bot,110400359394,Dependabot,2026-10-01T13:49:38Z,2026-10-01T13:50:39Z,2,actions_linux,0.006,0.012,ubuntu-latest
36867835082,21709,(Runtime) Fuzz tests,schedule,poteto,User,human,110387720492,test_fuzz,2026-10-01T13:19:33Z,2026-10-01T13:20:39Z,2,actions_linux,0.006,0.012,ubuntu-latest
36867440665,19158,(Shared) Manage stale issues and PRs,schedule,poteto,User,human,110386365694,stale,2026-10-01T13:16:13Z,2026-10-01T13:16:35Z,1,actions_linux,0.006,0.006,ubuntu-latest
36861745898,21708,(Runtime) Fuzz tests,schedule,poteto,User,human,110367369537,test_fuzz,2026-10-01T12:26:27Z,2026-10-01T12:27:33Z,2,actions_linux,0.006,0.012,ubuntu-latest
36861145619,19157,(Shared) Manage stale issues and PRs,schedule,poteto,User,human,110365374733,stale,2026-10-01T12:20:56Z,2026-10-01T12:21:17Z,1,actions_linux,0.006,0.006,ubuntu-latest
36858933193,2208,(Shared) Cleanup Stale Branch Caches,schedule,poteto,User,human,110358075531,cleanup,2026-10-01T12:00:28Z,2026-10-01T12:00:30Z,1,actions_linux,0.006,0.006,ubuntu-latest
36854164968,21707,(Runtime) Fuzz tests,schedule,poteto,User,human,110342578134,test_fuzz,2026-10-01T11:14:57Z,2026-10-01T11:16:30Z,2,actions_linux,0.006,0.012,ubuntu-latest
36853816215,19156,(Shared) Manage stale issues and PRs,schedule,poteto,User,human,110341442990,stale,2026-10-01T11:11:39Z,2026-10-01T11:11:59Z,1,actions_linux,0.006,0.006,ubuntu-latest
36848152221,21706,(Runtime) Fuzz tests,schedule,poteto,User,human,110323165456,test_fuzz,2026-10-01T10:17:03Z,2026-10-01T10:18:19Z,2,actions_linux,0.006,0.012,ubuntu-latest
36847793700,19155,(Shared) Manage stale issues and PRs,schedule,poteto,User,human,110321996844,stale,2026-10-01T10:13:44Z,2026-10-01T10:14:02Z,1,actions_linux,0.006,0.006,ubuntu-latest
36842048175,21705,(Runtime) Fuzz tests,schedule,poteto,User,human,110303203149,test_fuzz,2026-10-01T09:20:12Z,2026-10-01T09:21:19Z,2,actions_linux,0.006,0.012,ubuntu-latest
36841591525,19154,(Shared) Manage stale issues and PRs,schedule,poteto,User,human,110301731412,stale,2026-10-01T09:16:07Z,2026-10-01T09:16:30Z,1,actions_linux,0.006,0.006,ubuntu-latest
36838657318,1250,(Runtime) Sizebot Comment,workflow_run,chengchuu,User,human,110292141272,Comment with size changes,2026-10-01T08:48:44Z,2026-10-01T08:48:56Z,1,actions_linux,0.006,0.006,ubuntu-latest
36838651856,2923,(Runtime) Discord Notify,pull_request_target,chengchuu,User,human,110292123001,check_access,2026-10-01T08:48:38Z,2026-10-01T08:48:41Z,1,actions_linux,0.006,0.006,ubuntu-latest
36838651856,2923,(Runtime) Discord Notify,pull_request_target,chengchuu,User,human,110292155771,check_maintainer,2026-10-01T08:48:41Z,2026-10-01T08:48:41Z,1,actions_linux,0.006,0.006,
36838651856,2923,(Runtime) Discord Notify,pull_request_target,chengchuu,User,human,110292157150,notify,2026-10-01T08:48:41Z,2026-10-01T08:48:41Z,1,actions_linux,0.006,0.006,ubuntu-latest
36838651852,5135,(Shared) Label Core Team PRs,pull_request_target,chengchuu,User,human,110292122575,check_access,2026-10-01T08:48:38Z,2026-10-01T08:48:42Z,1,actions_linux,0.006,0.006,ubuntu-latest
36838651852,5135,(Shared) Label Core Team PRs,pull_request_target,chengchuu,User,human,110292164052,check_maintainer,2026-10-01T08:48:43Z,2026-10-01T08:48:42Z,1,actions_linux,0.006,0.006,
36838651852,5135,(Shared) Label Core Team PRs,pull_request_target,chengchuu,User,human,110292164323,label,2026-10-01T08:48:43Z,2026-10-01T08:48:42Z,1,actions_linux,0.006,0.006,ubuntu-latest
36836088073,21704,(Runtime) Fuzz tests,schedule,poteto,User,human,110283722965,test_fuzz,2026-10-01T08:24:26Z,2026-10-01T08:25:25Z,1,actions_linux,0.006,0.006,ubuntu-latest
36835548489,19153,(Shared) Manage stale issues and PRs,schedule,poteto,User,human,110281971781,stale,2026-10-01T08:19:13Z,2026-10-01T08:19:39Z,1,actions_linux,0.006,0.006,ubuntu-latest
36830125637,21703,(Runtime) Fuzz tests,schedule,poteto,User,human,110264584968,test_fuzz,2026-10-01T07:24:24Z,2026-10-01T07:25:36Z,2,actions_linux,0.006,0.012,ubuntu-latest
36829824025,19152,(Shared) Manage stale issues and PRs,schedule,poteto,User,human,110263633014,stale,2026-10-01T07:21:13Z,2026-10-01T07:21:34Z,1,actions_linux,0.006,0.006,ubuntu-latest
36825101205,21702,(Runtime) Fuzz tests,schedule,poteto,User,human,110248913122,test_fuzz,2026-10-01T06:30:12Z,2026-10-01T06:31:11Z,1,actions_linux,0.006,0.006,ubuntu-latest
36824578088,19151,(Shared) Manage stale issues and PRs,schedule,poteto,User,human,110247292040,stale,2026-10-01T06:24:14Z,2026-10-01T06:24:37Z,1,actions_linux,0.006,0.006,ubuntu-latest
36822520950,2207,(Shared) Cleanup Stale Branch Caches,schedule,poteto,User,human,110240963853,cleanup,2026-10-01T06:00:27Z,2026-10-01T06:00:30Z,1,actions_linux,0.006,0.006,ubuntu-latest
36819020155,21701,(Runtime) Fuzz tests,schedule,poteto,User,human,110230325374,test_fuzz,2026-10-01T05:17:05Z,2026-10-01T05:18:08Z,2,actions_linux,0.006,0.012,ubuntu-latest
36818758841,19150,(Shared) Manage stale issues and PRs,schedule,poteto,User,human,110229530851,stale,2026-10-01T05:13:44Z,2026-10-01T05:14:02Z,1,actions_linux,0.006,0.006,ubuntu-latest
36815297595,1226,(Compiler) Discord Notify,pull_request_target,henryqdineen,User,human,110218937679,check_access,2026-10-01T04:28:51Z,2026-10-01T04:28:54Z,1,actions_linux,0.006,0.006,ubuntu-latest
36815297595,1226,(Compiler) Discord Notify,pull_request_target,henryqdineen,User,human,110218976416,check_maintainer,2026-10-01T04:28:55Z,2026-10-01T04:28:54Z,1,actions_linux,0.006,0.006,
36815297595,1226,(Compiler) Discord Notify,pull_request_target,henryqdineen,User,human,110218976473,notify,2026-10-01T04:28:55Z,2026-10-01T04:28:54Z,1,actions_linux,0.006,0.006,ubuntu-latest
36815297453,5134,(Shared) Label Core Team PRs,pull_request_target,henryqdineen,User,human,110218936953,check_access,2026-10-01T04:28:50Z,2026-10-01T04:28:52Z,1,actions_linux,0.006,0.006,ubuntu-latest
36815297453,5134,(Shared) Label Core Team PRs,pull_request_target,henryqdineen,User,human,110218969069,check_maintainer,2026-10-01T04:28:53Z,2026-10-01T04:28:52Z,1,actions_linux,0.006,0.006,
36815297453,5134,(Shared) Label Core Team PRs,pull_request_target,henryqdineen,User,human,110218969095,label,2026-10-01T04:28:53Z,2026-10-01T04:28:53Z,1,actions_linux,0.006,0.006,ubuntu-latest
36815297317,1192,React Compiler (Rust),pull_request,henryqdineen,User,human,110218935967,Tests,2026-10-01T04:28:51Z,2026-10-01T04:38:13Z,10,actions_linux,0.006,0.06,ubuntu-latest
36815297311,8935,(Compiler) TypeScript,pull_request,henryqdineen,User,human,110218935660,Discover yarn workspaces,2026-10-01T04:28:50Z,2026-10-01T04:28:57Z,1,actions_linux,0.006,0.006,ubuntu-latest
36815297311,8935,(Compiler) TypeScript,pull_request,henryqdineen,User,human,110218935890,Lint babel-plugin-react-compiler,2026-10-01T04:28:52Z,2026-10-01T04:29:18Z,1,actions_linux,0.006,0.006,ubuntu-latest
36815297311,8935,(Compiler) TypeScript,pull_request,henryqdineen,User,human,110218935927,Jest babel-plugin-react-compiler,2026-10-01T04:28:51Z,2026-10-01T04:29:33Z,1,actions_linux,0.006,0.006,ubuntu-latest
36815297311,8935,(Compiler) TypeScript,pull_request,henryqdineen,User,human,110218983889,Test react-forgive,2026-10-01T04:29:01Z,2026-10-01T04:30:00Z,1,actions_linux,0.006,0.006,ubuntu-latest
36815297311,8935,(Compiler) TypeScript,pull_request,henryqdineen,User,human,110218983894,Test react-compiler-runtime,2026-10-01T04:29:01Z,2026-10-01T04:29:21Z,1,actions_linux,0.006,0.006,ubuntu-latest
36815297311,8935,(Compiler) TypeScript,pull_request,henryqdineen,User,human,110218983907,Test snap,2026-10-01T04:29:00Z,2026-10-01T04:29:21Z,1,actions_linux,0.006,0.006,ubuntu-latest
36815297311,8935,(Compiler) TypeScript,pull_request,henryqdineen,User,human,110218983908,Test eslint-plugin-react-compiler,2026-10-01T04:29:00Z,2026-10-01T04:29:37Z,1,actions_linux,0.006,0.006,ubuntu-latest
36815297311,8935,(Compiler) TypeScript,pull_request,henryqdineen,User,human,110218983911,Test babel-plugin-react-compiler,2026-10-01T04:29:00Z,2026-10-01T04:29:51Z,1,actions_linux,0.006,0.006,ubuntu-latest
36815297311,8935,(Compiler) TypeScript,pull_request,henryqdineen,User,human,110218983930,Test babel-plugin-react-compiler-rust,2026-10-01T04:28:59Z,2026-10-01T04:32:28Z,4,actions_linux,0.006,0.024,ubuntu-latest
36815297311,8935,(Compiler) TypeScript,pull_request,henryqdineen,User,human,110218983935,Test react-compiler-healthcheck,2026-10-01T04:29:00Z,2026-10-01T04:29:19Z,1,actions_linux,0.006,0.006,ubuntu-latest
36815297311,8935,(Compiler) TypeScript,pull_request,henryqdineen,User,human,110218983966,Test react-mcp-server,2026-10-01T04:29:00Z,2026-10-01T04:29:16Z,1,actions_linux,0.006,0.006,ubuntu-latest
36815297311,8935,(Compiler) TypeScript,pull_request,henryqdineen,User,human,110218983978,Test make-read-only-util,2026-10-01T04:29:00Z,2026-10-01T04:29:18Z,1,actions_linux,0.006,0.006,ubuntu-latest
36815297300,19977,(Shared) Lint,pull_request,henryqdineen,User,human,110218935756,Run prettier,2026-10-01T04:28:50Z,2026-10-01T04:29:35Z,1,actions_linux,0.006,0.006,ubuntu-latest
36815297300,19977,(Shared) Lint,pull_request,henryqdineen,User,human,110218935917,Test print warnings,2026-10-01T04:28:51Z,2026-10-01T04:29:19Z,1,actions_linux,0.006,0.006,ubuntu-latest
36815297300,19977,(Shared) Lint,pull_request,henryqdineen,User,human,110218935965,Check license,2026-10-01T04:28:50Z,2026-10-01T04:29:16Z,1,actions_linux,0.006,0.006,ubuntu-latest
36815297300,19977,(Shared) Lint,pull_request,henryqdineen,User,human,110218936026,Run eslint,2026-10-01T04:28:50Z,2026-10-01T04:29:40Z,1,actions_linux,0.006,0.006,ubuntu-latest
36815297290,8930,(Compiler) Playground,pull_request,henryqdineen,User,human,110218935901,Test playground,2026-10-01T04:28:51Z,2026-10-01T04:32:38Z,4,actions_linux,0.006,0.024,ubuntu-latest
36814616456,21700,(Runtime) Fuzz tests,schedule,poteto,User,human,110216866453,test_fuzz,2026-10-01T04:20:05Z,2026-10-01T04:21:15Z,2,actions_linux,0.006,0.012,ubuntu-latest
36814296007,19149,(Shared) Manage stale issues and PRs,schedule,poteto,User,human,110215890286,stale,2026-10-01T04:16:08Z,2026-10-01T04:16:29Z,1,actions_linux,0.006,0.006,ubuntu-latest
36813227565,1249,(Runtime) Sizebot Comment,workflow_run,srpatcha,User,human,110212622180,Comment with size changes,2026-10-01T04:02:07Z,2026-10-01T04:02:17Z,1,actions_linux,0.006,0.006,ubuntu-latest
36810302302,21699,(Runtime) Fuzz tests,schedule,poteto,User,human,110203669800,test_fuzz,2026-10-01T03:23:46Z,2026-10-01T03:24:50Z,2,actions_linux,0.006,0.012,ubuntu-latest
36809996037,19148,(Shared) Manage stale issues and PRs,schedule,poteto,User,human,110202705438,stale,2026-10-01T03:19:47Z,2026-10-01T03:20:06Z,1,actions_linux,0.006,0.006,ubuntu-latest
36806304397,21698,(Runtime) Fuzz tests,schedule,poteto,User,human,110191289995,test_fuzz,2026-10-01T02:32:25Z,2026-10-01T02:33:23Z,1,actions_linux,0.006,0.006,ubuntu-latest
36805973718,19147,(Shared) Manage stale issues and PRs,schedule,poteto,User,human,110190267834,stale,2026-10-01T02:28:15Z,2026-10-01T02:28:37Z,1,actions_linux,0.006,0.006,ubuntu-latest
36802337032,21697,(Runtime) Fuzz tests,schedule,poteto,User,human,110179216890,test_fuzz,2026-10-01T01:42:07Z,2026-10-01T01:43:07Z,1,actions_linux,0.006,0.006,ubuntu-latest
36802079909,19146,(Shared) Manage stale issues and PRs,schedule,poteto,User,human,110178414070,stale,2026-10-01T01:38:47Z,2026-10-01T01:39:10Z,1,actions_linux,0.006,0.006,ubuntu-latest
36798481895,21696,(Runtime) Fuzz tests,schedule,poteto,User,human,110167271344,test_fuzz,2026-10-01T00:54:23Z,2026-10-01T00:55:35Z,2,actions_linux,0.006,0.012,ubuntu-latest
36797602928,19145,(Shared) Manage stale issues and PRs,schedule,poteto,User,human,110164514791,stale,2026-10-01T00:43:44Z,2026-10-01T00:44:01Z,1,actions_linux,0.006,0.006,ubuntu-latest
36794487834,812,(DevTools) Regression Tests,schedule,eps1lon,User,human,110154667926,Download base build,2026-10-01T00:06:38Z,2026-10-01T00:07:11Z,1,actions_linux,0.006,0.006,ubuntu-latest
36794487834,812,(DevTools) Regression Tests,schedule,eps1lon,User,human,110154825560,Build DevTools and process artifacts,2026-10-01T00:07:16Z,2026-10-01T00:08:38Z,2,actions_linux,0.006,0.012,ubuntu-latest
36794487834,812,(DevTools) Regression Tests,schedule,eps1lon,User,human,110155221826,Run DevTools e2e tests for versions (16.5),2026-10-01T00:09:16Z,2026-10-01T00:11:20Z,3,actions_linux,0.006,0.018000000000000002,ubuntu-latest
36794487834,812,(DevTools) Regression Tests,schedule,eps1lon,User,human,110155221834,Run DevTools e2e tests for versions (16.8),2026-10-01T00:08:41Z,2026-10-01T00:11:20Z,3,actions_linux,0.006,0.018000000000000002,ubuntu-latest
36794487834,812,(DevTools) Regression Tests,schedule,eps1lon,User,human,110155221872,Run DevTools tests for versions (16.8),2026-10-01T00:08:41Z,2026-10-01T00:09:16Z,1,actions_linux,0.006,0.006,ubuntu-latest
36794487834,812,(DevTools) Regression Tests,schedule,eps1lon,User,human,110155221890,Run DevTools e2e tests for versions (18.0),2026-10-01T00:08:42Z,2026-10-01T00:10:33Z,2,actions_linux,0.006,0.012,ubuntu-latest
36794487834,812,(DevTools) Regression Tests,schedule,eps1lon,User,human,110155221892,Run DevTools e2e tests for versions (17.0),2026-10-01T00:08:41Z,2026-10-01T00:10:18Z,2,actions_linux,0.006,0.012,ubuntu-latest
36794487834,812,(DevTools) Regression Tests,schedule,eps1lon,User,human,110155221915,Run DevTools e2e tests for versions (16.0),2026-10-01T00:08:42Z,2026-10-01T00:10:28Z,2,actions_linux,0.006,0.012,ubuntu-latest
36794487834,812,(DevTools) Regression Tests,schedule,eps1lon,User,human,110155221927,Run DevTools tests for versions (18.0),2026-10-01T00:08:42Z,2026-10-01T00:09:40Z,1,actions_linux,0.006,0.006,ubuntu-latest
36794487834,812,(DevTools) Regression Tests,schedule,eps1lon,User,human,110155221968,Run DevTools tests for versions (16.0),2026-10-01T00:08:43Z,2026-10-01T00:09:29Z,1,actions_linux,0.006,0.006,ubuntu-latest
36794487834,812,(DevTools) Regression Tests,schedule,eps1lon,User,human,110155221969,Run DevTools tests for versions (17.0),2026-10-01T00:08:41Z,2026-10-01T00:09:19Z,1,actions_linux,0.006,0.006,ubuntu-latest
36794487834,812,(DevTools) Regression Tests,schedule,eps1lon,User,human,110155221982,Run DevTools tests for versions (16.5),2026-10-01T00:08:42Z,2026-10-01T00:09:17Z,1,actions_linux,0.006,0.006,ubuntu-latest
36794487834,812,(DevTools) Regression Tests,schedule,eps1lon,User,human,110155221986,Run DevTools tests for versions (18.2),2026-10-01T00:08:42Z,2026-10-01T00:09:31Z,1,actions_linux,0.006,0.006,ubuntu-latest
36793945040,2206,(Shared) Cleanup Stale Branch Caches,schedule,poteto,User,human,110152951393,cleanup,2026-10-01T00:00:23Z,2026-10-01T00:00:26Z,1,actions_linux,0.006,0.006,ubuntu-latest
36790067613,21695,(Runtime) Fuzz tests,schedule,poteto,User,human,110140625967,test_fuzz,2026-09-30T23:14:56Z,2026-09-30T23:16:02Z,2,actions_linux,0.006,0.012,ubuntu-latest
36789807731,19144,(Shared) Manage stale issues and PRs,schedule,poteto,User,human,110139788310,stale,2026-09-30T23:12:00Z,2026-09-30T23:12:17Z,1,actions_linux,0.006,0.006,ubuntu-latest
36784557494,21694,(Runtime) Fuzz tests,schedule,poteto,User,human,110122717181,test_fuzz,2026-09-30T22:16:07Z,2026-09-30T22:17:08Z,2,actions_linux,0.006,0.012,ubuntu-latest
36784219878,19143,(Shared) Manage stale issues and PRs,schedule,poteto,User,human,110121617594,stale,2026-09-30T22:12:42Z,2026-09-30T22:13:06Z,1,actions_linux,0.006,0.006,ubuntu-latest
36778263443,21693,(Runtime) Fuzz tests,schedule,poteto,User,human,110101558486,test_fuzz,2026-09-30T21:15:43Z,2026-09-30T21:16:41Z,1,actions_linux,0.006,0.006,ubuntu-latest
36777892275,19142,(Shared) Manage stale issues and PRs,schedule,poteto,User,human,110100322513,stale,2026-09-30T21:12:28Z,2026-09-30T21:12:54Z,1,actions_linux,0.006,0.006,ubuntu-latest
36777402948,1248,(Runtime) Sizebot Comment,workflow_run,dependabot[bot],Bot,bot,110098672839,Comment with size changes,2026-09-30T21:07:57Z,2026-09-30T21:08:10Z,1,actions_linux,0.006,0.006,ubuntu-latest
36777302502,1247,(Runtime) Sizebot Comment,workflow_run,dependabot[bot],Bot,bot,110098326716,Comment with size changes,2026-09-30T21:07:06Z,2026-09-30T21:07:15Z,1,actions_linux,0.006,0.006,ubuntu-latest
36777298033,19976,(Shared) Lint,pull_request,dependabot[bot],Bot,bot,110098311534,Run eslint,2026-09-30T21:07:06Z,2026-09-30T21:07:50Z,1,actions_linux,0.006,0.006,ubuntu-latest
36777298033,19976,(Shared) Lint,pull_request,dependabot[bot],Bot,bot,110098311768,Test print warnings,2026-09-30T21:07:06Z,2026-09-30T21:07:43Z,1,actions_linux,0.006,0.006,ubuntu-latest
36777298033,19976,(Shared) Lint,pull_request,dependabot[bot],Bot,bot,110098311881,Check license,2026-09-30T21:07:06Z,2026-09-30T21:07:50Z,1,actions_linux,0.006,0.006,ubuntu-latest
36777298033,19976,(Shared) Lint,pull_request,dependabot[bot],Bot,bot,110098312012,Run prettier,2026-09-30T21:07:06Z,2026-09-30T21:07:50Z,1,actions_linux,0.006,0.006,ubuntu-latest
36777297992,13952,(Runtime) Build and Test,pull_request,dependabot[bot],Bot,bot,110098311675,Cache Runtime node_modules,2026-09-30T21:07:06Z,2026-09-30T21:07:50Z,1,actions_linux,0.006,0.006,ubuntu-latest
36777297992,13952,(Runtime) Build and Test,pull_request,dependabot[bot],Bot,bot,110098311833,Resolve build shard weights,2026-09-30T21:07:06Z,2026-09-30T21:07:09Z,1,actions_linux,0.006,0.006,ubuntu-latest
36777297992,13952,(Runtime) Build and Test,pull_request,dependabot[bot],Bot,bot,110098312037,Discover flow inline configs,2026-09-30T21:07:06Z,2026-09-30T21:07:13Z,1,actions_linux,0.006,0.006,ubuntu-latest
36777297992,13952,(Runtime) Build and Test,pull_request,dependabot[bot],Bot,bot,110098312055,"Cache Runtime, Compiler node_modules",2026-09-30T21:07:06Z,2026-09-30T21:07:46Z,1,actions_linux,0.006,0.006,ubuntu-latest
36777297992,13952,(Runtime) Build and Test,pull_request,dependabot[bot],Bot,bot,110098622306,yarn test ${{ matrix.params }} (Shard ${{ matrix.shard }}),2026-09-30T21:07:47Z,2026-09-30T21:07:46Z,1,actions_linux,0.006,0.006,ubuntu-latest
36777297992,13952,(Runtime) Build and Test,pull_request,dependabot[bot],Bot,bot,110098622616,Test eslint-plugin-react-hooks,2026-09-30T21:07:47Z,2026-09-30T21:07:46Z,1,actions_linux,0.006,0.006,ubuntu-latest
36777297992,13952,(Runtime) Build and Test,pull_request,dependabot[bot],Bot,bot,110098623117,yarn build and lint,2026-09-30T21:07:47Z,2026-09-30T21:07:46Z,1,actions_linux,0.006,0.006,ubuntu-latest
36777297992,13952,(Runtime) Build and Test,pull_request,dependabot[bot],Bot,bot,110098623144,Run sizebot,2026-09-30T21:07:47Z,2026-09-30T21:07:47Z,1,actions_linux,0.006,0.006,ubuntu-latest
36777297992,13952,(Runtime) Build and Test,pull_request,dependabot[bot],Bot,bot,110098623518,Check fixtures DOM (stable),2026-09-30T21:07:47Z,2026-09-30T21:07:47Z,1,actions_linux,0.006,0.006,ubuntu-latest
36777297992,13952,(Runtime) Build and Test,pull_request,dependabot[bot],Bot,bot,110098623840,yarn test-build,2026-09-30T21:07:47Z,2026-09-30T21:07:47Z,1,actions_linux,0.006,0.006,ubuntu-latest
36777297992,13952,(Runtime) Build and Test,pull_request,dependabot[bot],Bot,bot,110098624155,Run fixtures Flight tests,2026-09-30T21:07:47Z,2026-09-30T21:07:47Z,1,actions_linux,0.006,0.006,ubuntu-latest
36777297992,13952,(Runtime) Build and Test,pull_request,dependabot[bot],Bot,bot,110098647839,yarn test-build (devtools),2026-09-30T21:07:51Z,2026-09-30T21:07:50Z,1,actions_linux,0.006,0.006,ubuntu-latest
36777297992,13952,(Runtime) Build and Test,pull_request,dependabot[bot],Bot,bot,110098647979,Flow check ${{ matrix.flow_inline_config_shortname }},2026-09-30T21:07:51Z,2026-09-30T21:07:50Z,1,actions_linux,0.006,0.006,ubuntu-latest
36777297992,13952,(Runtime) Build and Test,pull_request,dependabot[bot],Bot,bot,110098648493,Confirm generated inline Fizz runtime is up to date,2026-09-30T21:07:51Z,2026-09-30T21:07:50Z,1,actions_linux,0.006,0.006,ubuntu-latest
36777297992,13952,(Runtime) Build and Test,pull_request,dependabot[bot],Bot,bot,110098648663,Process artifacts combined,2026-09-30T21:07:51Z,2026-09-30T21:07:50Z,1,actions_linux,0.006,0.006,ubuntu-latest
36777297992,13952,(Runtime) Build and Test,pull_request,dependabot[bot],Bot,bot,110098648781,Cache Runtime Playwright Chromium,2026-09-30T21:07:51Z,2026-09-30T21:07:50Z,1,actions_linux,0.006,0.006,ubuntu-latest
36777297992,13952,(Runtime) Build and Test,pull_request,dependabot[bot],Bot,bot,110098648912,Check release dependencies,2026-09-30T21:07:51Z,2026-09-30T21:07:51Z,1,actions_linux,0.006,0.006,ubuntu-latest
36777297992,13952,(Runtime) Build and Test,pull_request,dependabot[bot],Bot,bot,110098648946,Search build artifacts for unminified errors,2026-09-30T21:07:51Z,2026-09-30T21:07:50Z,1,actions_linux,0.006,0.006,ubuntu-latest
36777297992,13952,(Runtime) Build and Test,pull_request,dependabot[bot],Bot,bot,110098649011,Check flags,2026-09-30T21:07:51Z,2026-09-30T21:07:50Z,1,actions_linux,0.006,0.006,ubuntu-latest
36777297992,13952,(Runtime) Build and Test,pull_request,dependabot[bot],Bot,bot,110098649109,Build DevTools and process artifacts,2026-09-30T21:07:51Z,2026-09-30T21:07:50Z,1,actions_linux,0.006,0.006,ubuntu-latest
36777297992,13952,(Runtime) Build and Test,pull_request,dependabot[bot],Bot,bot,110098649509,Run React DevTools browser extension e2e tests,2026-09-30T21:07:51Z,2026-09-30T21:07:51Z,1,actions_linux,0.006,0.006,ubuntu-latest
36777297992,13952,(Runtime) Build and Test,pull_request,dependabot[bot],Bot,bot,110098649841,Run react-devtools-cdt-mcp e2e tests,2026-09-30T21:07:51Z,2026-09-30T21:07:51Z,1,actions_linux,0.006,0.006,ubuntu-latest
36777297992,13952,(Runtime) Build and Test,pull_request,dependabot[bot],Bot,bot,110098649888,Merge DevTools artifacts,2026-09-30T21:07:51Z,2026-09-30T21:07:51Z,1,actions_linux,0.006,0.006,ubuntu-latest
36777297963,10330,(Runtime) ESLint Plugin E2E,pull_request,dependabot[bot],Bot,bot,110098312139,ESLint v7,2026-09-30T21:07:06Z,2026-09-30T21:07:47Z,1,actions_linux,0.006,0.006,ubuntu-latest
36777297963,10330,(Runtime) ESLint Plugin E2E,pull_request,dependabot[bot],Bot,bot,110098312504,ESLint v9,2026-09-30T21:07:06Z,2026-09-30T21:07:46Z,1,actions_linux,0.006,0.006,ubuntu-latest
36777297963,10330,(Runtime) ESLint Plugin E2E,pull_request,dependabot[bot],Bot,bot,110098312511,ESLint v6,2026-09-30T21:07:06Z,2026-09-30T21:07:54Z,1,actions_linux,0.006,0.006,ubuntu-latest
36777297963,10330,(Runtime) ESLint Plugin E2E,pull_request,dependabot[bot],Bot,bot,110098312560,ESLint v8,2026-09-30T21:07:06Z,2026-09-30T21:07:52Z,1,actions_linux,0.006,0.006,ubuntu-latest
36777297963,10330,(Runtime) ESLint Plugin E2E,pull_request,dependabot[bot],Bot,bot,110098312581,ESLint v10,2026-09-30T21:07:06Z,2026-09-30T21:07:55Z,1,actions_linux,0.006,0.006,ubuntu-latest
36777294233,531,(DevTools) Discord Notify,pull_request_target,dependabot[bot],Bot,bot,110098299827,check_access,2026-09-30T21:06:58Z,2026-09-30T21:07:00Z,1,actions_linux,0.006,0.006,ubuntu-latest
36777294233,531,(DevTools) Discord Notify,pull_request_target,dependabot[bot],Bot,bot,110098336576,check_maintainer,2026-09-30T21:07:01Z,2026-09-30T21:07:01Z,1,actions_linux,0.006,0.006,
36777294233,531,(DevTools) Discord Notify,pull_request_target,dependabot[bot],Bot,bot,110098336654,notify,2026-09-30T21:07:01Z,2026-09-30T21:07:01Z,1,actions_linux,0.006,0.006,ubuntu-latest
36777294101,5133,(Shared) Label Core Team PRs,pull_request_target,dependabot[bot],Bot,bot,110098299306,check_access,2026-09-30T21:06:59Z,2026-09-30T21:07:03Z,1,actions_linux,0.006,0.006,ubuntu-latest
36777294101,5133,(Shared) Label Core Team PRs,pull_request_target,dependabot[bot],Bot,bot,110098352218,check_maintainer,2026-09-30T21:07:04Z,2026-09-30T21:07:03Z,1,actions_linux,0.006,0.006,
36777294101,5133,(Shared) Label Core Team PRs,pull_request_target,dependabot[bot],Bot,bot,110098353343,label,2026-09-30T21:07:04Z,2026-09-30T21:07:03Z,1,actions_linux,0.006,0.006,ubuntu-latest
36777294058,2922,(Runtime) Discord Notify,pull_request_target,dependabot[bot],Bot,bot,110098299299,check_access,2026-09-30T21:06:59Z,2026-09-30T21:07:02Z,1,actions_linux,0.006,0.006,ubuntu-latest
36777294058,2922,(Runtime) Discord Notify,pull_request_target,dependabot[bot],Bot,bot,110098342369,check_maintainer,2026-09-30T21:07:02Z,2026-09-30T21:07:02Z,1,actions_linux,0.006,0.006,
36777294058,2922,(Runtime) Discord Notify,pull_request_target,dependabot[bot],Bot,bot,110098344232,notify,2026-09-30T21:07:02Z,2026-09-30T21:07:02Z,1,actions_linux,0.006,0.006,ubuntu-latest
36777124455,946,npm_and_yarn in /. for electron - Update #1600879854,dynamic,dependabot[bot],Bot,bot,110097728577,Dependabot,2026-09-30T21:05:35Z,2026-09-30T21:06:50Z,2,actions_linux,0.006,0.012,ubuntu-latest
36771635638,21692,(Runtime) Fuzz tests,schedule,poteto,User,human,110079217458,test_fuzz,2026-09-30T20:18:07Z,2026-09-30T20:19:18Z,2,actions_linux,0.006,0.012,ubuntu-latest
36771251668,19141,(Shared) Manage stale issues and PRs,schedule,poteto,User,human,110077924447,stale,2026-09-30T20:14:50Z,2026-09-30T20:15:08Z,1,actions_linux,0.006,0.006,ubuntu-latest
36770188472,945,npm_and_yarn in /fixtures/flight-ssr-bench for fast-uri - Update #1600787119,dynamic,dependabot[bot],Bot,bot,110074304044,Dependabot,2026-09-30T20:05:40Z,2026-09-30T20:06:33Z,1,actions_linux,0.006,0.006,ubuntu-latest
36764211275,21691,(Runtime) Fuzz tests,schedule,poteto,User,human,110054143406,test_fuzz,2026-09-30T19:14:01Z,2026-09-30T19:15:08Z,2,actions_linux,0.006,0.012,ubuntu-latest
36763939672,19140,(Shared) Manage stale issues and PRs,schedule,poteto,User,human,110053214528,stale,2026-09-30T19:11:39Z,2026-09-30T19:12:05Z,1,actions_linux,0.006,0.006,ubuntu-latest
