run_id,run_number,workflow,event,actor_login,actor_type,class,job_id,job_name,started_at,completed_at,minutes,sku,rate_usd_per_min,cost_usd,runner_labels
36997873732,262,Draft PR Cleanup,schedule,pelikhan,User,human,110808641646,activation,2026-10-02T10:52:31Z,2026-10-02T10:53:06Z,1,actions_linux_slim,0.002,0.002,ubuntu-slim
36997873732,262,Draft PR Cleanup,schedule,pelikhan,User,human,110808841756,agent,2026-10-02T10:53:10Z,2026-10-02T10:55:05Z,2,actions_linux,0.006,0.012,ubuntu-latest
36997420128,195,GitHub API Consumption Report Agent,schedule,pelikhan,User,human,110807222148,activation,2026-10-02T10:47:33Z,2026-10-02T10:47:50Z,1,actions_linux_slim,0.002,0.002,ubuntu-slim
36997420128,195,GitHub API Consumption Report Agent,schedule,pelikhan,User,human,110807321893,agent,2026-10-02T10:47:50Z,2026-10-02T10:47:50Z,1,actions_linux,0.006,0.006,ubuntu-latest
36997420128,195,GitHub API Consumption Report Agent,schedule,pelikhan,User,human,110807322273,detection,2026-10-02T10:47:51Z,2026-10-02T10:47:50Z,1,actions_linux,0.006,0.006,ubuntu-latest
36997420128,195,GitHub API Consumption Report Agent,schedule,pelikhan,User,human,110807322312,upload_assets,2026-10-02T10:47:51Z,2026-10-02T10:47:50Z,1,actions_linux_slim,0.002,0.002,ubuntu-slim
36997420128,195,GitHub API Consumption Report Agent,schedule,pelikhan,User,human,110807323158,evals,2026-10-02T10:47:51Z,2026-10-02T10:47:50Z,1,actions_linux,0.006,0.006,ubuntu-latest
36997420128,195,GitHub API Consumption Report Agent,schedule,pelikhan,User,human,110807323228,safe_outputs,2026-10-02T10:47:51Z,2026-10-02T10:47:50Z,1,actions_linux_slim,0.002,0.002,ubuntu-slim
36997420128,195,GitHub API Consumption Report Agent,schedule,pelikhan,User,human,110807323231,update_cache_memory,2026-10-02T10:47:51Z,2026-10-02T10:47:50Z,1,actions_linux_slim,0.002,0.002,ubuntu-slim
36997420128,195,GitHub API Consumption Report Agent,schedule,pelikhan,User,human,110807323330,push_evals_state,2026-10-02T10:47:51Z,2026-10-02T10:47:51Z,1,actions_linux_slim,0.002,0.002,ubuntu-slim
36997420128,195,GitHub API Consumption Report Agent,schedule,pelikhan,User,human,110807324492,conclusion,2026-10-02T10:47:51Z,2026-10-02T10:47:51Z,1,actions_linux_slim,0.002,0.002,ubuntu-slim
36997175620,6527,PR Sous Chef,schedule,pelikhan,User,human,110806464205,pre_activation,2026-10-02T10:44:58Z,2026-10-02T10:45:14Z,1,actions_linux_slim,0.002,0.002,ubuntu-slim
36997175620,6527,PR Sous Chef,schedule,pelikhan,User,human,110806568171,activation,2026-10-02T10:45:20Z,2026-10-02T10:45:42Z,1,actions_linux_slim,0.002,0.002,ubuntu-slim
36997175620,6527,PR Sous Chef,schedule,pelikhan,User,human,110806709536,push_experiments_state,2026-10-02T10:45:42Z,2026-10-02T10:45:42Z,1,actions_linux_slim,0.002,0.002,ubuntu-slim
36997175620,6527,PR Sous Chef,schedule,pelikhan,User,human,110806710003,agent,2026-10-02T10:45:42Z,2026-10-02T10:45:42Z,1,actions_linux,0.006,0.006,ubuntu-latest
36997175620,6527,PR Sous Chef,schedule,pelikhan,User,human,110806710628,detection,2026-10-02T10:45:43Z,2026-10-02T10:45:42Z,1,actions_linux,0.006,0.006,ubuntu-latest
36997175620,6527,PR Sous Chef,schedule,pelikhan,User,human,110806710921,approval_allowlist,2026-10-02T10:45:43Z,2026-10-02T10:45:42Z,1,actions_linux_slim,0.002,0.002,ubuntu-slim
36997175620,6527,PR Sous Chef,schedule,pelikhan,User,human,110806711250,safe_outputs,2026-10-02T10:45:43Z,2026-10-02T10:45:42Z,1,actions_linux_slim,0.002,0.002,ubuntu-slim
36997175620,6527,PR Sous Chef,schedule,pelikhan,User,human,110806711540,evals,2026-10-02T10:45:43Z,2026-10-02T10:45:42Z,1,actions_linux,0.006,0.006,ubuntu-latest
36997175620,6527,PR Sous Chef,schedule,pelikhan,User,human,110806711979,push_evals_state,2026-10-02T10:45:43Z,2026-10-02T10:45:43Z,1,actions_linux_slim,0.002,0.002,ubuntu-slim
36997175620,6527,PR Sous Chef,schedule,pelikhan,User,human,110806713548,conclusion,2026-10-02T10:45:43Z,2026-10-02T10:45:43Z,1,actions_linux_slim,0.002,0.002,ubuntu-slim
36997156037,5984,Agentic Maintenance,schedule,pelikhan,User,human,110806400248,cleanup-cache-memory,2026-10-02T10:44:48Z,2026-10-02T10:45:03Z,1,actions_linux_slim,0.002,0.002,ubuntu-slim
36997156037,5984,Agentic Maintenance,schedule,pelikhan,User,human,110806400440,ledger_compaction_plan,2026-10-02T10:44:48Z,2026-10-02T10:45:04Z,1,actions_linux_slim,0.002,0.002,ubuntu-slim
36997156037,5984,Agentic Maintenance,schedule,pelikhan,User,human,110806400453,close-expired-issues,2026-10-02T10:44:48Z,2026-10-02T10:45:03Z,1,actions_linux_slim,0.002,0.002,ubuntu-slim
36997156037,5984,Agentic Maintenance,schedule,pelikhan,User,human,110806400476,close-expired-pull-requests,2026-10-02T10:44:48Z,2026-10-02T10:44:57Z,1,actions_linux_slim,0.002,0.002,ubuntu-slim
36997156037,5984,Agentic Maintenance,schedule,pelikhan,User,human,110806400501,compile-workflows,2026-10-02T10:44:48Z,2026-10-02T10:48:22Z,4,actions_linux_slim,0.002,0.008,ubuntu-slim
36997156037,5984,Agentic Maintenance,schedule,pelikhan,User,human,110806400510,secret-validation,2026-10-02T10:44:48Z,2026-10-02T10:45:16Z,1,actions_linux_slim,0.002,0.002,ubuntu-slim
36997156037,5984,Agentic Maintenance,schedule,pelikhan,User,human,110806400571,close-expired-discussions,2026-10-02T10:44:48Z,2026-10-02T10:45:07Z,1,actions_linux_slim,0.002,0.002,ubuntu-slim
36997156037,5984,Agentic Maintenance,schedule,pelikhan,User,human,110806401364,activity_report,2026-10-02T10:44:40Z,2026-10-02T10:44:40Z,1,actions_linux_slim,0.002,0.002,ubuntu-slim
36997156037,5984,Agentic Maintenance,schedule,pelikhan,User,human,110806401559,update_pull_request_branches,2026-10-02T10:44:40Z,2026-10-02T10:44:40Z,1,actions_linux_slim,0.002,0.002,ubuntu-slim
36997156037,5984,Agentic Maintenance,schedule,pelikhan,User,human,110806401630,run_operation,2026-10-02T10:44:40Z,2026-10-02T10:44:40Z,1,actions_linux_slim,0.002,0.002,ubuntu-slim
36997156037,5984,Agentic Maintenance,schedule,pelikhan,User,human,110806401645,close_agentic_workflows_issues,2026-10-02T10:44:40Z,2026-10-02T10:44:40Z,1,actions_linux_slim,0.002,0.002,ubuntu-slim
36997156037,5984,Agentic Maintenance,schedule,pelikhan,User,human,110806401697,create_labels,2026-10-02T10:44:40Z,2026-10-02T10:44:40Z,1,actions_linux_slim,0.002,0.002,ubuntu-slim
36997156037,5984,Agentic Maintenance,schedule,pelikhan,User,human,110806401752,forecast_report,2026-10-02T10:44:40Z,2026-10-02T10:44:40Z,1,actions_linux_slim,0.002,0.002,ubuntu-slim
36997156037,5984,Agentic Maintenance,schedule,pelikhan,User,human,110806401758,label_disable_agentic_workflow,2026-10-02T10:44:40Z,2026-10-02T10:44:40Z,1,actions_linux_slim,0.002,0.002,ubuntu-slim
36997156037,5984,Agentic Maintenance,schedule,pelikhan,User,human,110806401778,apply_safe_outputs,2026-10-02T10:44:40Z,2026-10-02T10:44:40Z,1,actions_linux_slim,0.002,0.002,ubuntu-slim
36997156037,5984,Agentic Maintenance,schedule,pelikhan,User,human,110806402218,label_apply_safe_outputs,2026-10-02T10:44:41Z,2026-10-02T10:44:40Z,1,actions_linux_slim,0.002,0.002,ubuntu-slim
36997156037,5984,Agentic Maintenance,schedule,pelikhan,User,human,110806432659,validate_workflows,2026-10-02T10:44:47Z,2026-10-02T10:44:40Z,1,actions_linux,0.006,0.006,ubuntu-latest
36997156037,5984,Agentic Maintenance,schedule,pelikhan,User,human,110806521983,ledger_compaction_apply,2026-10-02T10:45:05Z,2026-10-02T10:45:04Z,1,actions_linux_slim,0.002,0.002,ubuntu-slim
36997069126,9371,Issue Monster,schedule,pelikhan,User,human,110806110541,pre_activation,2026-10-02T10:43:47Z,2026-10-02T10:44:13Z,1,actions_linux_slim,0.002,0.002,ubuntu-slim
36997069126,9371,Issue Monster,schedule,pelikhan,User,human,110806267523,activation,2026-10-02T10:44:14Z,2026-10-02T10:44:13Z,1,actions_linux_slim,0.002,0.002,ubuntu-slim
36997069126,9371,Issue Monster,schedule,pelikhan,User,human,110806268221,agent,2026-10-02T10:44:14Z,2026-10-02T10:44:13Z,1,actions_linux,0.006,0.006,ubuntu-latest
36997069126,9371,Issue Monster,schedule,pelikhan,User,human,110806268840,detection,2026-10-02T10:44:14Z,2026-10-02T10:44:14Z,1,actions_linux,0.006,0.006,ubuntu-latest
36997069126,9371,Issue Monster,schedule,pelikhan,User,human,110806268845,safe_outputs,2026-10-02T10:44:14Z,2026-10-02T10:44:14Z,1,actions_linux_slim,0.002,0.002,ubuntu-slim
36997069126,9371,Issue Monster,schedule,pelikhan,User,human,110806268916,push_evals_state,2026-10-02T10:44:14Z,2026-10-02T10:44:14Z,1,actions_linux_slim,0.002,0.002,ubuntu-slim
36997069126,9371,Issue Monster,schedule,pelikhan,User,human,110806269375,evals,2026-10-02T10:44:14Z,2026-10-02T10:44:14Z,1,actions_linux,0.006,0.006,ubuntu-latest
36997069126,9371,Issue Monster,schedule,pelikhan,User,human,110806269849,conclusion,2026-10-02T10:44:14Z,2026-10-02T10:44:14Z,1,actions_linux_slim,0.002,0.002,ubuntu-slim
36997002634,440,Daily Documentation Updater,schedule,pelikhan,User,human,110805897603,activation,2026-10-02T10:43:07Z,2026-10-02T10:43:34Z,1,actions_linux_slim,0.002,0.002,ubuntu-slim
36997002634,440,Daily Documentation Updater,schedule,pelikhan,User,human,110806072882,detection,2026-10-02T10:43:35Z,2026-10-02T10:43:34Z,1,actions_linux,0.006,0.006,ubuntu-latest
36997002634,440,Daily Documentation Updater,schedule,pelikhan,User,human,110806073247,safe_outputs,2026-10-02T10:43:35Z,2026-10-02T10:43:34Z,1,actions_linux_slim,0.002,0.002,ubuntu-slim
36997002634,440,Daily Documentation Updater,schedule,pelikhan,User,human,110806073294,push_experiments_state,2026-10-02T10:43:35Z,2026-10-02T10:43:34Z,1,actions_linux_slim,0.002,0.002,ubuntu-slim
36997002634,440,Daily Documentation Updater,schedule,pelikhan,User,human,110806073296,agent,2026-10-02T10:43:35Z,2026-10-02T10:43:34Z,1,actions_linux,0.006,0.006,ubuntu-latest
36997002634,440,Daily Documentation Updater,schedule,pelikhan,User,human,110806073563,update_cache_memory,2026-10-02T10:43:35Z,2026-10-02T10:43:34Z,1,actions_linux_slim,0.002,0.002,ubuntu-slim
36997002634,440,Daily Documentation Updater,schedule,pelikhan,User,human,110806074191,push_evals_state,2026-10-02T10:43:35Z,2026-10-02T10:43:34Z,1,actions_linux_slim,0.002,0.002,ubuntu-slim
36997002634,440,Daily Documentation Updater,schedule,pelikhan,User,human,110806074620,evals,2026-10-02T10:43:35Z,2026-10-02T10:43:34Z,1,actions_linux,0.006,0.006,ubuntu-latest
36997002634,440,Daily Documentation Updater,schedule,pelikhan,User,human,110806074845,conclusion,2026-10-02T10:43:35Z,2026-10-02T10:43:35Z,1,actions_linux_slim,0.002,0.002,ubuntu-slim
36996374466,2101,[aw] Failure Investigator (6h),schedule,pelikhan,User,human,110803919387,pre_activation,2026-10-02T10:36:17Z,2026-10-02T10:36:33Z,1,actions_linux_slim,0.002,0.002,ubuntu-slim
36996374466,2101,[aw] Failure Investigator (6h),schedule,pelikhan,User,human,110804030994,activation,2026-10-02T10:36:39Z,2026-10-02T10:36:58Z,1,actions_linux_slim,0.002,0.002,ubuntu-slim
36996374466,2101,[aw] Failure Investigator (6h),schedule,pelikhan,User,human,110804155443,agent,2026-10-02T10:36:59Z,2026-10-02T10:36:58Z,1,actions_linux,0.006,0.006,ubuntu-latest
36996374466,2101,[aw] Failure Investigator (6h),schedule,pelikhan,User,human,110804155458,push_experiments_state,2026-10-02T10:36:59Z,2026-10-02T10:36:58Z,1,actions_linux_slim,0.002,0.002,ubuntu-slim
36996374466,2101,[aw] Failure Investigator (6h),schedule,pelikhan,User,human,110804155810,detection,2026-10-02T10:36:59Z,2026-10-02T10:36:59Z,1,actions_linux,0.006,0.006,ubuntu-latest
36996374466,2101,[aw] Failure Investigator (6h),schedule,pelikhan,User,human,110804156234,safe_outputs,2026-10-02T10:36:59Z,2026-10-02T10:36:59Z,1,actions_linux_slim,0.002,0.002,ubuntu-slim
36996374466,2101,[aw] Failure Investigator (6h),schedule,pelikhan,User,human,110804156710,evals,2026-10-02T10:36:59Z,2026-10-02T10:36:59Z,1,actions_linux,0.006,0.006,ubuntu-latest
36996374466,2101,[aw] Failure Investigator (6h),schedule,pelikhan,User,human,110804156907,push_evals_state,2026-10-02T10:36:59Z,2026-10-02T10:36:59Z,1,actions_linux_slim,0.002,0.002,ubuntu-slim
36996374466,2101,[aw] Failure Investigator (6h),schedule,pelikhan,User,human,110804157287,conclusion,2026-10-02T10:36:59Z,2026-10-02T10:36:59Z,1,actions_linux_slim,0.002,0.002,ubuntu-slim
36996163854,1579,Daily Trajectory Grader Implementer,schedule,pelikhan,User,human,110803249450,pre_activation,2026-10-02T10:33:58Z,2026-10-02T10:34:15Z,1,actions_linux_slim,0.002,0.002,ubuntu-slim
36996163854,1579,Daily Trajectory Grader Implementer,schedule,pelikhan,User,human,110803351761,activation,2026-10-02T10:34:15Z,2026-10-02T10:34:15Z,1,actions_linux_slim,0.002,0.002,ubuntu-slim
36996163854,1579,Daily Trajectory Grader Implementer,schedule,pelikhan,User,human,110803352291,agent,2026-10-02T10:34:15Z,2026-10-02T10:34:15Z,1,actions_linux,0.006,0.006,ubuntu-latest
36996163854,1579,Daily Trajectory Grader Implementer,schedule,pelikhan,User,human,110803352513,detection,2026-10-02T10:34:15Z,2026-10-02T10:34:15Z,1,actions_linux,0.006,0.006,ubuntu-latest
36996163854,1579,Daily Trajectory Grader Implementer,schedule,pelikhan,User,human,110803353770,conclusion,2026-10-02T10:34:16Z,2026-10-02T10:34:15Z,1,actions_linux_slim,0.002,0.002,ubuntu-slim
36996163854,1579,Daily Trajectory Grader Implementer,schedule,pelikhan,User,human,110803353810,safe_outputs,2026-10-02T10:34:16Z,2026-10-02T10:34:15Z,1,actions_linux_slim,0.002,0.002,ubuntu-slim
36996140866,564,Daily Go Test Parallelizer,schedule,pelikhan,User,human,110803174796,pre_activation,2026-10-02T10:33:47Z,2026-10-02T10:34:09Z,1,actions_linux_slim,0.002,0.002,ubuntu-slim
36996140866,564,Daily Go Test Parallelizer,schedule,pelikhan,User,human,110803321821,activation,2026-10-02T10:34:14Z,2026-10-02T10:34:34Z,1,actions_linux_slim,0.002,0.002,ubuntu-slim
36996140866,564,Daily Go Test Parallelizer,schedule,pelikhan,User,human,110803446323,agent,2026-10-02T10:34:35Z,2026-10-02T10:34:34Z,1,actions_linux,0.006,0.006,ubuntu-latest
36996140866,564,Daily Go Test Parallelizer,schedule,pelikhan,User,human,110803447054,detection,2026-10-02T10:34:35Z,2026-10-02T10:34:35Z,1,actions_linux,0.006,0.006,ubuntu-latest
36996140866,564,Daily Go Test Parallelizer,schedule,pelikhan,User,human,110803447253,evals,2026-10-02T10:34:35Z,2026-10-02T10:34:35Z,1,actions_linux,0.006,0.006,ubuntu-latest
36996140866,564,Daily Go Test Parallelizer,schedule,pelikhan,User,human,110803447426,safe_outputs,2026-10-02T10:34:35Z,2026-10-02T10:34:35Z,1,actions_linux_slim,0.002,0.002,ubuntu-slim
36996140866,564,Daily Go Test Parallelizer,schedule,pelikhan,User,human,110803447880,update_cache_memory,2026-10-02T10:34:35Z,2026-10-02T10:34:35Z,1,actions_linux_slim,0.002,0.002,ubuntu-slim
36996140866,564,Daily Go Test Parallelizer,schedule,pelikhan,User,human,110803448096,push_evals_state,2026-10-02T10:34:35Z,2026-10-02T10:34:35Z,1,actions_linux_slim,0.002,0.002,ubuntu-slim
36996140866,564,Daily Go Test Parallelizer,schedule,pelikhan,User,human,110803449120,conclusion,2026-10-02T10:34:35Z,2026-10-02T10:34:35Z,1,actions_linux_slim,0.002,0.002,ubuntu-slim
36996087516,2730,Avenger,schedule,pelikhan,User,human,110803003647,check_ci_status,2026-10-02T10:33:08Z,2026-10-02T10:33:28Z,1,actions_linux,0.006,0.006,ubuntu-latest
36996087516,2730,Avenger,schedule,pelikhan,User,human,110803120972,activation,2026-10-02T10:34:39Z,2026-10-02T10:35:18Z,1,actions_linux_slim,0.002,0.002,ubuntu-slim
36996087516,2730,Avenger,schedule,pelikhan,User,human,110803667003,agent,2026-10-02T10:35:19Z,2026-10-02T10:35:19Z,1,actions_linux,0.006,0.006,ubuntu-latest
36996087516,2730,Avenger,schedule,pelikhan,User,human,110803667751,evals,2026-10-02T10:35:19Z,2026-10-02T10:35:19Z,1,actions_linux,0.006,0.006,ubuntu-latest
36996087516,2730,Avenger,schedule,pelikhan,User,human,110803667920,detection,2026-10-02T10:35:19Z,2026-10-02T10:35:19Z,1,actions_linux,0.006,0.006,ubuntu-latest
36996087516,2730,Avenger,schedule,pelikhan,User,human,110803668104,push_evals_state,2026-10-02T10:35:19Z,2026-10-02T10:35:19Z,1,actions_linux_slim,0.002,0.002,ubuntu-slim
36996087516,2730,Avenger,schedule,pelikhan,User,human,110803668120,safe_outputs,2026-10-02T10:35:19Z,2026-10-02T10:35:19Z,1,actions_linux_slim,0.002,0.002,ubuntu-slim
36996087516,2730,Avenger,schedule,pelikhan,User,human,110803668213,conclusion,2026-10-02T10:35:19Z,2026-10-02T10:35:19Z,1,actions_linux_slim,0.002,0.002,ubuntu-slim
36996083963,25,Feature Grower,schedule,pelikhan,User,human,110802992858,pre_activation,2026-10-02T10:33:06Z,2026-10-02T10:33:15Z,1,actions_linux_slim,0.002,0.002,ubuntu-slim
36996083963,25,Feature Grower,schedule,pelikhan,User,human,110803059080,activation,2026-10-02T10:33:19Z,2026-10-02T10:33:37Z,1,actions_linux_slim,0.002,0.002,ubuntu-slim
36996083963,25,Feature Grower,schedule,pelikhan,User,human,110803169059,agent,2026-10-02T10:33:38Z,2026-10-02T10:33:38Z,1,actions_linux,0.006,0.006,ubuntu-latest
36996083963,25,Feature Grower,schedule,pelikhan,User,human,110803170338,safe_outputs,2026-10-02T10:33:38Z,2026-10-02T10:33:38Z,1,actions_linux_slim,0.002,0.002,ubuntu-slim
36996083963,25,Feature Grower,schedule,pelikhan,User,human,110803170481,detection,2026-10-02T10:33:38Z,2026-10-02T10:33:38Z,1,actions_linux,0.006,0.006,ubuntu-latest
36996083963,25,Feature Grower,schedule,pelikhan,User,human,110803170965,update_cache_memory,2026-10-02T10:33:38Z,2026-10-02T10:33:38Z,1,actions_linux_slim,0.002,0.002,ubuntu-slim
36996083963,25,Feature Grower,schedule,pelikhan,User,human,110803171162,conclusion,2026-10-02T10:33:38Z,2026-10-02T10:33:38Z,1,actions_linux_slim,0.002,0.002,ubuntu-slim
36996042542,164,Daily A/B Testing Advisor,schedule,pelikhan,User,human,110802862170,pre_activation,2026-10-02T10:32:38Z,2026-10-02T10:32:54Z,1,actions_linux_slim,0.002,0.002,ubuntu-slim
36996042542,164,Daily A/B Testing Advisor,schedule,pelikhan,User,human,110802958031,activation,2026-10-02T10:32:59Z,2026-10-02T10:33:19Z,1,actions_linux_slim,0.002,0.002,ubuntu-slim
36996042542,164,Daily A/B Testing Advisor,schedule,pelikhan,User,human,110803078898,detection,2026-10-02T10:33:20Z,2026-10-02T10:33:19Z,1,actions_linux,0.006,0.006,ubuntu-latest
36996042542,164,Daily A/B Testing Advisor,schedule,pelikhan,User,human,110803078949,agent,2026-10-02T10:33:20Z,2026-10-02T10:33:19Z,1,actions_linux,0.006,0.006,ubuntu-latest
36996042542,164,Daily A/B Testing Advisor,schedule,pelikhan,User,human,110803079376,safe_outputs,2026-10-02T10:33:20Z,2026-10-02T10:33:19Z,1,actions_linux_slim,0.002,0.002,ubuntu-slim
36996042542,164,Daily A/B Testing Advisor,schedule,pelikhan,User,human,110803079413,evals,2026-10-02T10:33:20Z,2026-10-02T10:33:19Z,1,actions_linux,0.006,0.006,ubuntu-latest
36996042542,164,Daily A/B Testing Advisor,schedule,pelikhan,User,human,110803079716,update_cache_memory,2026-10-02T10:33:20Z,2026-10-02T10:33:19Z,1,actions_linux_slim,0.002,0.002,ubuntu-slim
36996042542,164,Daily A/B Testing Advisor,schedule,pelikhan,User,human,110803080458,push_evals_state,2026-10-02T10:33:20Z,2026-10-02T10:33:19Z,1,actions_linux_slim,0.002,0.002,ubuntu-slim
36996042542,164,Daily A/B Testing Advisor,schedule,pelikhan,User,human,110803081061,conclusion,2026-10-02T10:33:20Z,2026-10-02T10:33:20Z,1,actions_linux_slim,0.002,0.002,ubuntu-slim
36995169254,6526,PR Sous Chef,schedule,pelikhan,User,human,110800130699,pre_activation,2026-10-02T10:23:15Z,2026-10-02T10:23:34Z,1,actions_linux_slim,0.002,0.002,ubuntu-slim
36995169254,6526,PR Sous Chef,schedule,pelikhan,User,human,110800259754,activation,2026-10-02T10:23:41Z,2026-10-02T10:24:05Z,1,actions_linux_slim,0.002,0.002,ubuntu-slim
36995169254,6526,PR Sous Chef,schedule,pelikhan,User,human,110800414710,agent,2026-10-02T10:24:06Z,2026-10-02T10:24:05Z,1,actions_linux,0.006,0.006,ubuntu-latest
36995169254,6526,PR Sous Chef,schedule,pelikhan,User,human,110800415097,push_experiments_state,2026-10-02T10:24:06Z,2026-10-02T10:24:05Z,1,actions_linux_slim,0.002,0.002,ubuntu-slim
36995169254,6526,PR Sous Chef,schedule,pelikhan,User,human,110800415099,detection,2026-10-02T10:24:06Z,2026-10-02T10:24:06Z,1,actions_linux,0.006,0.006,ubuntu-latest
36995169254,6526,PR Sous Chef,schedule,pelikhan,User,human,110800415562,approval_allowlist,2026-10-02T10:24:06Z,2026-10-02T10:24:06Z,1,actions_linux_slim,0.002,0.002,ubuntu-slim
36995169254,6526,PR Sous Chef,schedule,pelikhan,User,human,110800415783,evals,2026-10-02T10:24:06Z,2026-10-02T10:24:06Z,1,actions_linux,0.006,0.006,ubuntu-latest
36995169254,6526,PR Sous Chef,schedule,pelikhan,User,human,110800415852,safe_outputs,2026-10-02T10:24:06Z,2026-10-02T10:24:06Z,1,actions_linux_slim,0.002,0.002,ubuntu-slim
36995169254,6526,PR Sous Chef,schedule,pelikhan,User,human,110800416190,push_evals_state,2026-10-02T10:24:06Z,2026-10-02T10:24:06Z,1,actions_linux_slim,0.002,0.002,ubuntu-slim
36995169254,6526,PR Sous Chef,schedule,pelikhan,User,human,110800416621,conclusion,2026-10-02T10:24:06Z,2026-10-02T10:24:06Z,1,actions_linux_slim,0.002,0.002,ubuntu-slim
36995145217,280,Copilot PR Conversation NLP Analysis,schedule,pelikhan,User,human,110800054926,activation,2026-10-02T10:22:59Z,2026-10-02T10:23:23Z,1,actions_linux_slim,0.002,0.002,ubuntu-slim
36995145217,280,Copilot PR Conversation NLP Analysis,schedule,pelikhan,User,human,110800207485,agent,2026-10-02T10:23:24Z,2026-10-02T10:23:23Z,1,actions_linux,0.006,0.006,ubuntu-latest
36995145217,280,Copilot PR Conversation NLP Analysis,schedule,pelikhan,User,human,110800208536,detection,2026-10-02T10:23:24Z,2026-10-02T10:23:24Z,1,actions_linux,0.006,0.006,ubuntu-latest
36995145217,280,Copilot PR Conversation NLP Analysis,schedule,pelikhan,User,human,110800208847,upload_assets,2026-10-02T10:23:24Z,2026-10-02T10:23:24Z,1,actions_linux_slim,0.002,0.002,ubuntu-slim
36995145217,280,Copilot PR Conversation NLP Analysis,schedule,pelikhan,User,human,110800208920,safe_outputs,2026-10-02T10:23:24Z,2026-10-02T10:23:24Z,1,actions_linux_slim,0.002,0.002,ubuntu-slim
36995145217,280,Copilot PR Conversation NLP Analysis,schedule,pelikhan,User,human,110800208925,push_experiments_state,2026-10-02T10:23:24Z,2026-10-02T10:23:23Z,1,actions_linux_slim,0.002,0.002,ubuntu-slim
36995145217,280,Copilot PR Conversation NLP Analysis,schedule,pelikhan,User,human,110800209124,evals,2026-10-02T10:23:24Z,2026-10-02T10:23:24Z,1,actions_linux,0.006,0.006,ubuntu-latest
36995145217,280,Copilot PR Conversation NLP Analysis,schedule,pelikhan,User,human,110800209448,push_evals_state,2026-10-02T10:23:24Z,2026-10-02T10:23:24Z,1,actions_linux_slim,0.002,0.002,ubuntu-slim
36995145217,280,Copilot PR Conversation NLP Analysis,schedule,pelikhan,User,human,110800209664,update_cache_memory,2026-10-02T10:23:24Z,2026-10-02T10:23:24Z,1,actions_linux_slim,0.002,0.002,ubuntu-slim
36995145217,280,Copilot PR Conversation NLP Analysis,schedule,pelikhan,User,human,110800210159,conclusion,2026-10-02T10:23:24Z,2026-10-02T10:23:24Z,1,actions_linux_slim,0.002,0.002,ubuntu-slim
36995145217,280,Copilot PR Conversation NLP Analysis,schedule,pelikhan,User,human,110800210251,push_repo_memory,2026-10-02T10:23:24Z,2026-10-02T10:23:24Z,1,actions_linux_slim,0.002,0.002,ubuntu-slim
36995054352,9370,Issue Monster,schedule,pelikhan,User,human,110799765653,pre_activation,2026-10-02T10:21:55Z,2026-10-02T10:22:27Z,1,actions_linux_slim,0.002,0.002,ubuntu-slim
36995054352,9370,Issue Monster,schedule,pelikhan,User,human,110799931945,agent,2026-10-02T10:22:27Z,2026-10-02T10:22:27Z,1,actions_linux,0.006,0.006,ubuntu-latest
36995054352,9370,Issue Monster,schedule,pelikhan,User,human,110799931960,activation,2026-10-02T10:22:27Z,2026-10-02T10:22:27Z,1,actions_linux_slim,0.002,0.002,ubuntu-slim
36995054352,9370,Issue Monster,schedule,pelikhan,User,human,110799933025,evals,2026-10-02T10:22:28Z,2026-10-02T10:22:27Z,1,actions_linux,0.006,0.006,ubuntu-latest
36995054352,9370,Issue Monster,schedule,pelikhan,User,human,110799933317,detection,2026-10-02T10:22:28Z,2026-10-02T10:22:27Z,1,actions_linux,0.006,0.006,ubuntu-latest
36995054352,9370,Issue Monster,schedule,pelikhan,User,human,110799933845,safe_outputs,2026-10-02T10:22:28Z,2026-10-02T10:22:27Z,1,actions_linux_slim,0.002,0.002,ubuntu-slim
36995054352,9370,Issue Monster,schedule,pelikhan,User,human,110799934467,push_evals_state,2026-10-02T10:22:28Z,2026-10-02T10:22:28Z,1,actions_linux_slim,0.002,0.002,ubuntu-slim
36995054352,9370,Issue Monster,schedule,pelikhan,User,human,110799935368,conclusion,2026-10-02T10:22:28Z,2026-10-02T10:22:28Z,1,actions_linux_slim,0.002,0.002,ubuntu-slim
36995017508,293,Glossary Maintainer,schedule,pelikhan,User,human,110799651258,activation,2026-10-02T10:21:39Z,2026-10-02T10:22:06Z,1,actions_linux_slim,0.002,0.002,ubuntu-slim
36995017508,293,Glossary Maintainer,schedule,pelikhan,User,human,110799834580,agent,2026-10-02T10:22:07Z,2026-10-02T10:22:07Z,1,actions_linux,0.006,0.006,ubuntu-latest
36995017508,293,Glossary Maintainer,schedule,pelikhan,User,human,110799835430,update_cache_memory,2026-10-02T10:22:07Z,2026-10-02T10:22:07Z,1,actions_linux_slim,0.002,0.002,ubuntu-slim
36995017508,293,Glossary Maintainer,schedule,pelikhan,User,human,110799835640,detection,2026-10-02T10:22:07Z,2026-10-02T10:22:07Z,1,actions_linux,0.006,0.006,ubuntu-latest
36995017508,293,Glossary Maintainer,schedule,pelikhan,User,human,110799835926,safe_outputs,2026-10-02T10:22:07Z,2026-10-02T10:22:07Z,1,actions_linux_slim,0.002,0.002,ubuntu-slim
36995017508,293,Glossary Maintainer,schedule,pelikhan,User,human,110799836097,evals,2026-10-02T10:22:07Z,2026-10-02T10:22:07Z,1,actions_linux,0.006,0.006,ubuntu-latest
36995017508,293,Glossary Maintainer,schedule,pelikhan,User,human,110799836390,push_evals_state,2026-10-02T10:22:07Z,2026-10-02T10:22:07Z,1,actions_linux_slim,0.002,0.002,ubuntu-slim
36995017508,293,Glossary Maintainer,schedule,pelikhan,User,human,110799836738,push_repo_memory,2026-10-02T10:22:07Z,2026-10-02T10:22:07Z,1,actions_linux_slim,0.002,0.002,ubuntu-slim
36995017508,293,Glossary Maintainer,schedule,pelikhan,User,human,110799836845,conclusion,2026-10-02T10:22:07Z,2026-10-02T10:22:07Z,1,actions_linux_slim,0.002,0.002,ubuntu-slim
36994553091,55767,CI,schedule,pelikhan,User,human,110798163192,Validate workflow container pins,2026-10-02T10:16:32Z,2026-10-02T10:17:06Z,1,actions_linux,0.006,0.006,ubuntu-latest
36994553091,55767,CI,schedule,pelikhan,User,human,110798163483,changes,2026-10-02T10:16:32Z,2026-10-02T10:16:47Z,1,actions_linux,0.006,0.006,ubuntu-latest
36994553091,55767,CI,schedule,pelikhan,User,human,110798274668,Integration Update - Target Repo,2026-10-02T10:16:48Z,2026-10-02T10:16:48Z,1,actions_linux,0.006,0.006,ubuntu-latest
36994553091,55767,CI,schedule,pelikhan,User,human,110798274686,Integration: ${{ matrix.test-group.name }},2026-10-02T10:16:48Z,2026-10-02T10:16:48Z,1,actions_linux,0.006,0.006,ubuntu-latest
36994553091,55767,CI,schedule,pelikhan,User,human,110798274876,Integration Add with dispatch-workflow Dependencies,2026-10-02T10:16:48Z,2026-10-02T10:16:48Z,1,actions_linux,0.006,0.006,ubuntu-latest
36994553091,55767,CI,schedule,pelikhan,User,human,110798274877,update,2026-10-02T10:16:48Z,2026-10-02T10:16:48Z,1,actions_linux,0.006,0.006,ubuntu-latest
36994553091,55767,CI,schedule,pelikhan,User,human,110798274895,Integration Unauthenticated Add (Public Repo),2026-10-02T10:16:48Z,2026-10-02T10:16:48Z,1,actions_linux,0.006,0.006,ubuntu-latest
36994553091,55767,CI,schedule,pelikhan,User,human,110798274906,Integration Compile gh-aw-marketplace,2026-10-02T10:16:48Z,2026-10-02T10:16:48Z,1,actions_linux,0.006,0.006,ubuntu-latest
36994553091,55767,CI,schedule,pelikhan,User,human,110798274911,Playwright Browsers sh Integration Test: ${{ matrix.browser }},2026-10-02T10:16:48Z,2026-10-02T10:16:48Z,1,actions_linux,0.006,0.006,ubuntu-latest
36994553091,55767,CI,schedule,pelikhan,User,human,110798275060,DIFC Proxy sh Integration Test,2026-10-02T10:16:48Z,2026-10-02T10:16:48Z,1,actions_linux,0.006,0.006,ubuntu-latest
36994553091,55767,CI,schedule,pelikhan,User,human,110798275095,Integration Release Availability,2026-10-02T10:16:48Z,2026-10-02T10:16:48Z,1,actions_linux,0.006,0.006,ubuntu-latest
36994553091,55767,CI,schedule,pelikhan,User,human,110798275148,Integration Fix --write and Compile,2026-10-02T10:16:48Z,2026-10-02T10:16:48Z,1,actions_linux,0.006,0.006,ubuntu-latest
36994553091,55767,CI,schedule,pelikhan,User,human,110798275192,Integration Update - Preserve Local Imports,2026-10-02T10:16:48Z,2026-10-02T10:16:48Z,1,actions_linux,0.006,0.006,ubuntu-latest
36994553091,55767,CI,schedule,pelikhan,User,human,110798275231,ShellCheck actions/setup/sh,2026-10-02T10:16:48Z,2026-10-02T10:16:48Z,1,actions_linux,0.006,0.006,ubuntu-latest
36994553091,55767,CI,schedule,pelikhan,User,human,110798275300,GH_HOST Proxy PR Checkout Repro (Issue,2026-10-02T10:16:48Z,2026-10-02T10:16:48Z,1,actions_linux,0.006,0.006,ubuntu-latest
36994553091,55767,CI,schedule,pelikhan,User,human,110798275341,Redirect Resolution Tests (${{ matrix.os }}),2026-10-02T10:16:48Z,2026-10-02T10:16:48Z,1,actions_linux,0.006,0.006,
36994553091,55767,CI,schedule,pelikhan,User,human,110798275386,health-smoke-copilot,2026-10-02T10:16:48Z,2026-10-02T10:16:48Z,1,actions_linux,0.006,0.006,ubuntu-latest
36994553091,55767,CI,schedule,pelikhan,User,human,110798275462,audit,2026-10-02T10:16:48Z,2026-10-02T10:16:48Z,1,actions_linux,0.006,0.006,ubuntu-latest
36994553091,55767,CI,schedule,pelikhan,User,human,110798275476,js-integration-live-api,2026-10-02T10:16:48Z,2026-10-02T10:16:48Z,1,actions_linux,0.006,0.006,ubuntu-latest
36994553091,55767,CI,schedule,pelikhan,User,human,110798275531,Integration Add Workflows,2026-10-02T10:16:48Z,2026-10-02T10:16:48Z,1,actions_linux,0.006,0.006,ubuntu-latest
36994553091,55767,CI,schedule,pelikhan,User,human,110798276056,Check workflow markdown/lock drift,2026-10-02T10:16:48Z,2026-10-02T10:16:48Z,1,actions_linux,0.006,0.006,ubuntu-latest
36994553091,55767,CI,schedule,pelikhan,User,human,110798276237,Compile pkg/cli/workflows,2026-10-02T10:16:48Z,2026-10-02T10:16:48Z,1,actions_linux,0.006,0.006,ubuntu-latest
36993383799,36162,Addressing comment on PR #64994,dynamic,Copilot,Bot,agent,110794484271,copilot,2026-10-02T10:04:11Z,2026-10-02T10:26:54Z,23,actions_linux,0.006,0.138,ubuntu-cca-77785908-7ef3-498a-9ae0-bbebb95125d3
36993371880,9708,"Squad — @copilot Quick triage nudge: please review the open feedback below, refresh this branch if needed, and run the `pr-finisher` skill to move this PR toward merge readiness.

Outstanding review feedback:
- copilot-pull-request-reviewer — [Lockfile removes libc selectors from unrelated native packages](https://github.com/github/gh-aw/pull/64994#discussion_r4164658987)
- copilot-pull-request-reviewer — [Test checks cell height, not interactive touch-target size](https://github.com/github/gh-aw/p...",issue_comment,gh-aw-bot,User,human,110794445953,pre_activation,2026-10-02T10:03:56Z,2026-10-02T10:03:55Z,1,actions_linux_slim,0.002,0.002,ubuntu-slim
36993371880,9708,"Squad — @copilot Quick triage nudge: please review the open feedback below, refresh this branch if needed, and run the `pr-finisher` skill to move this PR toward merge readiness.

Outstanding review feedback:
- copilot-pull-request-reviewer — [Lockfile removes libc selectors from unrelated native packages](https://github.com/github/gh-aw/pull/64994#discussion_r4164658987)
- copilot-pull-request-reviewer — [Test checks cell height, not interactive touch-target size](https://github.com/github/gh-aw/p...",issue_comment,gh-aw-bot,User,human,110794445957,agent,2026-10-02T10:03:56Z,2026-10-02T10:03:55Z,1,actions_linux,0.006,0.006,ubuntu-latest
36993371880,9708,"Squad — @copilot Quick triage nudge: please review the open feedback below, refresh this branch if needed, and run the `pr-finisher` skill to move this PR toward merge readiness.

Outstanding review feedback:
- copilot-pull-request-reviewer — [Lockfile removes libc selectors from unrelated native packages](https://github.com/github/gh-aw/pull/64994#discussion_r4164658987)
- copilot-pull-request-reviewer — [Test checks cell height, not interactive touch-target size](https://github.com/github/gh-aw/p...",issue_comment,gh-aw-bot,User,human,110794446396,detection,2026-10-02T10:03:56Z,2026-10-02T10:03:55Z,1,actions_linux,0.006,0.006,ubuntu-latest
36993371880,9708,"Squad — @copilot Quick triage nudge: please review the open feedback below, refresh this branch if needed, and run the `pr-finisher` skill to move this PR toward merge readiness.

Outstanding review feedback:
- copilot-pull-request-reviewer — [Lockfile removes libc selectors from unrelated native packages](https://github.com/github/gh-aw/pull/64994#discussion_r4164658987)
- copilot-pull-request-reviewer — [Test checks cell height, not interactive touch-target size](https://github.com/github/gh-aw/p...",issue_comment,gh-aw-bot,User,human,110794446851,conclusion,2026-10-02T10:03:56Z,2026-10-02T10:03:55Z,1,actions_linux_slim,0.002,0.002,ubuntu-slim
36993371880,9708,"Squad — @copilot Quick triage nudge: please review the open feedback below, refresh this branch if needed, and run the `pr-finisher` skill to move this PR toward merge readiness.

Outstanding review feedback:
- copilot-pull-request-reviewer — [Lockfile removes libc selectors from unrelated native packages](https://github.com/github/gh-aw/pull/64994#discussion_r4164658987)
- copilot-pull-request-reviewer — [Test checks cell height, not interactive touch-target size](https://github.com/github/gh-aw/p...",issue_comment,gh-aw-bot,User,human,110794446994,safe_outputs,2026-10-02T10:03:56Z,2026-10-02T10:03:55Z,1,actions_linux_slim,0.002,0.002,ubuntu-slim
36993371880,9708,"Squad — @copilot Quick triage nudge: please review the open feedback below, refresh this branch if needed, and run the `pr-finisher` skill to move this PR toward merge readiness.

Outstanding review feedback:
- copilot-pull-request-reviewer — [Lockfile removes libc selectors from unrelated native packages](https://github.com/github/gh-aw/pull/64994#discussion_r4164658987)
- copilot-pull-request-reviewer — [Test checks cell height, not interactive touch-target size](https://github.com/github/gh-aw/p...",issue_comment,gh-aw-bot,User,human,110794485049,activation,2026-10-02T10:04:03Z,2026-10-02T10:03:55Z,1,actions_linux_slim,0.002,0.002,ubuntu-slim
36993371831,49587,AI Moderator,issue_comment,gh-aw-bot,User,human,110794445725,activation,2026-10-02T10:03:55Z,2026-10-02T10:03:55Z,1,actions_linux_slim,0.002,0.002,ubuntu-slim
36993371831,49587,AI Moderator,issue_comment,gh-aw-bot,User,human,110794446299,pre_activation,2026-10-02T10:03:56Z,2026-10-02T10:03:55Z,1,actions_linux_slim,0.002,0.002,ubuntu-slim
36993371831,49587,AI Moderator,issue_comment,gh-aw-bot,User,human,110794446630,agent,2026-10-02T10:03:56Z,2026-10-02T10:03:55Z,1,actions_linux,0.006,0.006,ubuntu-latest
36993371831,49587,AI Moderator,issue_comment,gh-aw-bot,User,human,110794447173,evals,2026-10-02T10:03:56Z,2026-10-02T10:03:55Z,1,actions_linux,0.006,0.006,ubuntu-latest
36993371831,49587,AI Moderator,issue_comment,gh-aw-bot,User,human,110794447342,unlock,2026-10-02T10:03:56Z,2026-10-02T10:03:55Z,1,actions_linux_slim,0.002,0.002,ubuntu-slim
36993371831,49587,AI Moderator,issue_comment,gh-aw-bot,User,human,110794448136,conclusion,2026-10-02T10:03:56Z,2026-10-02T10:03:56Z,1,actions_linux_slim,0.002,0.002,ubuntu-slim
36993371831,49587,AI Moderator,issue_comment,gh-aw-bot,User,human,110794448146,push_evals_state,2026-10-02T10:03:56Z,2026-10-02T10:03:55Z,1,actions_linux_slim,0.002,0.002,ubuntu-slim
36993371831,49587,AI Moderator,issue_comment,gh-aw-bot,User,human,110794448201,safe_outputs,2026-10-02T10:03:56Z,2026-10-02T10:03:56Z,1,actions_linux_slim,0.002,0.002,ubuntu-slim
36993371778,63217,Agentic Commands,issue_comment,gh-aw-bot,User,human,110794442341,route,2026-10-02T10:04:00Z,2026-10-02T10:04:23Z,1,actions_linux_slim,0.002,0.002,ubuntu-slim
36993371762,127779,Q,issue_comment,gh-aw-bot,User,human,110794444344,pre_activation,2026-10-02T10:03:55Z,2026-10-02T10:03:55Z,1,actions_linux_slim,0.002,0.002,ubuntu-slim
36993371762,127779,Q,issue_comment,gh-aw-bot,User,human,110794445357,activation,2026-10-02T10:03:55Z,2026-10-02T10:03:55Z,1,actions_linux_slim,0.002,0.002,ubuntu-slim
36993371762,127779,Q,issue_comment,gh-aw-bot,User,human,110794446170,agent,2026-10-02T10:03:56Z,2026-10-02T10:03:55Z,1,actions_linux,0.006,0.006,ubuntu-latest
36993371762,127779,Q,issue_comment,gh-aw-bot,User,human,110794446648,detection,2026-10-02T10:03:56Z,2026-10-02T10:03:55Z,1,actions_linux,0.006,0.006,ubuntu-latest
36993371762,127779,Q,issue_comment,gh-aw-bot,User,human,110794447284,safe_outputs,2026-10-02T10:03:56Z,2026-10-02T10:03:55Z,1,actions_linux_slim,0.002,0.002,ubuntu-slim
36993371762,127779,Q,issue_comment,gh-aw-bot,User,human,110794448056,conclusion,2026-10-02T10:03:56Z,2026-10-02T10:03:55Z,1,actions_linux_slim,0.002,0.002,ubuntu-slim
36993310894,2100,[aw] Failure Investigator (6h),schedule,pelikhan,User,human,110794249956,pre_activation,2026-10-02T10:03:22Z,2026-10-02T10:03:34Z,1,actions_linux_slim,0.002,0.002,ubuntu-slim
36993310894,2100,[aw] Failure Investigator (6h),schedule,pelikhan,User,human,110794342176,activation,2026-10-02T10:03:41Z,2026-10-02T10:03:57Z,1,actions_linux_slim,0.002,0.002,ubuntu-slim
36993310894,2100,[aw] Failure Investigator (6h),schedule,pelikhan,User,human,110794454711,push_experiments_state,2026-10-02T10:03:57Z,2026-10-02T10:03:57Z,1,actions_linux_slim,0.002,0.002,ubuntu-slim
36993310894,2100,[aw] Failure Investigator (6h),schedule,pelikhan,User,human,110794454898,agent,2026-10-02T10:03:57Z,2026-10-02T10:03:57Z,1,actions_linux,0.006,0.006,ubuntu-latest
36993310894,2100,[aw] Failure Investigator (6h),schedule,pelikhan,User,human,110794455972,evals,2026-10-02T10:03:58Z,2026-10-02T10:03:57Z,1,actions_linux,0.006,0.006,ubuntu-latest
36993310894,2100,[aw] Failure Investigator (6h),schedule,pelikhan,User,human,110794456364,detection,2026-10-02T10:03:58Z,2026-10-02T10:03:57Z,1,actions_linux,0.006,0.006,ubuntu-latest
36993310894,2100,[aw] Failure Investigator (6h),schedule,pelikhan,User,human,110794456755,push_evals_state,2026-10-02T10:03:58Z,2026-10-02T10:03:57Z,1,actions_linux_slim,0.002,0.002,ubuntu-slim
36993310894,2100,[aw] Failure Investigator (6h),schedule,pelikhan,User,human,110794456764,safe_outputs,2026-10-02T10:03:58Z,2026-10-02T10:03:57Z,1,actions_linux_slim,0.002,0.002,ubuntu-slim
36993310894,2100,[aw] Failure Investigator (6h),schedule,pelikhan,User,human,110794458031,conclusion,2026-10-02T10:03:58Z,2026-10-02T10:03:57Z,1,actions_linux_slim,0.002,0.002,ubuntu-slim
36992823473,1578,Daily Trajectory Grader Implementer,schedule,pelikhan,User,human,110792735053,pre_activation,2026-10-02T09:58:20Z,2026-10-02T09:58:37Z,1,actions_linux_slim,0.002,0.002,ubuntu-slim
36992823473,1578,Daily Trajectory Grader Implementer,schedule,pelikhan,User,human,110792849664,activation,2026-10-02T09:58:38Z,2026-10-02T09:58:38Z,1,actions_linux_slim,0.002,0.002,ubuntu-slim
36992823473,1578,Daily Trajectory Grader Implementer,schedule,pelikhan,User,human,110792850309,agent,2026-10-02T09:58:38Z,2026-10-02T09:58:38Z,1,actions_linux,0.006,0.006,ubuntu-latest
36992823473,1578,Daily Trajectory Grader Implementer,schedule,pelikhan,User,human,110792850323,detection,2026-10-02T09:58:38Z,2026-10-02T09:58:38Z,1,actions_linux,0.006,0.006,ubuntu-latest
36992823473,1578,Daily Trajectory Grader Implementer,schedule,pelikhan,User,human,110792851344,safe_outputs,2026-10-02T09:58:39Z,2026-10-02T09:58:38Z,1,actions_linux_slim,0.002,0.002,ubuntu-slim
36992823473,1578,Daily Trajectory Grader Implementer,schedule,pelikhan,User,human,110792852443,conclusion,2026-10-02T09:58:39Z,2026-10-02T09:58:39Z,1,actions_linux_slim,0.002,0.002,ubuntu-slim
36992652370,6525,PR Sous Chef,schedule,pelikhan,User,human,110792194068,pre_activation,2026-10-02T09:56:33Z,2026-10-02T09:56:54Z,1,actions_linux_slim,0.002,0.002,ubuntu-slim
36992652370,6525,PR Sous Chef,schedule,pelikhan,User,human,110792340838,activation,2026-10-02T09:56:59Z,2026-10-02T09:57:43Z,1,actions_linux_slim,0.002,0.002,ubuntu-slim
36992652370,6525,PR Sous Chef,schedule,pelikhan,User,human,110792583908,push_experiments_state,2026-10-02T09:57:49Z,2026-10-02T09:58:23Z,1,actions_linux_slim,0.002,0.002,ubuntu-slim
36992652370,6525,PR Sous Chef,schedule,pelikhan,User,human,110792584109,agent,2026-10-02T09:57:49Z,2026-10-02T10:01:27Z,4,actions_linux,0.006,0.024,ubuntu-latest
36992652370,6525,PR Sous Chef,schedule,pelikhan,User,human,110793709257,approval_allowlist,2026-10-02T10:01:38Z,2026-10-02T10:01:46Z,1,actions_linux_slim,0.002,0.002,ubuntu-slim
36992652370,6525,PR Sous Chef,schedule,pelikhan,User,human,110793709370,detection,2026-10-02T10:01:36Z,2026-10-02T10:02:43Z,2,actions_linux,0.006,0.012,ubuntu-latest
36992652370,6525,PR Sous Chef,schedule,pelikhan,User,human,110794087859,evals,2026-10-02T10:02:53Z,2026-10-02T10:03:37Z,1,actions_linux,0.006,0.006,ubuntu-latest
36992652370,6525,PR Sous Chef,schedule,pelikhan,User,human,110794088008,safe_outputs,2026-10-02T10:02:55Z,2026-10-02T10:18:01Z,16,actions_linux_slim,0.002,0.032,ubuntu-slim
36992652370,6525,PR Sous Chef,schedule,pelikhan,User,human,110794354501,push_evals_state,2026-10-02T10:03:44Z,2026-10-02T10:04:45Z,2,actions_linux_slim,0.002,0.004,ubuntu-slim
36992652370,6525,PR Sous Chef,schedule,pelikhan,User,human,110798632724,conclusion,2026-10-02T10:18:11Z,2026-10-02T10:18:45Z,1,actions_linux_slim,0.002,0.002,ubuntu-slim
36991894499,380,Copilot Agent Prompt Clustering Analysis,schedule,pelikhan,User,human,110789776221,activation,2026-10-02T09:48:29Z,2026-10-02T09:49:10Z,1,actions_linux_slim,0.002,0.002,ubuntu-slim
36991894499,380,Copilot Agent Prompt Clustering Analysis,schedule,pelikhan,User,human,110790013031,agent,2026-10-02T09:49:19Z,2026-10-02T10:06:32Z,18,actions_linux,0.006,0.108,ubuntu-latest
36991894499,380,Copilot Agent Prompt Clustering Analysis,schedule,pelikhan,User,human,110795242682,detection,2026-10-02T10:06:40Z,2026-10-02T10:08:14Z,2,actions_linux,0.006,0.012,ubuntu-latest
36991894499,380,Copilot Agent Prompt Clustering Analysis,schedule,pelikhan,User,human,110795242703,upload_assets,2026-10-02T10:06:46Z,2026-10-02T10:08:46Z,2,actions_linux_slim,0.002,0.004,ubuntu-slim
36991894499,380,Copilot Agent Prompt Clustering Analysis,schedule,pelikhan,User,human,110795740585,update_cache_memory,2026-10-02T10:08:22Z,2026-10-02T10:08:43Z,1,actions_linux_slim,0.002,0.002,ubuntu-slim
36991894499,380,Copilot Agent Prompt Clustering Analysis,schedule,pelikhan,User,human,110795740705,safe_outputs,2026-10-02T10:08:23Z,2026-10-02T10:08:45Z,1,actions_linux_slim,0.002,0.002,ubuntu-slim
36991894499,380,Copilot Agent Prompt Clustering Analysis,schedule,pelikhan,User,human,110795895813,conclusion,2026-10-02T10:08:51Z,2026-10-02T10:09:15Z,1,actions_linux_slim,0.002,0.002,ubuntu-slim
36991799766,5396,Running Copilot Code Review,dynamic,Copilot,Bot,agent,110789471728,copilot-pull-request-reviewer,2026-10-02T09:47:30Z,2026-10-02T09:52:39Z,6,actions_linux,0.006,0.036000000000000004,ubuntu-latest
36991795646,31955,Doc Build - Deploy,pull_request,MaggieAppleton,User,human,110789452697,build,2026-10-02T09:47:24Z,2026-10-02T09:49:49Z,3,actions_linux,0.006,0.018000000000000002,ubuntu-latest
36991795646,31955,Doc Build - Deploy,pull_request,MaggieAppleton,User,human,110790207180,deploy,2026-10-02T09:49:50Z,2026-10-02T09:49:49Z,1,actions_linux,0.006,0.006,ubuntu-latest
36991795599,32776,Content Moderation,pull_request,MaggieAppleton,User,human,110789451428,moderate,2026-10-02T09:47:24Z,2026-10-02T09:47:30Z,1,actions_linux,0.006,0.006,ubuntu-latest
36991795572,63203,Agentic Commands,pull_request,MaggieAppleton,User,human,110789451421,route,2026-10-02T09:47:24Z,2026-10-02T09:47:49Z,1,actions_linux_slim,0.002,0.002,ubuntu-slim
36991795566,414,Visual Regression Checker,pull_request,MaggieAppleton,User,human,110789452183,pre_activation,2026-10-02T09:47:24Z,2026-10-02T09:47:43Z,1,actions_linux_slim,0.002,0.002,ubuntu-slim
36991795566,414,Visual Regression Checker,pull_request,MaggieAppleton,User,human,110789565888,activation,2026-10-02T09:47:48Z,2026-10-02T09:48:37Z,1,actions_linux_slim,0.002,0.002,ubuntu-slim
36991795566,414,Visual Regression Checker,pull_request,MaggieAppleton,User,human,110789842559,agent,2026-10-02T09:48:43Z,2026-10-02T09:51:53Z,4,actions_linux,0.006,0.024,ubuntu-latest
36991795566,414,Visual Regression Checker,pull_request,MaggieAppleton,User,human,110790830074,detection,2026-10-02T09:51:57Z,2026-10-02T09:53:16Z,2,actions_linux,0.006,0.012,ubuntu-latest
36991795566,414,Visual Regression Checker,pull_request,MaggieAppleton,User,human,110791244227,safe_outputs,2026-10-02T09:53:22Z,2026-10-02T09:53:50Z,1,actions_linux_slim,0.002,0.002,ubuntu-slim
36991795566,414,Visual Regression Checker,pull_request,MaggieAppleton,User,human,110791417854,conclusion,2026-10-02T09:53:57Z,2026-10-02T09:54:18Z,1,actions_linux_slim,0.002,0.002,ubuntu-slim
36991795560,49585,AI Moderator,pull_request,MaggieAppleton,User,human,110789454874,pre_activation,2026-10-02T09:47:21Z,2026-10-02T09:47:20Z,1,actions_linux_slim,0.002,0.002,ubuntu-slim
36991795560,49585,AI Moderator,pull_request,MaggieAppleton,User,human,110789455476,activation,2026-10-02T09:47:21Z,2026-10-02T09:47:21Z,1,actions_linux_slim,0.002,0.002,ubuntu-slim
36991795560,49585,AI Moderator,pull_request,MaggieAppleton,User,human,110789456284,agent,2026-10-02T09:47:21Z,2026-10-02T09:47:21Z,1,actions_linux,0.006,0.006,ubuntu-latest
36991795560,49585,AI Moderator,pull_request,MaggieAppleton,User,human,110789456682,evals,2026-10-02T09:47:21Z,2026-10-02T09:47:21Z,1,actions_linux,0.006,0.006,ubuntu-latest
36991795560,49585,AI Moderator,pull_request,MaggieAppleton,User,human,110789456774,unlock,2026-10-02T09:47:21Z,2026-10-02T09:47:21Z,1,actions_linux_slim,0.002,0.002,ubuntu-slim
36991795560,49585,AI Moderator,pull_request,MaggieAppleton,User,human,110789457324,safe_outputs,2026-10-02T09:47:21Z,2026-10-02T09:47:21Z,1,actions_linux_slim,0.002,0.002,ubuntu-slim
36991795560,49585,AI Moderator,pull_request,MaggieAppleton,User,human,110789457792,push_evals_state,2026-10-02T09:47:22Z,2026-10-02T09:47:21Z,1,actions_linux_slim,0.002,0.002,ubuntu-slim
36991795560,49585,AI Moderator,pull_request,MaggieAppleton,User,human,110789458369,conclusion,2026-10-02T09:47:22Z,2026-10-02T09:47:21Z,1,actions_linux_slim,0.002,0.002,ubuntu-slim
36991793787,1272,Code scanning AI findings on PR #64994,dynamic,github-advanced-security[bot],Bot,bot,110789451516,github-advanced-security,2026-10-02T09:47:26Z,2026-10-02T09:51:02Z,4,actions_linux,0.006,0.024,ubuntu-latest
36991747620,6524,PR Sous Chef,schedule,pelikhan,User,human,110789301756,pre_activation,2026-10-02T09:46:56Z,2026-10-02T09:47:14Z,1,actions_linux_slim,0.002,0.002,ubuntu-slim
36991747620,6524,PR Sous Chef,schedule,pelikhan,User,human,110789420897,activation,2026-10-02T09:47:18Z,2026-10-02T09:47:57Z,1,actions_linux_slim,0.002,0.002,ubuntu-slim
36991747620,6524,PR Sous Chef,schedule,pelikhan,User,human,110789641759,push_experiments_state,2026-10-02T09:48:02Z,2026-10-02T09:48:29Z,1,actions_linux_slim,0.002,0.002,ubuntu-slim
36991747620,6524,PR Sous Chef,schedule,pelikhan,User,human,110789641919,agent,2026-10-02T09:48:01Z,2026-10-02T09:51:00Z,3,actions_linux,0.006,0.018000000000000002,ubuntu-latest
36991747620,6524,PR Sous Chef,schedule,pelikhan,User,human,110790568155,detection,2026-10-02T09:51:07Z,2026-10-02T09:52:23Z,2,actions_linux,0.006,0.012,ubuntu-latest
36991747620,6524,PR Sous Chef,schedule,pelikhan,User,human,110790568179,approval_allowlist,2026-10-02T09:51:08Z,2026-10-02T09:51:17Z,1,actions_linux_slim,0.002,0.002,ubuntu-slim
36991747620,6524,PR Sous Chef,schedule,pelikhan,User,human,110790982906,evals,2026-10-02T09:52:27Z,2026-10-02T09:53:26Z,1,actions_linux,0.006,0.006,ubuntu-latest
36991747620,6524,PR Sous Chef,schedule,pelikhan,User,human,110790983054,safe_outputs,2026-10-02T09:52:27Z,2026-10-02T09:52:52Z,1,actions_linux_slim,0.002,0.002,ubuntu-slim
36991747620,6524,PR Sous Chef,schedule,pelikhan,User,human,110791298394,push_evals_state,2026-10-02T09:53:33Z,2026-10-02T09:54:33Z,1,actions_linux_slim,0.002,0.002,ubuntu-slim
36991747620,6524,PR Sous Chef,schedule,pelikhan,User,human,110791629805,conclusion,2026-10-02T09:54:42Z,2026-10-02T09:55:07Z,1,actions_linux_slim,0.002,0.002,ubuntu-slim
36991659790,9369,Issue Monster,schedule,pelikhan,User,human,110789021923,pre_activation,2026-10-02T09:45:59Z,2026-10-02T09:46:28Z,1,actions_linux_slim,0.002,0.002,ubuntu-slim
36991659790,9369,Issue Monster,schedule,pelikhan,User,human,110789190224,activation,2026-10-02T09:46:29Z,2026-10-02T09:46:28Z,1,actions_linux_slim,0.002,0.002,ubuntu-slim
36991659790,9369,Issue Monster,schedule,pelikhan,User,human,110789190625,agent,2026-10-02T09:46:29Z,2026-10-02T09:46:29Z,1,actions_linux,0.006,0.006,ubuntu-latest
36991659790,9369,Issue Monster,schedule,pelikhan,User,human,110789191654,detection,2026-10-02T09:46:29Z,2026-10-02T09:46:29Z,1,actions_linux,0.006,0.006,ubuntu-latest
36991659790,9369,Issue Monster,schedule,pelikhan,User,human,110789191787,safe_outputs,2026-10-02T09:46:29Z,2026-10-02T09:46:29Z,1,actions_linux_slim,0.002,0.002,ubuntu-slim
36991659790,9369,Issue Monster,schedule,pelikhan,User,human,110789192187,push_evals_state,2026-10-02T09:46:29Z,2026-10-02T09:46:29Z,1,actions_linux_slim,0.002,0.002,ubuntu-slim
36991659790,9369,Issue Monster,schedule,pelikhan,User,human,110789192409,evals,2026-10-02T09:46:29Z,2026-10-02T09:46:29Z,1,actions_linux,0.006,0.006,ubuntu-latest
36991659790,9369,Issue Monster,schedule,pelikhan,User,human,110789192855,conclusion,2026-10-02T09:46:29Z,2026-10-02T09:46:29Z,1,actions_linux_slim,0.002,0.002,ubuntu-slim
36991655428,71,Daily Spending Forecast,schedule,pelikhan,User,human,110789009013,activation,2026-10-02T09:45:57Z,2026-10-02T09:46:27Z,1,actions_linux_slim,0.002,0.002,ubuntu-slim
36991655428,71,Daily Spending Forecast,schedule,pelikhan,User,human,110789184106,agent,2026-10-02T09:46:32Z,2026-10-02T10:14:07Z,28,actions_linux,0.006,0.168,ubuntu-latest
36991655428,71,Daily Spending Forecast,schedule,pelikhan,User,human,110797483094,detection,2026-10-02T10:14:14Z,2026-10-02T10:14:45Z,1,actions_linux,0.006,0.006,ubuntu-latest
36991655428,71,Daily Spending Forecast,schedule,pelikhan,User,human,110797484372,upload_assets,2026-10-02T10:14:08Z,2026-10-02T10:14:07Z,1,actions_linux_slim,0.002,0.002,ubuntu-slim
36991655428,71,Daily Spending Forecast,schedule,pelikhan,User,human,110797670210,safe_outputs,2026-10-02T10:14:53Z,2026-10-02T10:15:13Z,1,actions_linux_slim,0.002,0.002,ubuntu-slim
36991655428,71,Daily Spending Forecast,schedule,pelikhan,User,human,110797670284,update_cache_memory,2026-10-02T10:14:51Z,2026-10-02T10:15:09Z,1,actions_linux_slim,0.002,0.002,ubuntu-slim
36991655428,71,Daily Spending Forecast,schedule,pelikhan,User,human,110797670304,evals,2026-10-02T10:14:49Z,2026-10-02T10:15:41Z,1,actions_linux,0.006,0.006,ubuntu-latest
36991655428,71,Daily Spending Forecast,schedule,pelikhan,User,human,110797950074,push_evals_state,2026-10-02T10:15:50Z,2026-10-02T10:16:25Z,1,actions_linux_slim,0.002,0.002,ubuntu-slim
36991655428,71,Daily Spending Forecast,schedule,pelikhan,User,human,110798164749,conclusion,2026-10-02T10:16:33Z,2026-10-02T10:16:56Z,1,actions_linux_slim,0.002,0.002,ubuntu-slim
36990868456,2099,[aw] Failure Investigator (6h),schedule,pelikhan,User,human,110786519597,pre_activation,2026-10-02T09:37:46Z,2026-10-02T09:38:04Z,1,actions_linux_slim,0.002,0.002,ubuntu-slim
36990868456,2099,[aw] Failure Investigator (6h),schedule,pelikhan,User,human,110786641363,push_experiments_state,2026-10-02T09:38:05Z,2026-10-02T09:38:05Z,1,actions_linux_slim,0.002,0.002,ubuntu-slim
36990868456,2099,[aw] Failure Investigator (6h),schedule,pelikhan,User,human,110786641698,activation,2026-10-02T09:38:05Z,2026-10-02T09:38:04Z,1,actions_linux_slim,0.002,0.002,ubuntu-slim
36990868456,2099,[aw] Failure Investigator (6h),schedule,pelikhan,User,human,110786641748,agent,2026-10-02T09:38:05Z,2026-10-02T09:38:05Z,1,actions_linux,0.006,0.006,ubuntu-latest
36990868456,2099,[aw] Failure Investigator (6h),schedule,pelikhan,User,human,110786641910,detection,2026-10-02T09:38:05Z,2026-10-02T09:38:05Z,1,actions_linux,0.006,0.006,ubuntu-latest
36990868456,2099,[aw] Failure Investigator (6h),schedule,pelikhan,User,human,110786642350,evals,2026-10-02T09:38:05Z,2026-10-02T09:38:05Z,1,actions_linux,0.006,0.006,ubuntu-latest
36990868456,2099,[aw] Failure Investigator (6h),schedule,pelikhan,User,human,110786642664,safe_outputs,2026-10-02T09:38:05Z,2026-10-02T09:38:05Z,1,actions_linux_slim,0.002,0.002,ubuntu-slim
36990868456,2099,[aw] Failure Investigator (6h),schedule,pelikhan,User,human,110786643111,push_evals_state,2026-10-02T09:38:05Z,2026-10-02T09:38:05Z,1,actions_linux_slim,0.002,0.002,ubuntu-slim
36990868456,2099,[aw] Failure Investigator (6h),schedule,pelikhan,User,human,110786643624,conclusion,2026-10-02T09:38:05Z,2026-10-02T09:38:05Z,1,actions_linux_slim,0.002,0.002,ubuntu-slim
36990738274,1577,Daily Trajectory Grader Implementer,schedule,pelikhan,User,human,110786098757,pre_activation,2026-10-02T09:36:28Z,2026-10-02T09:37:10Z,1,actions_linux_slim,0.002,0.002,ubuntu-slim
36990738274,1577,Daily Trajectory Grader Implementer,schedule,pelikhan,User,human,110786366014,activation,2026-10-02T09:37:10Z,2026-10-02T09:37:10Z,1,actions_linux_slim,0.002,0.002,ubuntu-slim
36990738274,1577,Daily Trajectory Grader Implementer,schedule,pelikhan,User,human,110786366146,agent,2026-10-02T09:37:10Z,2026-10-02T09:37:10Z,1,actions_linux,0.006,0.006,ubuntu-latest
36990738274,1577,Daily Trajectory Grader Implementer,schedule,pelikhan,User,human,110786366442,detection,2026-10-02T09:37:10Z,2026-10-02T09:37:10Z,1,actions_linux,0.006,0.006,ubuntu-latest
36990738274,1577,Daily Trajectory Grader Implementer,schedule,pelikhan,User,human,110786366989,safe_outputs,2026-10-02T09:37:10Z,2026-10-02T09:37:10Z,1,actions_linux_slim,0.002,0.002,ubuntu-slim
36990738274,1577,Daily Trajectory Grader Implementer,schedule,pelikhan,User,human,110786367903,conclusion,2026-10-02T09:37:11Z,2026-10-02T09:37:10Z,1,actions_linux_slim,0.002,0.002,ubuntu-slim
36990716631,2729,Avenger,schedule,pelikhan,User,human,110786030391,check_ci_status,2026-10-02T09:36:10Z,2026-10-02T09:36:30Z,1,actions_linux,0.006,0.006,ubuntu-latest
36990716631,2729,Avenger,schedule,pelikhan,User,human,110786165652,activation,2026-10-02T09:36:31Z,2026-10-02T09:36:31Z,1,actions_linux_slim,0.002,0.002,ubuntu-slim
36990716631,2729,Avenger,schedule,pelikhan,User,human,110786166125,agent,2026-10-02T09:36:31Z,2026-10-02T09:36:31Z,1,actions_linux,0.006,0.006,ubuntu-latest
36990716631,2729,Avenger,schedule,pelikhan,User,human,110786166798,detection,2026-10-02T09:36:31Z,2026-10-02T09:36:31Z,1,actions_linux,0.006,0.006,ubuntu-latest
36990716631,2729,Avenger,schedule,pelikhan,User,human,110786166925,safe_outputs,2026-10-02T09:36:31Z,2026-10-02T09:36:31Z,1,actions_linux_slim,0.002,0.002,ubuntu-slim
36990716631,2729,Avenger,schedule,pelikhan,User,human,110786166973,push_evals_state,2026-10-02T09:36:31Z,2026-10-02T09:36:31Z,1,actions_linux_slim,0.002,0.002,ubuntu-slim
36990716631,2729,Avenger,schedule,pelikhan,User,human,110786167230,evals,2026-10-02T09:36:31Z,2026-10-02T09:36:31Z,1,actions_linux,0.006,0.006,ubuntu-latest
36990716631,2729,Avenger,schedule,pelikhan,User,human,110786167536,conclusion,2026-10-02T09:36:31Z,2026-10-02T09:36:31Z,1,actions_linux_slim,0.002,0.002,ubuntu-slim
36990695633,175,Package Specification Extractor,schedule,pelikhan,User,human,110785961658,activation,2026-10-02T09:36:02Z,2026-10-02T09:36:42Z,1,actions_linux_slim,0.002,0.002,ubuntu-slim
36990695633,175,Package Specification Extractor,schedule,pelikhan,User,human,110786223309,agent,2026-10-02T09:36:46Z,2026-10-02T09:39:15Z,3,actions_linux,0.006,0.018000000000000002,ubuntu-latest
36990695633,175,Package Specification Extractor,schedule,pelikhan,User,human,110787004299,detection,2026-10-02T09:39:24Z,2026-10-02T09:40:37Z,2,actions_linux,0.006,0.012,ubuntu-latest
36990695633,175,Package Specification Extractor,schedule,pelikhan,User,human,110787414256,safe_outputs,2026-10-02T09:40:44Z,2026-10-02T09:41:14Z,1,actions_linux_slim,0.002,0.002,ubuntu-slim
36990695633,175,Package Specification Extractor,schedule,pelikhan,User,human,110787414331,update_cache_memory,2026-10-02T09:40:46Z,2026-10-02T09:41:08Z,1,actions_linux_slim,0.002,0.002,ubuntu-slim
36990695633,175,Package Specification Extractor,schedule,pelikhan,User,human,110787595807,conclusion,2026-10-02T09:41:17Z,2026-10-02T09:41:38Z,1,actions_linux_slim,0.002,0.002,ubuntu-slim
36990542652,202,Dependabot Dependency Checker,schedule,pelikhan,User,human,110785464280,activation,2026-10-02T09:34:22Z,2026-10-02T09:34:55Z,1,actions_linux_slim,0.002,0.002,ubuntu-slim
36990542652,202,Dependabot Dependency Checker,schedule,pelikhan,User,human,110785662891,push_experiments_state,2026-10-02T09:35:02Z,2026-10-02T09:35:35Z,1,actions_linux_slim,0.002,0.002,ubuntu-slim
36990542652,202,Dependabot Dependency Checker,schedule,pelikhan,User,human,110785663014,agent,2026-10-02T09:34:59Z,2026-10-02T09:37:19Z,3,actions_linux,0.006,0.018000000000000002,ubuntu-latest
36990542652,202,Dependabot Dependency Checker,schedule,pelikhan,User,human,110786411015,detection,2026-10-02T09:37:22Z,2026-10-02T09:37:53Z,1,actions_linux,0.006,0.006,ubuntu-latest
36990542652,202,Dependabot Dependency Checker,schedule,pelikhan,User,human,110786584540,safe_outputs,2026-10-02T09:38:16Z,2026-10-02T09:38:42Z,1,actions_linux_slim,0.002,0.002,ubuntu-slim
36990542652,202,Dependabot Dependency Checker,schedule,pelikhan,User,human,110786584631,evals,2026-10-02T09:37:58Z,2026-10-02T09:38:58Z,1,actions_linux,0.006,0.006,ubuntu-latest
36990542652,202,Dependabot Dependency Checker,schedule,pelikhan,User,human,110786910781,push_evals_state,2026-10-02T09:39:05Z,2026-10-02T09:39:39Z,1,actions_linux_slim,0.002,0.002,ubuntu-slim
36990542652,202,Dependabot Dependency Checker,schedule,pelikhan,User,human,110787119018,conclusion,2026-10-02T09:39:45Z,2026-10-02T09:40:11Z,1,actions_linux_slim,0.002,0.002,ubuntu-slim
36990438374,36161,Addressing comment on PR #64935,dynamic,Copilot,Bot,agent,110785131517,copilot,2026-10-02T09:33:20Z,2026-10-02T10:02:59Z,30,actions_linux,0.006,0.18,ubuntu-cca-77785908-7ef3-498a-9ae0-bbebb95125d3
36990394239,36160,Addressing comment on PR #64936,dynamic,Copilot,Bot,agent,110784993838,copilot,2026-10-02T09:32:56Z,2026-10-02T10:10:54Z,38,actions_linux,0.006,0.228,ubuntu-cca-77785908-7ef3-498a-9ae0-bbebb95125d3
36990387965,36159,Addressing comment on PR #64934,dynamic,Copilot,Bot,agent,110784973291,copilot,2026-10-02T09:32:53Z,2026-10-02T09:49:04Z,17,actions_linux,0.006,0.10200000000000001,ubuntu-cca-77785908-7ef3-498a-9ae0-bbebb95125d3
36990373293,36158,Addressing comment on PR #64937,dynamic,Copilot,Bot,agent,110784927876,copilot,2026-10-02T09:32:39Z,2026-10-02T09:47:19Z,15,actions_linux,0.006,0.09,ubuntu-cca-77785908-7ef3-498a-9ae0-bbebb95125d3
36990364316,63198,Agentic Commands,issue_comment,gh-aw-bot,User,human,110784894145,route,2026-10-02T09:32:33Z,2026-10-02T09:32:58Z,1,actions_linux_slim,0.002,0.002,ubuntu-slim
36990364218,49583,AI Moderator,issue_comment,gh-aw-bot,User,human,110784896662,pre_activation,2026-10-02T09:32:28Z,2026-10-02T09:32:27Z,1,actions_linux_slim,0.002,0.002,ubuntu-slim
36990364218,49583,AI Moderator,issue_comment,gh-aw-bot,User,human,110784898039,activation,2026-10-02T09:32:28Z,2026-10-02T09:32:27Z,1,actions_linux_slim,0.002,0.002,ubuntu-slim
36990364218,49583,AI Moderator,issue_comment,gh-aw-bot,User,human,110784898609,agent,2026-10-02T09:32:28Z,2026-10-02T09:32:27Z,1,actions_linux,0.006,0.006,ubuntu-latest
36990364218,49583,AI Moderator,issue_comment,gh-aw-bot,User,human,110784898821,evals,2026-10-02T09:32:28Z,2026-10-02T09:32:28Z,1,actions_linux,0.006,0.006,ubuntu-latest
36990364218,49583,AI Moderator,issue_comment,gh-aw-bot,User,human,110784899778,unlock,2026-10-02T09:32:28Z,2026-10-02T09:32:28Z,1,actions_linux_slim,0.002,0.002,ubuntu-slim
36990364218,49583,AI Moderator,issue_comment,gh-aw-bot,User,human,110784900234,push_evals_state,2026-10-02T09:32:28Z,2026-10-02T09:32:28Z,1,actions_linux_slim,0.002,0.002,ubuntu-slim
36990364218,49583,AI Moderator,issue_comment,gh-aw-bot,User,human,110784900447,safe_outputs,2026-10-02T09:32:28Z,2026-10-02T09:32:28Z,1,actions_linux_slim,0.002,0.002,ubuntu-slim
36990364218,49583,AI Moderator,issue_comment,gh-aw-bot,User,human,110784900804,conclusion,2026-10-02T09:32:28Z,2026-10-02T09:32:28Z,1,actions_linux_slim,0.002,0.002,ubuntu-slim
36990364176,9690,"Squad — @copilot
Quick triage nudge: please refresh this branch if needed, review any outstanding feedback/checks, and run the  skill to move this PR toward merge readiness.

> Generated by [👨‍🍳 PR Sous Chef](https://github.com/github/gh-aw/actions/runs/36989788939) · pi · gpt54 · 12.3 AIC · ⌖ 8.68 AIC · ⊞ 9.7K · [◷](https://github.com/search?q=repo%3Agithub%2Fgh-aw+%22gh-aw-workflow-call-id%3A+github%2Fgh-aw%2Fpr-sous-chef%22&type=issues)
> <sub>Comment <em>/souschef</em> to run ag...",issue_comment,gh-aw-bot,User,human,110784896672,activation,2026-10-02T09:32:28Z,2026-10-02T09:32:27Z,1,actions_linux_slim,0.002,0.002,ubuntu-slim
36990364176,9690,"Squad — @copilot
Quick triage nudge: please refresh this branch if needed, review any outstanding feedback/checks, and run the  skill to move this PR toward merge readiness.

> Generated by [👨‍🍳 PR Sous Chef](https://github.com/github/gh-aw/actions/runs/36989788939) · pi · gpt54 · 12.3 AIC · ⌖ 8.68 AIC · ⊞ 9.7K · [◷](https://github.com/search?q=repo%3Agithub%2Fgh-aw+%22gh-aw-workflow-call-id%3A+github%2Fgh-aw%2Fpr-sous-chef%22&type=issues)
> <sub>Comment <em>/souschef</em> to run ag...",issue_comment,gh-aw-bot,User,human,110784897726,agent,2026-10-02T09:32:28Z,2026-10-02T09:32:27Z,1,actions_linux,0.006,0.006,ubuntu-latest
36990364176,9690,"Squad — @copilot
Quick triage nudge: please refresh this branch if needed, review any outstanding feedback/checks, and run the  skill to move this PR toward merge readiness.

> Generated by [👨‍🍳 PR Sous Chef](https://github.com/github/gh-aw/actions/runs/36989788939) · pi · gpt54 · 12.3 AIC · ⌖ 8.68 AIC · ⊞ 9.7K · [◷](https://github.com/search?q=repo%3Agithub%2Fgh-aw+%22gh-aw-workflow-call-id%3A+github%2Fgh-aw%2Fpr-sous-chef%22&type=issues)
> <sub>Comment <em>/souschef</em> to run ag...",issue_comment,gh-aw-bot,User,human,110784897813,pre_activation,2026-10-02T09:32:28Z,2026-10-02T09:32:27Z,1,actions_linux_slim,0.002,0.002,ubuntu-slim
36990364176,9690,"Squad — @copilot
Quick triage nudge: please refresh this branch if needed, review any outstanding feedback/checks, and run the  skill to move this PR toward merge readiness.

> Generated by [👨‍🍳 PR Sous Chef](https://github.com/github/gh-aw/actions/runs/36989788939) · pi · gpt54 · 12.3 AIC · ⌖ 8.68 AIC · ⊞ 9.7K · [◷](https://github.com/search?q=repo%3Agithub%2Fgh-aw+%22gh-aw-workflow-call-id%3A+github%2Fgh-aw%2Fpr-sous-chef%22&type=issues)
> <sub>Comment <em>/souschef</em> to run ag...",issue_comment,gh-aw-bot,User,human,110784897866,detection,2026-10-02T09:32:28Z,2026-10-02T09:32:27Z,1,actions_linux,0.006,0.006,ubuntu-latest
36990364176,9690,"Squad — @copilot
Quick triage nudge: please refresh this branch if needed, review any outstanding feedback/checks, and run the  skill to move this PR toward merge readiness.

> Generated by [👨‍🍳 PR Sous Chef](https://github.com/github/gh-aw/actions/runs/36989788939) · pi · gpt54 · 12.3 AIC · ⌖ 8.68 AIC · ⊞ 9.7K · [◷](https://github.com/search?q=repo%3Agithub%2Fgh-aw+%22gh-aw-workflow-call-id%3A+github%2Fgh-aw%2Fpr-sous-chef%22&type=issues)
> <sub>Comment <em>/souschef</em> to run ag...",issue_comment,gh-aw-bot,User,human,110784898171,safe_outputs,2026-10-02T09:32:28Z,2026-10-02T09:32:27Z,1,actions_linux_slim,0.002,0.002,ubuntu-slim
36990364176,9690,"Squad — @copilot
Quick triage nudge: please refresh this branch if needed, review any outstanding feedback/checks, and run the  skill to move this PR toward merge readiness.

> Generated by [👨‍🍳 PR Sous Chef](https://github.com/github/gh-aw/actions/runs/36989788939) · pi · gpt54 · 12.3 AIC · ⌖ 8.68 AIC · ⊞ 9.7K · [◷](https://github.com/search?q=repo%3Agithub%2Fgh-aw+%22gh-aw-workflow-call-id%3A+github%2Fgh-aw%2Fpr-sous-chef%22&type=issues)
> <sub>Comment <em>/souschef</em> to run ag...",issue_comment,gh-aw-bot,User,human,110784898818,conclusion,2026-10-02T09:32:28Z,2026-10-02T09:32:28Z,1,actions_linux_slim,0.002,0.002,ubuntu-slim
36990364166,127774,Q,issue_comment,gh-aw-bot,User,human,110784896099,pre_activation,2026-10-02T09:32:27Z,2026-10-02T09:32:27Z,1,actions_linux_slim,0.002,0.002,ubuntu-slim
36990364166,127774,Q,issue_comment,gh-aw-bot,User,human,110784896899,activation,2026-10-02T09:32:28Z,2026-10-02T09:32:27Z,1,actions_linux_slim,0.002,0.002,ubuntu-slim
36990364166,127774,Q,issue_comment,gh-aw-bot,User,human,110784897387,agent,2026-10-02T09:32:28Z,2026-10-02T09:32:27Z,1,actions_linux,0.006,0.006,ubuntu-latest
36990364166,127774,Q,issue_comment,gh-aw-bot,User,human,110784897706,detection,2026-10-02T09:32:28Z,2026-10-02T09:32:27Z,1,actions_linux,0.006,0.006,ubuntu-latest
36990364166,127774,Q,issue_comment,gh-aw-bot,User,human,110784898269,safe_outputs,2026-10-02T09:32:28Z,2026-10-02T09:32:27Z,1,actions_linux_slim,0.002,0.002,ubuntu-slim
36990364166,127774,Q,issue_comment,gh-aw-bot,User,human,110784898598,conclusion,2026-10-02T09:32:28Z,2026-10-02T09:32:28Z,1,actions_linux_slim,0.002,0.002,ubuntu-slim
36990362929,127773,Q,issue_comment,gh-aw-bot,User,human,110784892248,pre_activation,2026-10-02T09:32:27Z,2026-10-02T09:32:26Z,1,actions_linux_slim,0.002,0.002,ubuntu-slim
36990362929,127773,Q,issue_comment,gh-aw-bot,User,human,110784892464,activation,2026-10-02T09:32:27Z,2026-10-02T09:32:26Z,1,actions_linux_slim,0.002,0.002,ubuntu-slim
36990362929,127773,Q,issue_comment,gh-aw-bot,User,human,110784893143,detection,2026-10-02T09:32:27Z,2026-10-02T09:32:26Z,1,actions_linux,0.006,0.006,ubuntu-latest
36990362929,127773,Q,issue_comment,gh-aw-bot,User,human,110784893206,safe_outputs,2026-10-02T09:32:27Z,2026-10-02T09:32:26Z,1,actions_linux_slim,0.002,0.002,ubuntu-slim
36990362929,127773,Q,issue_comment,gh-aw-bot,User,human,110784893462,conclusion,2026-10-02T09:32:27Z,2026-10-02T09:32:27Z,1,actions_linux_slim,0.002,0.002,ubuntu-slim
36990362929,127773,Q,issue_comment,gh-aw-bot,User,human,110784939371,agent,2026-10-02T09:32:36Z,2026-10-02T09:32:26Z,1,actions_linux,0.006,0.006,ubuntu-latest
36990362825,63197,Agentic Commands,issue_comment,gh-aw-bot,User,human,110784889404,route,2026-10-02T09:32:33Z,2026-10-02T09:32:58Z,1,actions_linux_slim,0.002,0.002,ubuntu-slim
36990362824,49582,AI Moderator,issue_comment,gh-aw-bot,User,human,110784891814,pre_activation,2026-10-02T09:32:27Z,2026-10-02T09:32:26Z,1,actions_linux_slim,0.002,0.002,ubuntu-slim
36990362824,49582,AI Moderator,issue_comment,gh-aw-bot,User,human,110784892354,agent,2026-10-02T09:32:27Z,2026-10-02T09:32:26Z,1,actions_linux,0.006,0.006,ubuntu-latest
36990362824,49582,AI Moderator,issue_comment,gh-aw-bot,User,human,110784892753,evals,2026-10-02T09:32:27Z,2026-10-02T09:32:26Z,1,actions_linux,0.006,0.006,ubuntu-latest
36990362824,49582,AI Moderator,issue_comment,gh-aw-bot,User,human,110784893286,conclusion,2026-10-02T09:32:27Z,2026-10-02T09:32:27Z,1,actions_linux_slim,0.002,0.002,ubuntu-slim
36990362824,49582,AI Moderator,issue_comment,gh-aw-bot,User,human,110784893393,safe_outputs,2026-10-02T09:32:27Z,2026-10-02T09:32:26Z,1,actions_linux_slim,0.002,0.002,ubuntu-slim
36990362824,49582,AI Moderator,issue_comment,gh-aw-bot,User,human,110784893408,push_evals_state,2026-10-02T09:32:27Z,2026-10-02T09:32:26Z,1,actions_linux_slim,0.002,0.002,ubuntu-slim
36990362824,49582,AI Moderator,issue_comment,gh-aw-bot,User,human,110784893419,unlock,2026-10-02T09:32:27Z,2026-10-02T09:32:26Z,1,actions_linux_slim,0.002,0.002,ubuntu-slim
36990362824,49582,AI Moderator,issue_comment,gh-aw-bot,User,human,110784923926,activation,2026-10-02T09:32:33Z,2026-10-02T09:32:26Z,1,actions_linux_slim,0.002,0.002,ubuntu-slim
36990362781,9689,"Squad — @copilot
Quick triage nudge: please refresh this branch if needed, review any outstanding feedback/checks, and run the  skill to move this PR toward merge readiness.

> Generated by [👨‍🍳 PR Sous Chef](https://github.com/github/gh-aw/actions/runs/36989788939) · pi · gpt54 · 12.3 AIC · ⌖ 8.68 AIC · ⊞ 9.7K · [◷](https://github.com/search?q=repo%3Agithub%2Fgh-aw+%22gh-aw-workflow-call-id%3A+github%2Fgh-aw%2Fpr-sous-chef%22&type=issues)
> <sub>Comment <em>/souschef</em> to run ag...",issue_comment,gh-aw-bot,User,human,110784892295,pre_activation,2026-10-02T09:32:27Z,2026-10-02T09:32:26Z,1,actions_linux_slim,0.002,0.002,ubuntu-slim
36990362781,9689,"Squad — @copilot
Quick triage nudge: please refresh this branch if needed, review any outstanding feedback/checks, and run the  skill to move this PR toward merge readiness.

> Generated by [👨‍🍳 PR Sous Chef](https://github.com/github/gh-aw/actions/runs/36989788939) · pi · gpt54 · 12.3 AIC · ⌖ 8.68 AIC · ⊞ 9.7K · [◷](https://github.com/search?q=repo%3Agithub%2Fgh-aw+%22gh-aw-workflow-call-id%3A+github%2Fgh-aw%2Fpr-sous-chef%22&type=issues)
> <sub>Comment <em>/souschef</em> to run ag...",issue_comment,gh-aw-bot,User,human,110784892833,agent,2026-10-02T09:32:27Z,2026-10-02T09:32:26Z,1,actions_linux,0.006,0.006,ubuntu-latest
36990362781,9689,"Squad — @copilot
Quick triage nudge: please refresh this branch if needed, review any outstanding feedback/checks, and run the  skill to move this PR toward merge readiness.

> Generated by [👨‍🍳 PR Sous Chef](https://github.com/github/gh-aw/actions/runs/36989788939) · pi · gpt54 · 12.3 AIC · ⌖ 8.68 AIC · ⊞ 9.7K · [◷](https://github.com/search?q=repo%3Agithub%2Fgh-aw+%22gh-aw-workflow-call-id%3A+github%2Fgh-aw%2Fpr-sous-chef%22&type=issues)
> <sub>Comment <em>/souschef</em> to run ag...",issue_comment,gh-aw-bot,User,human,110784893339,detection,2026-10-02T09:32:27Z,2026-10-02T09:32:27Z,1,actions_linux,0.006,0.006,ubuntu-latest
36990362781,9689,"Squad — @copilot
Quick triage nudge: please refresh this branch if needed, review any outstanding feedback/checks, and run the  skill to move this PR toward merge readiness.

> Generated by [👨‍🍳 PR Sous Chef](https://github.com/github/gh-aw/actions/runs/36989788939) · pi · gpt54 · 12.3 AIC · ⌖ 8.68 AIC · ⊞ 9.7K · [◷](https://github.com/search?q=repo%3Agithub%2Fgh-aw+%22gh-aw-workflow-call-id%3A+github%2Fgh-aw%2Fpr-sous-chef%22&type=issues)
> <sub>Comment <em>/souschef</em> to run ag...",issue_comment,gh-aw-bot,User,human,110784893463,safe_outputs,2026-10-02T09:32:27Z,2026-10-02T09:32:27Z,1,actions_linux_slim,0.002,0.002,ubuntu-slim
36990362781,9689,"Squad — @copilot
Quick triage nudge: please refresh this branch if needed, review any outstanding feedback/checks, and run the  skill to move this PR toward merge readiness.

> Generated by [👨‍🍳 PR Sous Chef](https://github.com/github/gh-aw/actions/runs/36989788939) · pi · gpt54 · 12.3 AIC · ⌖ 8.68 AIC · ⊞ 9.7K · [◷](https://github.com/search?q=repo%3Agithub%2Fgh-aw+%22gh-aw-workflow-call-id%3A+github%2Fgh-aw%2Fpr-sous-chef%22&type=issues)
> <sub>Comment <em>/souschef</em> to run ag...",issue_comment,gh-aw-bot,User,human,110784893961,conclusion,2026-10-02T09:32:27Z,2026-10-02T09:32:27Z,1,actions_linux_slim,0.002,0.002,ubuntu-slim
36990362781,9689,"Squad — @copilot
Quick triage nudge: please refresh this branch if needed, review any outstanding feedback/checks, and run the  skill to move this PR toward merge readiness.

> Generated by [👨‍🍳 PR Sous Chef](https://github.com/github/gh-aw/actions/runs/36989788939) · pi · gpt54 · 12.3 AIC · ⌖ 8.68 AIC · ⊞ 9.7K · [◷](https://github.com/search?q=repo%3Agithub%2Fgh-aw+%22gh-aw-workflow-call-id%3A+github%2Fgh-aw%2Fpr-sous-chef%22&type=issues)
> <sub>Comment <em>/souschef</em> to run ag...",issue_comment,gh-aw-bot,User,human,110784939970,activation,2026-10-02T09:32:36Z,2026-10-02T09:32:26Z,1,actions_linux_slim,0.002,0.002,ubuntu-slim
36990360958,63196,Agentic Commands,issue_comment,gh-aw-bot,User,human,110784883302,route,2026-10-02T09:32:34Z,2026-10-02T09:33:08Z,1,actions_linux_slim,0.002,0.002,ubuntu-slim
36990360939,49581,AI Moderator,issue_comment,gh-aw-bot,User,human,110784886617,pre_activation,2026-10-02T09:32:26Z,2026-10-02T09:32:25Z,1,actions_linux_slim,0.002,0.002,ubuntu-slim
36990360939,49581,AI Moderator,issue_comment,gh-aw-bot,User,human,110784887979,agent,2026-10-02T09:32:26Z,2026-10-02T09:32:25Z,1,actions_linux,0.006,0.006,ubuntu-latest
36990360939,49581,AI Moderator,issue_comment,gh-aw-bot,User,human,110784888201,evals,2026-10-02T09:32:26Z,2026-10-02T09:32:25Z,1,actions_linux,0.006,0.006,ubuntu-latest
36990360939,49581,AI Moderator,issue_comment,gh-aw-bot,User,human,110784888441,unlock,2026-10-02T09:32:26Z,2026-10-02T09:32:25Z,1,actions_linux_slim,0.002,0.002,ubuntu-slim
36990360939,49581,AI Moderator,issue_comment,gh-aw-bot,User,human,110784888534,safe_outputs,2026-10-02T09:32:26Z,2026-10-02T09:32:26Z,1,actions_linux_slim,0.002,0.002,ubuntu-slim
36990360939,49581,AI Moderator,issue_comment,gh-aw-bot,User,human,110784888537,push_evals_state,2026-10-02T09:32:26Z,2026-10-02T09:32:26Z,1,actions_linux_slim,0.002,0.002,ubuntu-slim
36990360939,49581,AI Moderator,issue_comment,gh-aw-bot,User,human,110784889709,conclusion,2026-10-02T09:32:26Z,2026-10-02T09:32:26Z,1,actions_linux_slim,0.002,0.002,ubuntu-slim
36990360939,49581,AI Moderator,issue_comment,gh-aw-bot,User,human,110784934883,activation,2026-10-02T09:32:35Z,2026-10-02T09:32:25Z,1,actions_linux_slim,0.002,0.002,ubuntu-slim
36990360933,127772,Q,issue_comment,gh-aw-bot,User,human,110784886397,pre_activation,2026-10-02T09:32:25Z,2026-10-02T09:32:25Z,1,actions_linux_slim,0.002,0.002,ubuntu-slim
36990360933,127772,Q,issue_comment,gh-aw-bot,User,human,110784887530,activation,2026-10-02T09:32:26Z,2026-10-02T09:32:25Z,1,actions_linux_slim,0.002,0.002,ubuntu-slim
36990360933,127772,Q,issue_comment,gh-aw-bot,User,human,110784887563,agent,2026-10-02T09:32:26Z,2026-10-02T09:32:25Z,1,actions_linux,0.006,0.006,ubuntu-latest
36990360933,127772,Q,issue_comment,gh-aw-bot,User,human,110784887964,detection,2026-10-02T09:32:26Z,2026-10-02T09:32:25Z,1,actions_linux,0.006,0.006,ubuntu-latest
36990360933,127772,Q,issue_comment,gh-aw-bot,User,human,110784888116,safe_outputs,2026-10-02T09:32:26Z,2026-10-02T09:32:26Z,1,actions_linux_slim,0.002,0.002,ubuntu-slim
36990360933,127772,Q,issue_comment,gh-aw-bot,User,human,110784889062,conclusion,2026-10-02T09:32:26Z,2026-10-02T09:32:26Z,1,actions_linux_slim,0.002,0.002,ubuntu-slim
36990360886,9688,"Squad — @copilot
Quick triage nudge: please refresh this branch if needed, review any outstanding feedback/checks, and run the  skill to move this PR toward merge readiness.

> Generated by [👨‍🍳 PR Sous Chef](https://github.com/github/gh-aw/actions/runs/36989788939) · pi · gpt54 · 12.3 AIC · ⌖ 8.68 AIC · ⊞ 9.7K · [◷](https://github.com/search?q=repo%3Agithub%2Fgh-aw+%22gh-aw-workflow-call-id%3A+github%2Fgh-aw%2Fpr-sous-chef%22&type=issues)
> <sub>Comment <em>/souschef</em> to run ag...",issue_comment,gh-aw-bot,User,human,110784886235,pre_activation,2026-10-02T09:32:25Z,2026-10-02T09:32:25Z,1,actions_linux_slim,0.002,0.002,ubuntu-slim
36990360886,9688,"Squad — @copilot
Quick triage nudge: please refresh this branch if needed, review any outstanding feedback/checks, and run the  skill to move this PR toward merge readiness.

> Generated by [👨‍🍳 PR Sous Chef](https://github.com/github/gh-aw/actions/runs/36989788939) · pi · gpt54 · 12.3 AIC · ⌖ 8.68 AIC · ⊞ 9.7K · [◷](https://github.com/search?q=repo%3Agithub%2Fgh-aw+%22gh-aw-workflow-call-id%3A+github%2Fgh-aw%2Fpr-sous-chef%22&type=issues)
> <sub>Comment <em>/souschef</em> to run ag...",issue_comment,gh-aw-bot,User,human,110784886763,activation,2026-10-02T09:32:26Z,2026-10-02T09:32:25Z,1,actions_linux_slim,0.002,0.002,ubuntu-slim
36990360886,9688,"Squad — @copilot
Quick triage nudge: please refresh this branch if needed, review any outstanding feedback/checks, and run the  skill to move this PR toward merge readiness.

> Generated by [👨‍🍳 PR Sous Chef](https://github.com/github/gh-aw/actions/runs/36989788939) · pi · gpt54 · 12.3 AIC · ⌖ 8.68 AIC · ⊞ 9.7K · [◷](https://github.com/search?q=repo%3Agithub%2Fgh-aw+%22gh-aw-workflow-call-id%3A+github%2Fgh-aw%2Fpr-sous-chef%22&type=issues)
> <sub>Comment <em>/souschef</em> to run ag...",issue_comment,gh-aw-bot,User,human,110784887022,detection,2026-10-02T09:32:26Z,2026-10-02T09:32:25Z,1,actions_linux,0.006,0.006,ubuntu-latest
36990360886,9688,"Squad — @copilot
Quick triage nudge: please refresh this branch if needed, review any outstanding feedback/checks, and run the  skill to move this PR toward merge readiness.

> Generated by [👨‍🍳 PR Sous Chef](https://github.com/github/gh-aw/actions/runs/36989788939) · pi · gpt54 · 12.3 AIC · ⌖ 8.68 AIC · ⊞ 9.7K · [◷](https://github.com/search?q=repo%3Agithub%2Fgh-aw+%22gh-aw-workflow-call-id%3A+github%2Fgh-aw%2Fpr-sous-chef%22&type=issues)
> <sub>Comment <em>/souschef</em> to run ag...",issue_comment,gh-aw-bot,User,human,110784887508,agent,2026-10-02T09:32:26Z,2026-10-02T09:32:25Z,1,actions_linux,0.006,0.006,ubuntu-latest
36990360886,9688,"Squad — @copilot
Quick triage nudge: please refresh this branch if needed, review any outstanding feedback/checks, and run the  skill to move this PR toward merge readiness.

> Generated by [👨‍🍳 PR Sous Chef](https://github.com/github/gh-aw/actions/runs/36989788939) · pi · gpt54 · 12.3 AIC · ⌖ 8.68 AIC · ⊞ 9.7K · [◷](https://github.com/search?q=repo%3Agithub%2Fgh-aw+%22gh-aw-workflow-call-id%3A+github%2Fgh-aw%2Fpr-sous-chef%22&type=issues)
> <sub>Comment <em>/souschef</em> to run ag...",issue_comment,gh-aw-bot,User,human,110784888086,safe_outputs,2026-10-02T09:32:26Z,2026-10-02T09:32:25Z,1,actions_linux_slim,0.002,0.002,ubuntu-slim
36990360886,9688,"Squad — @copilot
Quick triage nudge: please refresh this branch if needed, review any outstanding feedback/checks, and run the  skill to move this PR toward merge readiness.

> Generated by [👨‍🍳 PR Sous Chef](https://github.com/github/gh-aw/actions/runs/36989788939) · pi · gpt54 · 12.3 AIC · ⌖ 8.68 AIC · ⊞ 9.7K · [◷](https://github.com/search?q=repo%3Agithub%2Fgh-aw+%22gh-aw-workflow-call-id%3A+github%2Fgh-aw%2Fpr-sous-chef%22&type=issues)
> <sub>Comment <em>/souschef</em> to run ag...",issue_comment,gh-aw-bot,User,human,110784888553,conclusion,2026-10-02T09:32:26Z,2026-10-02T09:32:25Z,1,actions_linux_slim,0.002,0.002,ubuntu-slim
36990359199,63195,Agentic Commands,issue_comment,gh-aw-bot,User,human,110784877919,route,2026-10-02T09:32:28Z,2026-10-02T09:32:56Z,1,actions_linux_slim,0.002,0.002,ubuntu-slim
36990359158,9687,"Squad — @copilot
Quick triage nudge: please refresh this branch if needed, review any outstanding feedback/checks, and run the  skill to move this PR toward merge readiness.

> Generated by [👨‍🍳 PR Sous Chef](https://github.com/github/gh-aw/actions/runs/36989788939) · pi · gpt54 · 12.3 AIC · ⌖ 8.68 AIC · ⊞ 9.7K · [◷](https://github.com/search?q=repo%3Agithub%2Fgh-aw+%22gh-aw-workflow-call-id%3A+github%2Fgh-aw%2Fpr-sous-chef%22&type=issues)
> <sub>Comment <em>/souschef</em> to run ag...",issue_comment,gh-aw-bot,User,human,110784880985,pre_activation,2026-10-02T09:32:24Z,2026-10-02T09:32:24Z,1,actions_linux_slim,0.002,0.002,ubuntu-slim
36990359158,9687,"Squad — @copilot
Quick triage nudge: please refresh this branch if needed, review any outstanding feedback/checks, and run the  skill to move this PR toward merge readiness.

> Generated by [👨‍🍳 PR Sous Chef](https://github.com/github/gh-aw/actions/runs/36989788939) · pi · gpt54 · 12.3 AIC · ⌖ 8.68 AIC · ⊞ 9.7K · [◷](https://github.com/search?q=repo%3Agithub%2Fgh-aw+%22gh-aw-workflow-call-id%3A+github%2Fgh-aw%2Fpr-sous-chef%22&type=issues)
> <sub>Comment <em>/souschef</em> to run ag...",issue_comment,gh-aw-bot,User,human,110784881868,activation,2026-10-02T09:32:25Z,2026-10-02T09:32:24Z,1,actions_linux_slim,0.002,0.002,ubuntu-slim
36990359158,9687,"Squad — @copilot
Quick triage nudge: please refresh this branch if needed, review any outstanding feedback/checks, and run the  skill to move this PR toward merge readiness.

> Generated by [👨‍🍳 PR Sous Chef](https://github.com/github/gh-aw/actions/runs/36989788939) · pi · gpt54 · 12.3 AIC · ⌖ 8.68 AIC · ⊞ 9.7K · [◷](https://github.com/search?q=repo%3Agithub%2Fgh-aw+%22gh-aw-workflow-call-id%3A+github%2Fgh-aw%2Fpr-sous-chef%22&type=issues)
> <sub>Comment <em>/souschef</em> to run ag...",issue_comment,gh-aw-bot,User,human,110784882245,detection,2026-10-02T09:32:25Z,2026-10-02T09:32:24Z,1,actions_linux,0.006,0.006,ubuntu-latest
36990359158,9687,"Squad — @copilot
Quick triage nudge: please refresh this branch if needed, review any outstanding feedback/checks, and run the  skill to move this PR toward merge readiness.

> Generated by [👨‍🍳 PR Sous Chef](https://github.com/github/gh-aw/actions/runs/36989788939) · pi · gpt54 · 12.3 AIC · ⌖ 8.68 AIC · ⊞ 9.7K · [◷](https://github.com/search?q=repo%3Agithub%2Fgh-aw+%22gh-aw-workflow-call-id%3A+github%2Fgh-aw%2Fpr-sous-chef%22&type=issues)
> <sub>Comment <em>/souschef</em> to run ag...",issue_comment,gh-aw-bot,User,human,110784882375,agent,2026-10-02T09:32:25Z,2026-10-02T09:32:24Z,1,actions_linux,0.006,0.006,ubuntu-latest
36990359158,9687,"Squad — @copilot
Quick triage nudge: please refresh this branch if needed, review any outstanding feedback/checks, and run the  skill to move this PR toward merge readiness.

> Generated by [👨‍🍳 PR Sous Chef](https://github.com/github/gh-aw/actions/runs/36989788939) · pi · gpt54 · 12.3 AIC · ⌖ 8.68 AIC · ⊞ 9.7K · [◷](https://github.com/search?q=repo%3Agithub%2Fgh-aw+%22gh-aw-workflow-call-id%3A+github%2Fgh-aw%2Fpr-sous-chef%22&type=issues)
> <sub>Comment <em>/souschef</em> to run ag...",issue_comment,gh-aw-bot,User,human,110784883131,safe_outputs,2026-10-02T09:32:25Z,2026-10-02T09:32:24Z,1,actions_linux_slim,0.002,0.002,ubuntu-slim
36990359158,9687,"Squad — @copilot
Quick triage nudge: please refresh this branch if needed, review any outstanding feedback/checks, and run the  skill to move this PR toward merge readiness.

> Generated by [👨‍🍳 PR Sous Chef](https://github.com/github/gh-aw/actions/runs/36989788939) · pi · gpt54 · 12.3 AIC · ⌖ 8.68 AIC · ⊞ 9.7K · [◷](https://github.com/search?q=repo%3Agithub%2Fgh-aw+%22gh-aw-workflow-call-id%3A+github%2Fgh-aw%2Fpr-sous-chef%22&type=issues)
> <sub>Comment <em>/souschef</em> to run ag...",issue_comment,gh-aw-bot,User,human,110784884002,conclusion,2026-10-02T09:32:25Z,2026-10-02T09:32:25Z,1,actions_linux_slim,0.002,0.002,ubuntu-slim
36990358889,49580,AI Moderator,issue_comment,gh-aw-bot,User,human,110784879779,pre_activation,2026-10-02T09:32:24Z,2026-10-02T09:32:24Z,1,actions_linux_slim,0.002,0.002,ubuntu-slim
36990358889,49580,AI Moderator,issue_comment,gh-aw-bot,User,human,110784881016,agent,2026-10-02T09:32:24Z,2026-10-02T09:32:24Z,1,actions_linux,0.006,0.006,ubuntu-latest
36990358889,49580,AI Moderator,issue_comment,gh-aw-bot,User,human,110784881347,unlock,2026-10-02T09:32:24Z,2026-10-02T09:32:24Z,1,actions_linux_slim,0.002,0.002,ubuntu-slim
36990358889,49580,AI Moderator,issue_comment,gh-aw-bot,User,human,110784881464,safe_outputs,2026-10-02T09:32:24Z,2026-10-02T09:32:24Z,1,actions_linux_slim,0.002,0.002,ubuntu-slim
36990358889,49580,AI Moderator,issue_comment,gh-aw-bot,User,human,110784881574,push_evals_state,2026-10-02T09:32:25Z,2026-10-02T09:32:24Z,1,actions_linux_slim,0.002,0.002,ubuntu-slim
36990358889,49580,AI Moderator,issue_comment,gh-aw-bot,User,human,110784881834,evals,2026-10-02T09:32:25Z,2026-10-02T09:32:24Z,1,actions_linux,0.006,0.006,ubuntu-latest
36990358889,49580,AI Moderator,issue_comment,gh-aw-bot,User,human,110784882888,conclusion,2026-10-02T09:32:25Z,2026-10-02T09:32:24Z,1,actions_linux_slim,0.002,0.002,ubuntu-slim
36990358889,49580,AI Moderator,issue_comment,gh-aw-bot,User,human,110784914560,activation,2026-10-02T09:32:31Z,2026-10-02T09:32:24Z,1,actions_linux_slim,0.002,0.002,ubuntu-slim
36990358881,127771,Q,issue_comment,gh-aw-bot,User,human,110784880195,pre_activation,2026-10-02T09:32:24Z,2026-10-02T09:32:24Z,1,actions_linux_slim,0.002,0.002,ubuntu-slim
36990358881,127771,Q,issue_comment,gh-aw-bot,User,human,110784881006,activation,2026-10-02T09:32:24Z,2026-10-02T09:32:24Z,1,actions_linux_slim,0.002,0.002,ubuntu-slim
36990358881,127771,Q,issue_comment,gh-aw-bot,User,human,110784881844,agent,2026-10-02T09:32:25Z,2026-10-02T09:32:24Z,1,actions_linux,0.006,0.006,ubuntu-latest
36990358881,127771,Q,issue_comment,gh-aw-bot,User,human,110784882538,detection,2026-10-02T09:32:25Z,2026-10-02T09:32:24Z,1,actions_linux,0.006,0.006,ubuntu-latest
36990358881,127771,Q,issue_comment,gh-aw-bot,User,human,110784882549,safe_outputs,2026-10-02T09:32:25Z,2026-10-02T09:32:24Z,1,actions_linux_slim,0.002,0.002,ubuntu-slim
36990358881,127771,Q,issue_comment,gh-aw-bot,User,human,110784884240,conclusion,2026-10-02T09:32:25Z,2026-10-02T09:32:25Z,1,actions_linux_slim,0.002,0.002,ubuntu-slim
36990090658,1271,Code scanning AI findings on PR #64963,dynamic,github-advanced-security[bot],Bot,bot,110784033062,github-advanced-security,2026-10-02T09:29:49Z,2026-10-02T09:33:41Z,4,actions_linux,0.006,0.024,ubuntu-latest
36989989808,1270,Code scanning AI findings on PR #64936,dynamic,github-advanced-security[bot],Bot,bot,110783709217,github-advanced-security,2026-10-02T09:28:44Z,2026-10-02T09:32:37Z,4,actions_linux,0.006,0.024,ubuntu-latest
36989989247,1269,Code scanning AI findings on PR #64935,dynamic,github-advanced-security[bot],Bot,bot,110783708343,github-advanced-security,2026-10-02T09:28:44Z,2026-10-02T09:33:03Z,5,actions_linux,0.006,0.03,ubuntu-latest
36989989048,1268,Code scanning AI findings on PR #64934,dynamic,github-advanced-security[bot],Bot,bot,110783707914,github-advanced-security,2026-10-02T09:28:44Z,2026-10-02T09:32:32Z,4,actions_linux,0.006,0.024,ubuntu-latest
36989988269,1267,Code scanning AI findings on PR #64937,dynamic,github-advanced-security[bot],Bot,bot,110783704356,github-advanced-security,2026-10-02T09:28:44Z,2026-10-02T09:32:09Z,4,actions_linux,0.006,0.024,ubuntu-latest
36989788939,6523,PR Sous Chef,schedule,pelikhan,User,human,110783058128,pre_activation,2026-10-02T09:26:40Z,2026-10-02T09:27:11Z,1,actions_linux_slim,0.002,0.002,ubuntu-slim
36989788939,6523,PR Sous Chef,schedule,pelikhan,User,human,110783265267,activation,2026-10-02T09:27:15Z,2026-10-02T09:27:54Z,1,actions_linux_slim,0.002,0.002,ubuntu-slim
36989788939,6523,PR Sous Chef,schedule,pelikhan,User,human,110783485097,push_experiments_state,2026-10-02T09:28:03Z,2026-10-02T09:29:15Z,2,actions_linux_slim,0.002,0.004,ubuntu-slim
36989788939,6523,PR Sous Chef,schedule,pelikhan,User,human,110783485336,agent,2026-10-02T09:28:00Z,2026-10-02T09:30:47Z,3,actions_linux,0.006,0.018000000000000002,ubuntu-latest
36989788939,6523,PR Sous Chef,schedule,pelikhan,User,human,110784382529,approval_allowlist,2026-10-02T09:30:53Z,2026-10-02T09:31:00Z,1,actions_linux_slim,0.002,0.002,ubuntu-slim
36989788939,6523,PR Sous Chef,schedule,pelikhan,User,human,110784382545,detection,2026-10-02T09:30:51Z,2026-10-02T09:31:53Z,2,actions_linux,0.006,0.012,ubuntu-latest
36989788939,6523,PR Sous Chef,schedule,pelikhan,User,human,110784726284,evals,2026-10-02T09:31:58Z,2026-10-02T09:32:43Z,1,actions_linux,0.006,0.006,ubuntu-latest
36989788939,6523,PR Sous Chef,schedule,pelikhan,User,human,110784726400,safe_outputs,2026-10-02T09:31:58Z,2026-10-02T09:32:29Z,1,actions_linux_slim,0.002,0.002,ubuntu-slim
36989788939,6523,PR Sous Chef,schedule,pelikhan,User,human,110784977617,push_evals_state,2026-10-02T09:32:52Z,2026-10-02T09:33:47Z,1,actions_linux_slim,0.002,0.002,ubuntu-slim
36989788939,6523,PR Sous Chef,schedule,pelikhan,User,human,110785307973,conclusion,2026-10-02T09:33:57Z,2026-10-02T09:34:29Z,1,actions_linux_slim,0.002,0.002,ubuntu-slim
36989642138,9368,Issue Monster,schedule,pelikhan,User,human,110782595278,pre_activation,2026-10-02T09:25:12Z,2026-10-02T09:25:43Z,1,actions_linux_slim,0.002,0.002,ubuntu-slim
36989642138,9368,Issue Monster,schedule,pelikhan,User,human,110782812041,activation,2026-10-02T09:25:43Z,2026-10-02T09:25:43Z,1,actions_linux_slim,0.002,0.002,ubuntu-slim
36989642138,9368,Issue Monster,schedule,pelikhan,User,human,110782812405,agent,2026-10-02T09:25:44Z,2026-10-02T09:25:43Z,1,actions_linux,0.006,0.006,ubuntu-latest
36989642138,9368,Issue Monster,schedule,pelikhan,User,human,110782812817,detection,2026-10-02T09:25:44Z,2026-10-02T09:25:43Z,1,actions_linux,0.006,0.006,ubuntu-latest
36989642138,9368,Issue Monster,schedule,pelikhan,User,human,110782813506,evals,2026-10-02T09:25:44Z,2026-10-02T09:25:43Z,1,actions_linux,0.006,0.006,ubuntu-latest
36989642138,9368,Issue Monster,schedule,pelikhan,User,human,110782814669,safe_outputs,2026-10-02T09:25:44Z,2026-10-02T09:25:43Z,1,actions_linux_slim,0.002,0.002,ubuntu-slim
36989642138,9368,Issue Monster,schedule,pelikhan,User,human,110782814929,push_evals_state,2026-10-02T09:25:44Z,2026-10-02T09:25:44Z,1,actions_linux_slim,0.002,0.002,ubuntu-slim
36989642138,9368,Issue Monster,schedule,pelikhan,User,human,110782815802,conclusion,2026-10-02T09:25:44Z,2026-10-02T09:25:44Z,1,actions_linux_slim,0.002,0.002,ubuntu-slim
36989578298,188,Daily MCP Tool Concurrency Analysis,schedule,pelikhan,User,human,110782389245,activation,2026-10-02T09:24:24Z,2026-10-02T09:24:58Z,1,actions_linux_slim,0.002,0.002,ubuntu-slim
36989578298,188,Daily MCP Tool Concurrency Analysis,schedule,pelikhan,User,human,110782581556,agent,2026-10-02T09:25:02Z,2026-10-02T09:28:12Z,4,actions_linux,0.006,0.024,ubuntu-latest
36989578298,188,Daily MCP Tool Concurrency Analysis,schedule,pelikhan,User,human,110783575743,detection,2026-10-02T09:28:16Z,2026-10-02T09:29:30Z,2,actions_linux,0.006,0.012,ubuntu-latest
36989578298,188,Daily MCP Tool Concurrency Analysis,schedule,pelikhan,User,human,110783974598,update_cache_memory,2026-10-02T09:29:37Z,2026-10-02T09:30:07Z,1,actions_linux_slim,0.002,0.002,ubuntu-slim
36989578298,188,Daily MCP Tool Concurrency Analysis,schedule,pelikhan,User,human,110783974645,evals,2026-10-02T09:29:34Z,2026-10-02T09:30:34Z,1,actions_linux,0.006,0.006,ubuntu-latest
36989578298,188,Daily MCP Tool Concurrency Analysis,schedule,pelikhan,User,human,110783974714,safe_outputs,2026-10-02T09:29:56Z,2026-10-02T09:30:40Z,1,actions_linux_slim,0.002,0.002,ubuntu-slim
36989578298,188,Daily MCP Tool Concurrency Analysis,schedule,pelikhan,User,human,110784308582,push_evals_state,2026-10-02T09:30:41Z,2026-10-02T09:31:13Z,1,actions_linux_slim,0.002,0.002,ubuntu-slim
36989578298,188,Daily MCP Tool Concurrency Analysis,schedule,pelikhan,User,human,110784343940,push_ledger_changes,2026-10-02T09:30:46Z,2026-10-02T09:31:19Z,1,actions_linux_slim,0.002,0.002,ubuntu-slim
36989578298,188,Daily MCP Tool Concurrency Analysis,schedule,pelikhan,User,human,110784548893,conclusion,2026-10-02T09:31:24Z,2026-10-02T09:31:47Z,1,actions_linux_slim,0.002,0.002,ubuntu-slim
36988952953,55766,CI,schedule,pelikhan,User,human,110780393105,changes,2026-10-02T09:17:48Z,2026-10-02T09:18:01Z,1,actions_linux,0.006,0.006,ubuntu-latest
36988952953,55766,CI,schedule,pelikhan,User,human,110780393374,Validate workflow container pins,2026-10-02T09:17:48Z,2026-10-02T09:18:23Z,1,actions_linux,0.006,0.006,ubuntu-latest
36988952953,55766,CI,schedule,pelikhan,User,human,110780473399,update,2026-10-02T09:18:01Z,2026-10-02T09:18:01Z,1,actions_linux,0.006,0.006,ubuntu-latest
36988952953,55766,CI,schedule,pelikhan,User,human,110780473505,Integration Update - Target Repo,2026-10-02T09:18:01Z,2026-10-02T09:18:01Z,1,actions_linux,0.006,0.006,ubuntu-latest
36988952953,55766,CI,schedule,pelikhan,User,human,110780473513,GH_HOST Proxy PR Checkout Repro (Issue,2026-10-02T09:18:01Z,2026-10-02T09:18:01Z,1,actions_linux,0.006,0.006,ubuntu-latest
36988952953,55766,CI,schedule,pelikhan,User,human,110780473567,Integration Release Availability,2026-10-02T09:18:01Z,2026-10-02T09:18:01Z,1,actions_linux,0.006,0.006,ubuntu-latest
36988952953,55766,CI,schedule,pelikhan,User,human,110780473683,Integration Update - Preserve Local Imports,2026-10-02T09:18:01Z,2026-10-02T09:18:01Z,1,actions_linux,0.006,0.006,ubuntu-latest
36988952953,55766,CI,schedule,pelikhan,User,human,110780473700,DIFC Proxy sh Integration Test,2026-10-02T09:18:01Z,2026-10-02T09:18:01Z,1,actions_linux,0.006,0.006,ubuntu-latest
36988952953,55766,CI,schedule,pelikhan,User,human,110780473706,Integration Fix --write and Compile,2026-10-02T09:18:01Z,2026-10-02T09:18:01Z,1,actions_linux,0.006,0.006,ubuntu-latest
36988952953,55766,CI,schedule,pelikhan,User,human,110780473840,Integration: ${{ matrix.test-group.name }},2026-10-02T09:18:02Z,2026-10-02T09:18:01Z,1,actions_linux,0.006,0.006,ubuntu-latest
36988952953,55766,CI,schedule,pelikhan,User,human,110780473951,ShellCheck actions/setup/sh,2026-10-02T09:18:02Z,2026-10-02T09:18:01Z,1,actions_linux,0.006,0.006,ubuntu-latest
36988952953,55766,CI,schedule,pelikhan,User,human,110780473963,Integration Compile gh-aw-marketplace,2026-10-02T09:18:02Z,2026-10-02T09:18:01Z,1,actions_linux,0.006,0.006,ubuntu-latest
36988952953,55766,CI,schedule,pelikhan,User,human,110780473978,health-smoke-copilot,2026-10-02T09:18:02Z,2026-10-02T09:18:01Z,1,actions_linux,0.006,0.006,ubuntu-latest
36988952953,55766,CI,schedule,pelikhan,User,human,110780474101,audit,2026-10-02T09:18:02Z,2026-10-02T09:18:01Z,1,actions_linux,0.006,0.006,ubuntu-latest
36988952953,55766,CI,schedule,pelikhan,User,human,110780474198,Playwright Browsers sh Integration Test: ${{ matrix.browser }},2026-10-02T09:18:02Z,2026-10-02T09:18:01Z,1,actions_linux,0.006,0.006,ubuntu-latest
36988952953,55766,CI,schedule,pelikhan,User,human,110780474200,Integration Add with dispatch-workflow Dependencies,2026-10-02T09:18:02Z,2026-10-02T09:18:01Z,1,actions_linux,0.006,0.006,ubuntu-latest
36988952953,55766,CI,schedule,pelikhan,User,human,110780474227,js-integration-live-api,2026-10-02T09:18:02Z,2026-10-02T09:18:01Z,1,actions_linux,0.006,0.006,ubuntu-latest
36988952953,55766,CI,schedule,pelikhan,User,human,110780474295,Integration Add Workflows,2026-10-02T09:18:02Z,2026-10-02T09:18:01Z,1,actions_linux,0.006,0.006,ubuntu-latest
36988952953,55766,CI,schedule,pelikhan,User,human,110780474397,Redirect Resolution Tests (${{ matrix.os }}),2026-10-02T09:18:02Z,2026-10-02T09:18:01Z,1,actions_linux,0.006,0.006,
36988952953,55766,CI,schedule,pelikhan,User,human,110780474848,Integration Unauthenticated Add (Public Repo),2026-10-02T09:18:02Z,2026-10-02T09:18:01Z,1,actions_linux,0.006,0.006,ubuntu-latest
36988952953,55766,CI,schedule,pelikhan,User,human,110780474850,Compile pkg/cli/workflows,2026-10-02T09:18:02Z,2026-10-02T09:18:01Z,1,actions_linux,0.006,0.006,ubuntu-latest
36988952953,55766,CI,schedule,pelikhan,User,human,110780475107,Check workflow markdown/lock drift,2026-10-02T09:18:02Z,2026-10-02T09:18:01Z,1,actions_linux,0.006,0.006,ubuntu-latest
36988909935,5395,Running Copilot Code Review,dynamic,Copilot,Bot,agent,110780259813,copilot-pull-request-reviewer,2026-10-02T09:17:25Z,2026-10-02T09:26:15Z,9,actions_linux,0.006,0.054,ubuntu-latest
36988904710,5394,Running Copilot Code Review,dynamic,Copilot,Bot,agent,110780242012,copilot-pull-request-reviewer,2026-10-02T09:17:21Z,2026-10-02T09:26:20Z,9,actions_linux,0.006,0.054,ubuntu-latest
36988902327,5393,Running Copilot Code Review,dynamic,Copilot,Bot,agent,110780233953,copilot-pull-request-reviewer,2026-10-02T09:17:19Z,2026-10-02T09:25:34Z,9,actions_linux,0.006,0.054,ubuntu-latest
36988902065,7745,Test Quality Sentinel,pull_request,MaggieAppleton,User,human,110780240473,pre_activation,2026-10-02T09:17:25Z,2026-10-02T09:18:32Z,2,actions_linux_slim,0.002,0.004,ubuntu-slim
36988902065,7745,Test Quality Sentinel,pull_request,MaggieAppleton,User,human,110780627890,activation,2026-10-02T09:18:35Z,2026-10-02T09:19:10Z,1,actions_linux_slim,0.002,0.002,ubuntu-slim
36988902065,7745,Test Quality Sentinel,pull_request,MaggieAppleton,User,human,110780821395,agent,2026-10-02T09:19:16Z,2026-10-02T09:21:28Z,3,actions_linux,0.006,0.018000000000000002,ubuntu-latest
36988902065,7745,Test Quality Sentinel,pull_request,MaggieAppleton,User,human,110780821407,push_experiments_state,2026-10-02T09:19:16Z,2026-10-02T09:19:53Z,1,actions_linux_slim,0.002,0.002,ubuntu-slim
36988902065,7745,Test Quality Sentinel,pull_request,MaggieAppleton,User,human,110781519977,detection,2026-10-02T09:21:31Z,2026-10-02T09:22:48Z,2,actions_linux,0.006,0.012,ubuntu-latest
36988902065,7745,Test Quality Sentinel,pull_request,MaggieAppleton,User,human,110781924830,evals,2026-10-02T09:22:50Z,2026-10-02T09:23:53Z,2,actions_linux,0.006,0.012,ubuntu-latest
36988902065,7745,Test Quality Sentinel,pull_request,MaggieAppleton,User,human,110781924889,safe_outputs,2026-10-02T09:22:51Z,2026-10-02T09:23:14Z,1,actions_linux_slim,0.002,0.002,ubuntu-slim
36988902065,7745,Test Quality Sentinel,pull_request,MaggieAppleton,User,human,110782253180,push_evals_state,2026-10-02T09:23:56Z,2026-10-02T09:24:37Z,1,actions_linux_slim,0.002,0.002,ubuntu-slim
36988902065,7745,Test Quality Sentinel,pull_request,MaggieAppleton,User,human,110782474511,conclusion,2026-10-02T09:24:59Z,2026-10-02T09:25:30Z,1,actions_linux_slim,0.002,0.002,ubuntu-slim
36988900748,37,Front Page Copy Guard,pull_request,MaggieAppleton,User,human,110780223849,pre_activation,2026-10-02T09:17:16Z,2026-10-02T09:17:34Z,1,actions_linux_slim,0.002,0.002,ubuntu-slim
36988900748,37,Front Page Copy Guard,pull_request,MaggieAppleton,User,human,110780333681,activation,2026-10-02T09:17:41Z,2026-10-02T09:18:26Z,1,actions_linux_slim,0.002,0.002,ubuntu-slim
36988900748,37,Front Page Copy Guard,pull_request,MaggieAppleton,User,human,110780596722,agent,2026-10-02T09:18:29Z,2026-10-02T09:20:07Z,2,actions_linux,0.006,0.012,ubuntu-latest
36988900748,37,Front Page Copy Guard,pull_request,MaggieAppleton,User,human,110781109255,detection,2026-10-02T09:20:10Z,2026-10-02T09:20:38Z,1,actions_linux,0.006,0.006,ubuntu-latest
36988900748,37,Front Page Copy Guard,pull_request,MaggieAppleton,User,human,110781272129,safe_outputs,2026-10-02T09:20:42Z,2026-10-02T09:20:59Z,1,actions_linux_slim,0.002,0.002,ubuntu-slim
36988900748,37,Front Page Copy Guard,pull_request,MaggieAppleton,User,human,110781376421,conclusion,2026-10-02T09:21:04Z,2026-10-02T09:21:27Z,1,actions_linux_slim,0.002,0.002,ubuntu-slim
36988900714,7744,Test Quality Sentinel,pull_request,MaggieAppleton,User,human,110780224235,pre_activation,2026-10-02T09:17:17Z,2026-10-02T09:17:36Z,1,actions_linux_slim,0.002,0.002,ubuntu-slim
36988900714,7744,Test Quality Sentinel,pull_request,MaggieAppleton,User,human,110780347345,activation,2026-10-02T09:17:43Z,2026-10-02T09:18:21Z,1,actions_linux_slim,0.002,0.002,ubuntu-slim
36988900714,7744,Test Quality Sentinel,pull_request,MaggieAppleton,User,human,110780574890,push_experiments_state,2026-10-02T09:18:25Z,2026-10-02T09:18:52Z,1,actions_linux_slim,0.002,0.002,ubuntu-slim
36988900714,7744,Test Quality Sentinel,pull_request,MaggieAppleton,User,human,110780574900,agent,2026-10-02T09:18:24Z,2026-10-02T09:20:31Z,3,actions_linux,0.006,0.018000000000000002,ubuntu-latest
36988900714,7744,Test Quality Sentinel,pull_request,MaggieAppleton,User,human,110781234390,detection,2026-10-02T09:20:34Z,2026-10-02T09:21:55Z,2,actions_linux,0.006,0.012,ubuntu-latest
36988900714,7744,Test Quality Sentinel,pull_request,MaggieAppleton,User,human,110781657994,safe_outputs,2026-10-02T09:22:00Z,2026-10-02T09:22:18Z,1,actions_linux_slim,0.002,0.002,ubuntu-slim
36988900714,7744,Test Quality Sentinel,pull_request,MaggieAppleton,User,human,110781658049,evals,2026-10-02T09:21:59Z,2026-10-02T09:22:55Z,1,actions_linux,0.006,0.006,ubuntu-latest
36988900714,7744,Test Quality Sentinel,pull_request,MaggieAppleton,User,human,110781958721,push_evals_state,2026-10-02T09:22:59Z,2026-10-02T09:23:32Z,1,actions_linux_slim,0.002,0.002,ubuntu-slim
36988900714,7744,Test Quality Sentinel,pull_request,MaggieAppleton,User,human,110782146982,conclusion,2026-10-02T09:24:14Z,2026-10-02T09:24:47Z,1,actions_linux_slim,0.002,0.002,ubuntu-slim
36988897453,5392,Running Copilot Code Review,dynamic,Copilot,Bot,agent,110780217553,copilot-pull-request-reviewer,2026-10-02T09:17:17Z,2026-10-02T09:24:16Z,7,actions_linux,0.006,0.042,ubuntu-latest
36988896177,7743,Test Quality Sentinel,pull_request,MaggieAppleton,User,human,110780209621,pre_activation,2026-10-02T09:17:14Z,2026-10-02T09:17:31Z,1,actions_linux_slim,0.002,0.002,ubuntu-slim
36988896177,7743,Test Quality Sentinel,pull_request,MaggieAppleton,User,human,110780319518,activation,2026-10-02T09:17:34Z,2026-10-02T09:18:06Z,1,actions_linux_slim,0.002,0.002,ubuntu-slim
36988896177,7743,Test Quality Sentinel,pull_request,MaggieAppleton,User,human,110780497114,push_experiments_state,2026-10-02T09:18:10Z,2026-10-02T09:18:42Z,1,actions_linux_slim,0.002,0.002,ubuntu-slim
36988896177,7743,Test Quality Sentinel,pull_request,MaggieAppleton,User,human,110780497131,agent,2026-10-02T09:18:09Z,2026-10-02T09:20:02Z,2,actions_linux,0.006,0.012,ubuntu-latest
36988896177,7743,Test Quality Sentinel,pull_request,MaggieAppleton,User,human,110781085609,detection,2026-10-02T09:20:06Z,2026-10-02T09:21:12Z,2,actions_linux,0.006,0.012,ubuntu-latest
36988896177,7743,Test Quality Sentinel,pull_request,MaggieAppleton,User,human,110781439201,evals,2026-10-02T09:21:17Z,2026-10-02T09:22:17Z,1,actions_linux,0.006,0.006,ubuntu-latest
36988896177,7743,Test Quality Sentinel,pull_request,MaggieAppleton,User,human,110781439213,safe_outputs,2026-10-02T09:21:17Z,2026-10-02T09:21:42Z,1,actions_linux_slim,0.002,0.002,ubuntu-slim
36988896177,7743,Test Quality Sentinel,pull_request,MaggieAppleton,User,human,110781769413,push_evals_state,2026-10-02T09:22:24Z,2026-10-02T09:22:58Z,1,actions_linux_slim,0.002,0.002,ubuntu-slim
36988896177,7743,Test Quality Sentinel,pull_request,MaggieAppleton,User,human,110781976529,conclusion,2026-10-02T09:23:04Z,2026-10-02T09:23:31Z,1,actions_linux_slim,0.002,0.002,ubuntu-slim
36988889283,7742,Test Quality Sentinel,pull_request,MaggieAppleton,User,human,110780187277,pre_activation,2026-10-02T09:17:10Z,2026-10-02T09:17:28Z,1,actions_linux_slim,0.002,0.002,ubuntu-slim
36988889283,7742,Test Quality Sentinel,pull_request,MaggieAppleton,User,human,110780306348,activation,2026-10-02T09:17:34Z,2026-10-02T09:18:22Z,1,actions_linux_slim,0.002,0.002,ubuntu-slim
36988889283,7742,Test Quality Sentinel,pull_request,MaggieAppleton,User,human,110780579030,push_experiments_state,2026-10-02T09:18:25Z,2026-10-02T09:19:02Z,1,actions_linux_slim,0.002,0.002,ubuntu-slim
36988889283,7742,Test Quality Sentinel,pull_request,MaggieAppleton,User,human,110780579131,agent,2026-10-02T09:18:26Z,2026-10-02T09:20:11Z,2,actions_linux,0.006,0.012,ubuntu-latest
36988889283,7742,Test Quality Sentinel,pull_request,MaggieAppleton,User,human,110781131507,detection,2026-10-02T09:20:14Z,2026-10-02T09:21:32Z,2,actions_linux,0.006,0.012,ubuntu-latest
36988889283,7742,Test Quality Sentinel,pull_request,MaggieAppleton,User,human,110781540250,safe_outputs,2026-10-02T09:21:38Z,2026-10-02T09:21:59Z,1,actions_linux_slim,0.002,0.002,ubuntu-slim
36988889283,7742,Test Quality Sentinel,pull_request,MaggieAppleton,User,human,110781540281,evals,2026-10-02T09:21:36Z,2026-10-02T09:22:43Z,2,actions_linux,0.006,0.012,ubuntu-latest
36988889283,7742,Test Quality Sentinel,pull_request,MaggieAppleton,User,human,110781902597,push_evals_state,2026-10-02T09:22:49Z,2026-10-02T09:23:28Z,1,actions_linux_slim,0.002,0.002,ubuntu-slim
36988889283,7742,Test Quality Sentinel,pull_request,MaggieAppleton,User,human,110782128144,conclusion,2026-10-02T09:23:36Z,2026-10-02T09:24:05Z,1,actions_linux_slim,0.002,0.002,ubuntu-slim
36988835565,63173,Agentic Commands,pull_request,MaggieAppleton,User,human,110780012954,route,2026-10-02T09:16:48Z,2026-10-02T09:17:15Z,1,actions_linux_slim,0.002,0.002,ubuntu-slim
36988800467,63172,Agentic Commands,pull_request,MaggieAppleton,User,human,110779897027,route,2026-10-02T09:16:13Z,2026-10-02T09:16:37Z,1,actions_linux_slim,0.002,0.002,ubuntu-slim
36988664694,63171,Agentic Commands,pull_request,MaggieAppleton,User,human,110779467963,route,2026-10-02T09:14:50Z,2026-10-02T09:15:16Z,1,actions_linux_slim,0.002,0.002,ubuntu-slim
36988404778,63170,Agentic Commands,pull_request,MaggieAppleton,User,human,110778634415,route,2026-10-02T09:12:10Z,2026-10-02T09:12:47Z,1,actions_linux_slim,0.002,0.002,ubuntu-slim
36988398990,63169,Agentic Commands,pull_request,MaggieAppleton,User,human,110778617373,route,2026-10-02T09:12:07Z,2026-10-02T09:12:30Z,1,actions_linux_slim,0.002,0.002,ubuntu-slim
36988301557,63168,Agentic Commands,pull_request,MaggieAppleton,User,human,110778301526,route,2026-10-02T09:11:04Z,2026-10-02T09:11:30Z,1,actions_linux_slim,0.002,0.002,ubuntu-slim
36988107049,31953,Doc Build - Deploy,pull_request,MaggieAppleton,User,human,110777681056,build,2026-10-02T09:09:06Z,2026-10-02T09:11:10Z,3,actions_linux,0.006,0.018000000000000002,ubuntu-latest
36988107049,31953,Doc Build - Deploy,pull_request,MaggieAppleton,User,human,110778359693,deploy,2026-10-02T09:11:11Z,2026-10-02T09:11:10Z,1,actions_linux,0.006,0.006,ubuntu-latest
36988107031,412,Visual Regression Checker,pull_request,MaggieAppleton,User,human,110777681809,pre_activation,2026-10-02T09:09:05Z,2026-10-02T09:09:21Z,1,actions_linux_slim,0.002,0.002,ubuntu-slim
36988107031,412,Visual Regression Checker,pull_request,MaggieAppleton,User,human,110777803222,activation,2026-10-02T09:09:28Z,2026-10-02T09:10:37Z,2,actions_linux_slim,0.002,0.004,ubuntu-slim
36988107031,412,Visual Regression Checker,pull_request,MaggieAppleton,User,human,110778191994,agent,2026-10-02T09:10:42Z,2026-10-02T09:14:00Z,4,actions_linux,0.006,0.024,ubuntu-latest
36988107031,412,Visual Regression Checker,pull_request,MaggieAppleton,User,human,110779232728,detection,2026-10-02T09:14:04Z,2026-10-02T09:15:22Z,2,actions_linux,0.006,0.012,ubuntu-latest
36988107031,412,Visual Regression Checker,pull_request,MaggieAppleton,User,human,110779655987,safe_outputs,2026-10-02T09:15:29Z,2026-10-02T09:15:54Z,1,actions_linux_slim,0.002,0.002,ubuntu-slim
36988107031,412,Visual Regression Checker,pull_request,MaggieAppleton,User,human,110779826265,conclusion,2026-10-02T09:16:19Z,2026-10-02T09:16:41Z,1,actions_linux_slim,0.002,0.002,ubuntu-slim
36988104962,1266,Code scanning AI findings on PR #64936,dynamic,github-advanced-security[bot],Bot,bot,110777678978,github-advanced-security,2026-10-02T09:09:06Z,2026-10-02T09:12:33Z,4,actions_linux,0.006,0.024,ubuntu-latest
36988102946,36,Front Page Copy Guard,pull_request,MaggieAppleton,User,human,110777666901,pre_activation,2026-10-02T09:08:58Z,2026-10-02T09:09:18Z,1,actions_linux_slim,0.002,0.002,ubuntu-slim
36988102946,36,Front Page Copy Guard,pull_request,MaggieAppleton,User,human,110777787362,activation,2026-10-02T09:09:25Z,2026-10-02T09:09:56Z,1,actions_linux_slim,0.002,0.002,ubuntu-slim
36988102946,36,Front Page Copy Guard,pull_request,MaggieAppleton,User,human,110777980397,agent,2026-10-02T09:10:02Z,2026-10-02T09:11:26Z,2,actions_linux,0.006,0.012,ubuntu-latest
36988102946,36,Front Page Copy Guard,pull_request,MaggieAppleton,User,human,110778441515,detection,2026-10-02T09:11:29Z,2026-10-02T09:12:14Z,1,actions_linux,0.006,0.006,ubuntu-latest
36988102946,36,Front Page Copy Guard,pull_request,MaggieAppleton,User,human,110778682320,safe_outputs,2026-10-02T09:12:18Z,2026-10-02T09:12:35Z,1,actions_linux_slim,0.002,0.002,ubuntu-slim
36988102946,36,Front Page Copy Guard,pull_request,MaggieAppleton,User,human,110778794416,conclusion,2026-10-02T09:12:42Z,2026-10-02T09:13:10Z,1,actions_linux_slim,0.002,0.002,ubuntu-slim
36988102923,31952,Doc Build - Deploy,pull_request,MaggieAppleton,User,human,110777665691,build,2026-10-02T09:08:58Z,2026-10-02T09:11:27Z,3,actions_linux,0.006,0.018000000000000002,ubuntu-latest
36988102923,31952,Doc Build - Deploy,pull_request,MaggieAppleton,User,human,110778446194,deploy,2026-10-02T09:11:27Z,2026-10-02T09:11:27Z,1,actions_linux,0.006,0.006,ubuntu-latest
36988102902,411,Visual Regression Checker,pull_request,MaggieAppleton,User,human,110777666273,pre_activation,2026-10-02T09:08:59Z,2026-10-02T09:09:24Z,1,actions_linux_slim,0.002,0.002,ubuntu-slim
36988102902,411,Visual Regression Checker,pull_request,MaggieAppleton,User,human,110777816818,activation,2026-10-02T09:09:29Z,2026-10-02T09:10:10Z,1,actions_linux_slim,0.002,0.002,ubuntu-slim
36988102902,411,Visual Regression Checker,pull_request,MaggieAppleton,User,human,110778051911,agent,2026-10-02T09:10:13Z,2026-10-02T09:13:26Z,4,actions_linux,0.006,0.024,ubuntu-latest
36988102902,411,Visual Regression Checker,pull_request,MaggieAppleton,User,human,110779055209,detection,2026-10-02T09:13:30Z,2026-10-02T09:13:59Z,1,actions_linux,0.006,0.006,ubuntu-latest
36988102902,411,Visual Regression Checker,pull_request,MaggieAppleton,User,human,110779229126,safe_outputs,2026-10-02T09:14:08Z,2026-10-02T09:14:28Z,1,actions_linux_slim,0.002,0.002,ubuntu-slim
36988102902,411,Visual Regression Checker,pull_request,MaggieAppleton,User,human,110779378374,conclusion,2026-10-02T09:14:37Z,2026-10-02T09:15:12Z,1,actions_linux_slim,0.002,0.002,ubuntu-slim
36988095980,1265,Code scanning AI findings on PR #64935,dynamic,github-advanced-security[bot],Bot,bot,110777649961,github-advanced-security,2026-10-02T09:08:54Z,2026-10-02T09:12:19Z,4,actions_linux,0.006,0.024,ubuntu-latest
36988089603,31951,Doc Build - Deploy,pull_request,MaggieAppleton,User,human,110777624390,build,2026-10-02T09:08:51Z,2026-10-02T09:11:18Z,3,actions_linux,0.006,0.018000000000000002,ubuntu-latest
36988089603,31951,Doc Build - Deploy,pull_request,MaggieAppleton,User,human,110778397906,deploy,2026-10-02T09:11:18Z,2026-10-02T09:11:18Z,1,actions_linux,0.006,0.006,ubuntu-latest
36988089465,410,Visual Regression Checker,pull_request,MaggieAppleton,User,human,110777625267,pre_activation,2026-10-02T09:08:51Z,2026-10-02T09:09:08Z,1,actions_linux_slim,0.002,0.002,ubuntu-slim
36988089465,410,Visual Regression Checker,pull_request,MaggieAppleton,User,human,110777735866,activation,2026-10-02T09:09:15Z,2026-10-02T09:10:02Z,1,actions_linux_slim,0.002,0.002,ubuntu-slim
36988089465,410,Visual Regression Checker,pull_request,MaggieAppleton,User,human,110778008004,agent,2026-10-02T09:10:07Z,2026-10-02T09:12:54Z,3,actions_linux,0.006,0.018000000000000002,ubuntu-latest
36988089465,410,Visual Regression Checker,pull_request,MaggieAppleton,User,human,110778891168,detection,2026-10-02T09:12:58Z,2026-10-02T09:14:08Z,2,actions_linux,0.006,0.012,ubuntu-latest
36988089465,410,Visual Regression Checker,pull_request,MaggieAppleton,User,human,110779271933,safe_outputs,2026-10-02T09:14:14Z,2026-10-02T09:14:39Z,1,actions_linux_slim,0.002,0.002,ubuntu-slim
36988089465,410,Visual Regression Checker,pull_request,MaggieAppleton,User,human,110779434995,conclusion,2026-10-02T09:15:15Z,2026-10-02T09:15:45Z,1,actions_linux_slim,0.002,0.002,ubuntu-slim
36988086806,1264,Code scanning AI findings on PR #64937,dynamic,github-advanced-security[bot],Bot,bot,110777619899,github-advanced-security,2026-10-02T09:08:52Z,2026-10-02T09:12:46Z,4,actions_linux,0.006,0.024,ubuntu-latest
36987999098,409,Visual Regression Checker,pull_request,MaggieAppleton,User,human,110777334451,pre_activation,2026-10-02T09:07:55Z,2026-10-02T09:08:11Z,1,actions_linux_slim,0.002,0.002,ubuntu-slim
36987999098,409,Visual Regression Checker,pull_request,MaggieAppleton,User,human,110777451444,activation,2026-10-02T09:08:18Z,2026-10-02T09:09:07Z,1,actions_linux_slim,0.002,0.002,ubuntu-slim
36987999098,409,Visual Regression Checker,pull_request,MaggieAppleton,User,human,110777735099,agent,2026-10-02T09:09:13Z,2026-10-02T09:12:49Z,4,actions_linux,0.006,0.024,ubuntu-latest
36987999098,409,Visual Regression Checker,pull_request,MaggieAppleton,User,human,110778866674,detection,2026-10-02T09:12:54Z,2026-10-02T09:14:31Z,2,actions_linux,0.006,0.012,ubuntu-latest
36987999098,409,Visual Regression Checker,pull_request,MaggieAppleton,User,human,110779388972,safe_outputs,2026-10-02T09:14:35Z,2026-10-02T09:15:04Z,1,actions_linux_slim,0.002,0.002,ubuntu-slim
36987999098,409,Visual Regression Checker,pull_request,MaggieAppleton,User,human,110779561370,conclusion,2026-10-02T09:15:49Z,2026-10-02T09:16:14Z,1,actions_linux_slim,0.002,0.002,ubuntu-slim
36987999033,31950,Doc Build - Deploy,pull_request,MaggieAppleton,User,human,110777333736,build,2026-10-02T09:07:54Z,2026-10-02T09:10:09Z,3,actions_linux,0.006,0.018000000000000002,ubuntu-latest
36987999033,31950,Doc Build - Deploy,pull_request,MaggieAppleton,User,human,110778049583,deploy,2026-10-02T09:10:10Z,2026-10-02T09:10:09Z,1,actions_linux,0.006,0.006,ubuntu-latest
36987995400,1263,Code scanning AI findings on PR #64934,dynamic,github-advanced-security[bot],Bot,bot,110777329794,github-advanced-security,2026-10-02T09:07:55Z,2026-10-02T09:11:21Z,4,actions_linux,0.006,0.024,ubuntu-latest
36987618306,36157,Addressing comment on PR #64963,dynamic,Copilot,Bot,agent,110776143347,copilot,2026-10-02T09:04:05Z,2026-10-02T09:31:23Z,28,actions_linux,0.006,0.168,ubuntu-cca-77785908-7ef3-498a-9ae0-bbebb95125d3
36987609216,63167,Agentic Commands,issue_comment,gh-aw-bot,User,human,110776107867,route,2026-10-02T09:04:12Z,2026-10-02T09:04:46Z,1,actions_linux_slim,0.002,0.002,ubuntu-slim
36987609197,49578,AI Moderator,issue_comment,gh-aw-bot,User,human,110776110073,pre_activation,2026-10-02T09:03:52Z,2026-10-02T09:03:51Z,1,actions_linux_slim,0.002,0.002,ubuntu-slim
36987609197,49578,AI Moderator,issue_comment,gh-aw-bot,User,human,110776111257,activation,2026-10-02T09:03:52Z,2026-10-02T09:03:51Z,1,actions_linux_slim,0.002,0.002,ubuntu-slim
36987609197,49578,AI Moderator,issue_comment,gh-aw-bot,User,human,110776111729,agent,2026-10-02T09:03:52Z,2026-10-02T09:03:52Z,1,actions_linux,0.006,0.006,ubuntu-latest
36987609197,49578,AI Moderator,issue_comment,gh-aw-bot,User,human,110776112302,unlock,2026-10-02T09:03:52Z,2026-10-02T09:03:52Z,1,actions_linux_slim,0.002,0.002,ubuntu-slim
36987609197,49578,AI Moderator,issue_comment,gh-aw-bot,User,human,110776112862,push_evals_state,2026-10-02T09:03:52Z,2026-10-02T09:03:52Z,1,actions_linux_slim,0.002,0.002,ubuntu-slim
36987609197,49578,AI Moderator,issue_comment,gh-aw-bot,User,human,110776112875,evals,2026-10-02T09:03:52Z,2026-10-02T09:03:52Z,1,actions_linux,0.006,0.006,ubuntu-latest
36987609197,49578,AI Moderator,issue_comment,gh-aw-bot,User,human,110776113492,safe_outputs,2026-10-02T09:03:52Z,2026-10-02T09:03:52Z,1,actions_linux_slim,0.002,0.002,ubuntu-slim
36987609197,49578,AI Moderator,issue_comment,gh-aw-bot,User,human,110776113995,conclusion,2026-10-02T09:03:52Z,2026-10-02T09:03:52Z,1,actions_linux_slim,0.002,0.002,ubuntu-slim
36987609112,9665,"Squad — @copilot please address the requested review feedback and then run the `pr-finisher` skill before handing this PR back for maintainer investigation.

> Generated by [👨‍🍳 PR Sous Chef](https://github.com/github/gh-aw/actions/runs/36987094991) · pi · gpt54 · 9.99 AIC · ⌖ 8.42 AIC · ⊞ 9.7K · [◷](https://github.com/search?q=repo%3Agithub%2Fgh-aw+%22gh-aw-workflow-call-id%3A+github%2Fgh-aw%2Fpr-sous-chef%22&type=issues)
> <sub>Comment <em>/souschef</em> to run again</sub>

<!-- g...",issue_comment,gh-aw-bot,User,human,110776110226,pre_activation,2026-10-02T09:03:52Z,2026-10-02T09:03:51Z,1,actions_linux_slim,0.002,0.002,ubuntu-slim
36987609112,9665,"Squad — @copilot please address the requested review feedback and then run the `pr-finisher` skill before handing this PR back for maintainer investigation.

> Generated by [👨‍🍳 PR Sous Chef](https://github.com/github/gh-aw/actions/runs/36987094991) · pi · gpt54 · 9.99 AIC · ⌖ 8.42 AIC · ⊞ 9.7K · [◷](https://github.com/search?q=repo%3Agithub%2Fgh-aw+%22gh-aw-workflow-call-id%3A+github%2Fgh-aw%2Fpr-sous-chef%22&type=issues)
> <sub>Comment <em>/souschef</em> to run again</sub>

<!-- g...",issue_comment,gh-aw-bot,User,human,110776110521,activation,2026-10-02T09:03:52Z,2026-10-02T09:03:51Z,1,actions_linux_slim,0.002,0.002,ubuntu-slim
36987609112,9665,"Squad — @copilot please address the requested review feedback and then run the `pr-finisher` skill before handing this PR back for maintainer investigation.

> Generated by [👨‍🍳 PR Sous Chef](https://github.com/github/gh-aw/actions/runs/36987094991) · pi · gpt54 · 9.99 AIC · ⌖ 8.42 AIC · ⊞ 9.7K · [◷](https://github.com/search?q=repo%3Agithub%2Fgh-aw+%22gh-aw-workflow-call-id%3A+github%2Fgh-aw%2Fpr-sous-chef%22&type=issues)
> <sub>Comment <em>/souschef</em> to run again</sub>

<!-- g...",issue_comment,gh-aw-bot,User,human,110776110853,agent,2026-10-02T09:03:52Z,2026-10-02T09:03:51Z,1,actions_linux,0.006,0.006,ubuntu-latest
36987609112,9665,"Squad — @copilot please address the requested review feedback and then run the `pr-finisher` skill before handing this PR back for maintainer investigation.

> Generated by [👨‍🍳 PR Sous Chef](https://github.com/github/gh-aw/actions/runs/36987094991) · pi · gpt54 · 9.99 AIC · ⌖ 8.42 AIC · ⊞ 9.7K · [◷](https://github.com/search?q=repo%3Agithub%2Fgh-aw+%22gh-aw-workflow-call-id%3A+github%2Fgh-aw%2Fpr-sous-chef%22&type=issues)
> <sub>Comment <em>/souschef</em> to run again</sub>

<!-- g...",issue_comment,gh-aw-bot,User,human,110776111526,detection,2026-10-02T09:03:52Z,2026-10-02T09:03:52Z,1,actions_linux,0.006,0.006,ubuntu-latest
36987609112,9665,"Squad — @copilot please address the requested review feedback and then run the `pr-finisher` skill before handing this PR back for maintainer investigation.

> Generated by [👨‍🍳 PR Sous Chef](https://github.com/github/gh-aw/actions/runs/36987094991) · pi · gpt54 · 9.99 AIC · ⌖ 8.42 AIC · ⊞ 9.7K · [◷](https://github.com/search?q=repo%3Agithub%2Fgh-aw+%22gh-aw-workflow-call-id%3A+github%2Fgh-aw%2Fpr-sous-chef%22&type=issues)
> <sub>Comment <em>/souschef</em> to run again</sub>

<!-- g...",issue_comment,gh-aw-bot,User,human,110776112278,safe_outputs,2026-10-02T09:03:52Z,2026-10-02T09:03:52Z,1,actions_linux_slim,0.002,0.002,ubuntu-slim
36987609112,9665,"Squad — @copilot please address the requested review feedback and then run the `pr-finisher` skill before handing this PR back for maintainer investigation.

> Generated by [👨‍🍳 PR Sous Chef](https://github.com/github/gh-aw/actions/runs/36987094991) · pi · gpt54 · 9.99 AIC · ⌖ 8.42 AIC · ⊞ 9.7K · [◷](https://github.com/search?q=repo%3Agithub%2Fgh-aw+%22gh-aw-workflow-call-id%3A+github%2Fgh-aw%2Fpr-sous-chef%22&type=issues)
> <sub>Comment <em>/souschef</em> to run again</sub>

<!-- g...",issue_comment,gh-aw-bot,User,human,110776113132,conclusion,2026-10-02T09:03:52Z,2026-10-02T09:03:52Z,1,actions_linux_slim,0.002,0.002,ubuntu-slim
36987609111,127769,Q,issue_comment,gh-aw-bot,User,human,110776110041,pre_activation,2026-10-02T09:03:52Z,2026-10-02T09:03:51Z,1,actions_linux_slim,0.002,0.002,ubuntu-slim
36987609111,127769,Q,issue_comment,gh-aw-bot,User,human,110776110786,agent,2026-10-02T09:03:52Z,2026-10-02T09:03:51Z,1,actions_linux,0.006,0.006,ubuntu-latest
36987609111,127769,Q,issue_comment,gh-aw-bot,User,human,110776111601,detection,2026-10-02T09:03:52Z,2026-10-02T09:03:51Z,1,actions_linux,0.006,0.006,ubuntu-latest
36987609111,127769,Q,issue_comment,gh-aw-bot,User,human,110776111818,safe_outputs,2026-10-02T09:03:52Z,2026-10-02T09:03:51Z,1,actions_linux_slim,0.002,0.002,ubuntu-slim
36987609111,127769,Q,issue_comment,gh-aw-bot,User,human,110776112289,conclusion,2026-10-02T09:03:52Z,2026-10-02T09:03:52Z,1,actions_linux_slim,0.002,0.002,ubuntu-slim
36987609111,127769,Q,issue_comment,gh-aw-bot,User,human,110776138428,activation,2026-10-02T09:03:57Z,2026-10-02T09:03:51Z,1,actions_linux_slim,0.002,0.002,ubuntu-slim
