run_id,run_number,workflow,event,actor_login,actor_type,class,job_id,job_name,started_at,completed_at,minutes,sku,rate_usd_per_min,cost_usd,runner_labels
37002343980,68555,Code OSS,pull_request,Giuspepe,User,human,110822965008,Copilot - Check Telemetry,2026-10-02T11:42:09Z,2026-10-02T11:42:31Z,1,self_hosted,0,0,self-hosted|1ES.Pool=1es-vscode-oss-ubuntu-22.04-x64|JobId=copilot-check-telemetry-37002343980-68555-1
37002343980,68555,Code OSS,pull_request,Giuspepe,User,human,110822965009,Copilot - Check Test Cache,2026-10-02T11:42:13Z,2026-10-02T11:42:47Z,1,self_hosted,0,0,self-hosted|1ES.Pool=1es-vscode-oss-ubuntu-22.04-x64|JobId=copilot-check-test-cache-37002343980-68555-1
37002343764,36827,chat-lib tests,pull_request,Giuspepe,User,human,110822675944,chat-lib tests (macos-latest),2026-10-02T11:41:08Z,2026-10-02T11:42:42Z,2,actions_macos,0.062,0.124,macos-latest
37002343764,36827,chat-lib tests,pull_request,Giuspepe,User,human,110822676010,chat-lib tests (ubuntu-latest),2026-10-02T11:41:06Z,2026-10-02T11:42:46Z,2,actions_linux,0.006,0.012,ubuntu-latest
37002343678,119587,Telemetry,pull_request,Giuspepe,User,human,110822674395,Check metadata,2026-10-02T11:41:05Z,2026-10-02T11:42:13Z,2,actions_linux,0.006,0.012,ubuntu-latest
37002046255,68554,Code OSS,pull_request,lszomoru,User,human,110821733733,Copilot - Check Test Cache,2026-10-02T11:38:03Z,2026-10-02T11:38:34Z,1,self_hosted,0,0,self-hosted|1ES.Pool=1es-vscode-oss-ubuntu-22.04-x64|JobId=copilot-check-test-cache-37002046255-68554-1
37002046255,68554,Code OSS,pull_request,lszomoru,User,human,110821733825,Linux / CLI,2026-10-02T11:38:02Z,2026-10-02T11:39:51Z,2,self_hosted,0,0,self-hosted|1ES.Pool=1es-vscode-oss-ubuntu-22.04-x64|JobId=linux-cli-test-CLI-37002046255-68554-1
37002046255,68554,Code OSS,pull_request,lszomoru,User,human,110821734138,Copilot - Check Telemetry,2026-10-02T11:37:57Z,2026-10-02T11:38:18Z,1,self_hosted,0,0,self-hosted|1ES.Pool=1es-vscode-oss-ubuntu-22.04-x64|JobId=copilot-check-telemetry-37002046255-68554-1
37002046130,175107,Monaco Editor checks,pull_request,lszomoru,User,human,110821733166,Monaco Editor checks,2026-10-02T11:37:51Z,2026-10-02T11:42:44Z,5,actions_linux,0.006,0.03,ubuntu-latest
37002046115,119586,Telemetry,pull_request,lszomoru,User,human,110821733490,Check metadata,2026-10-02T11:37:51Z,2026-10-02T11:39:04Z,2,actions_linux,0.006,0.012,ubuntu-latest
37002045949,13645,CodeQL,pull_request,lszomoru,User,human,110821731009,Analyze (rust),2026-10-02T11:37:51Z,2026-10-02T11:41:05Z,4,actions_linux,0.006,0.024,ubuntu-latest
37002045920,36826,chat-lib tests,pull_request,lszomoru,User,human,110821731340,chat-lib tests (ubuntu-latest),2026-10-02T11:37:51Z,2026-10-02T11:39:25Z,2,actions_linux,0.006,0.012,ubuntu-latest
37002045920,36826,chat-lib tests,pull_request,lszomoru,User,human,110821731569,chat-lib tests (windows-latest),2026-10-02T11:37:49Z,2026-10-02T11:40:29Z,3,actions_windows,0.01,0.03,windows-latest
37002045920,36826,chat-lib tests,pull_request,lszomoru,User,human,110821731815,chat-lib tests (macos-latest),2026-10-02T11:37:57Z,2026-10-02T11:40:18Z,3,actions_macos,0.062,0.186,macos-latest
37002038339,68553,Code OSS,pull_request,ulugbekna,User,human,110822145415,Copilot - Check Test Cache,2026-10-02T11:39:27Z,2026-10-02T11:40:00Z,1,self_hosted,0,0,self-hosted|1ES.Pool=1es-vscode-oss-ubuntu-22.04-x64|JobId=copilot-check-test-cache-37002038339-68553-1
37002038339,68553,Code OSS,pull_request,ulugbekna,User,human,110822145479,Copilot - Check Telemetry,2026-10-02T11:39:22Z,2026-10-02T11:39:44Z,1,self_hosted,0,0,self-hosted|1ES.Pool=1es-vscode-oss-ubuntu-22.04-x64|JobId=copilot-check-telemetry-37002038339-68553-1
37002038339,68553,Code OSS,pull_request,ulugbekna,User,human,110822145561,Linux / CLI,2026-10-02T11:39:26Z,2026-10-02T11:41:28Z,3,self_hosted,0,0,self-hosted|1ES.Pool=1es-vscode-oss-ubuntu-22.04-x64|JobId=linux-cli-test-CLI-37002038339-68553-1
37002038143,119585,Telemetry,pull_request,ulugbekna,User,human,110821704759,Check metadata,2026-10-02T11:37:44Z,2026-10-02T11:39:00Z,2,actions_linux,0.006,0.012,ubuntu-latest
37002038117,13644,CodeQL,pull_request,ulugbekna,User,human,110821703727,Analyze (rust),2026-10-02T11:37:46Z,2026-10-02T11:42:56Z,6,actions_linux,0.006,0.036000000000000004,ubuntu-latest
37002038081,175106,Monaco Editor checks,pull_request,ulugbekna,User,human,110821703628,Monaco Editor checks,2026-10-02T11:37:44Z,2026-10-02T11:42:34Z,5,actions_linux,0.006,0.03,ubuntu-latest
37002038060,36825,chat-lib tests,pull_request,ulugbekna,User,human,110821703572,chat-lib tests (macos-latest),2026-10-02T11:37:48Z,2026-10-02T11:39:21Z,2,actions_macos,0.062,0.124,macos-latest
37002038060,36825,chat-lib tests,pull_request,ulugbekna,User,human,110821703784,chat-lib tests (windows-latest),2026-10-02T11:37:44Z,2026-10-02T11:40:50Z,4,actions_windows,0.01,0.04,windows-latest
37002038060,36825,chat-lib tests,pull_request,ulugbekna,User,human,110821703785,chat-lib tests (ubuntu-latest),2026-10-02T11:37:44Z,2026-10-02T11:39:22Z,2,actions_linux,0.006,0.012,ubuntu-latest
37001826235,37867,Component Fixtures,push,lszomoru,User,human,110821030712,Playwright Fixture Tests,2026-10-02T11:35:26Z,2026-10-02T11:42:35Z,8,actions_linux,0.006,0.048,ubuntu-latest
37001826215,175105,Monaco Editor checks,push,lszomoru,User,human,110821030200,Monaco Editor checks,2026-10-02T11:35:25Z,2026-10-02T11:40:31Z,6,actions_linux,0.006,0.036000000000000004,ubuntu-latest
37001826169,13643,CodeQL,push,lszomoru,User,human,110821029654,Analyze (rust),2026-10-02T11:35:26Z,2026-10-02T11:41:06Z,6,actions_linux,0.006,0.036000000000000004,ubuntu-latest
37001826084,18852,Code OSS (node_modules),push,lszomoru,User,human,110821029282,Copilot (Linux),2026-10-02T11:35:33Z,2026-10-02T11:35:51Z,1,self_hosted,0,0,self-hosted|1ES.Pool=1es-vscode-oss-ubuntu-22.04-x64|JobId=copilot-linux-37001826084-18852-1
37001826084,18852,Code OSS (node_modules),push,lszomoru,User,human,110821029392,macOS,2026-10-02T11:35:29Z,2026-10-02T11:35:53Z,1,macos_xl,0.102,0.102,macos-26-xlarge
37001826084,18852,Code OSS (node_modules),push,lszomoru,User,human,110821029570,Linux,2026-10-02T11:35:33Z,2026-10-02T11:35:50Z,1,self_hosted,0,0,self-hosted|1ES.Pool=1es-vscode-oss-ubuntu-22.04-x64|JobId=linux-37001826084-18852-1
37001826084,18852,Code OSS (node_modules),push,lszomoru,User,human,110821029648,Windows,2026-10-02T11:35:32Z,2026-10-02T11:36:08Z,1,self_hosted,0,0,self-hosted|1ES.Pool=1es-vscode-oss-windows-2022-x64|JobId=windows-37001826084-18852-1
37001826084,18852,Code OSS (node_modules),push,lszomoru,User,human,110821029726,Copilot (Windows),2026-10-02T11:35:32Z,2026-10-02T11:36:04Z,1,self_hosted,0,0,self-hosted|1ES.Pool=1es-vscode-oss-windows-2022-x64|JobId=copilot-windows-37001826084-18852-1
37001826084,18852,Code OSS (node_modules),push,lszomoru,User,human,110821029849,Compile,2026-10-02T11:35:33Z,2026-10-02T11:36:11Z,1,self_hosted,0,0,self-hosted|1ES.Pool=1es-vscode-oss-ubuntu-22.04-x64|JobId=compile-37001826084-18852-1
37000646280,9859,Running Copilot Code Review,dynamic,Copilot,Bot,agent,110817332776,copilot-pull-request-reviewer,2026-10-02T11:22:42Z,2026-10-02T11:29:22Z,7,actions_linux,0.006,0.042,vscode-large-runners
37000636285,68552,Code OSS,pull_request,ulugbekna,User,human,110817298925,Compile & Hygiene,2026-10-02T11:22:36Z,2026-10-02T11:28:43Z,7,self_hosted,0,0,self-hosted|1ES.Pool=1es-vscode-oss-ubuntu-22.04-x64|JobId=compile-37000636285-68552-1
37000636285,68552,Code OSS,pull_request,ulugbekna,User,human,110817298932,macOS / Browser,2026-10-02T11:22:34Z,2026-10-02T11:33:50Z,12,macos_xl,0.102,1.224,macos-26-xlarge
37000636285,68552,Code OSS,pull_request,ulugbekna,User,human,110817298981,macOS / Electron-Unit,2026-10-02T11:22:34Z,2026-10-02T11:30:06Z,8,macos_xl,0.102,0.816,macos-26-xlarge
37000636285,68552,Code OSS,pull_request,ulugbekna,User,human,110817299014,macOS / Remote,2026-10-02T11:22:34Z,2026-10-02T11:33:18Z,11,macos_xl,0.102,1.1219999999999999,macos-26-xlarge
37000636285,68552,Code OSS,pull_request,ulugbekna,User,human,110817299021,Linux / Browser,2026-10-02T11:22:32Z,2026-10-02T11:35:19Z,13,actions_linux,0.006,0.078,ubuntu-24.04
37000636285,68552,Code OSS,pull_request,ulugbekna,User,human,110817299023,Copilot - Check Telemetry,2026-10-02T11:22:37Z,2026-10-02T11:22:55Z,1,self_hosted,0,0,self-hosted|1ES.Pool=1es-vscode-oss-ubuntu-22.04-x64|JobId=copilot-check-telemetry-37000636285-68552-1
37000636285,68552,Code OSS,pull_request,ulugbekna,User,human,110817299027,Copilot - Test (Windows),2026-10-02T11:22:36Z,2026-10-02T11:29:43Z,8,self_hosted,0,0,self-hosted|1ES.Pool=1es-vscode-oss-windows-2022-x64|JobId=copilot-windows-tests-37000636285-68552-1
37000636285,68552,Code OSS,pull_request,ulugbekna,User,human,110817299034,Windows / Electron,2026-10-02T11:22:37Z,2026-10-02T11:34:02Z,12,self_hosted,0,0,self-hosted|1ES.Pool=1es-vscode-oss-windows-2022-x64|JobId=windows-test-Electron-37000636285-68552-1
37000636285,68552,Code OSS,pull_request,ulugbekna,User,human,110817299039,macOS / Electron-Smoke,2026-10-02T11:22:34Z,2026-10-02T11:38:15Z,16,macos_xl,0.102,1.632,macos-26-xlarge
37000636285,68552,Code OSS,pull_request,ulugbekna,User,human,110817299055,Copilot - Test (Linux),2026-10-02T11:22:38Z,2026-10-02T11:28:38Z,6,self_hosted,0,0,self-hosted|1ES.Pool=1es-vscode-oss-ubuntu-22.04-x64|JobId=copilot-linux-tests-37000636285-68552-1
37000636285,68552,Code OSS,pull_request,ulugbekna,User,human,110817299081,Windows / Electron-Smoke,2026-10-02T11:22:36Z,2026-10-02T11:38:47Z,17,self_hosted,0,0,self-hosted|1ES.Pool=1es-vscode-oss-windows-2022-x64|JobId=windows-test-Electron-Smoke-37000636285-68552-1
37000636285,68552,Code OSS,pull_request,ulugbekna,User,human,110817299101,Windows / Remote,2026-10-02T11:22:35Z,2026-10-02T11:36:17Z,14,self_hosted,0,0,self-hosted|1ES.Pool=1es-vscode-oss-windows-2022-x64|JobId=windows-test-Remote-37000636285-68552-1
37000636285,68552,Code OSS,pull_request,ulugbekna,User,human,110817299105,Copilot - Check Test Cache,2026-10-02T11:22:37Z,2026-10-02T11:23:05Z,1,self_hosted,0,0,self-hosted|1ES.Pool=1es-vscode-oss-ubuntu-22.04-x64|JobId=copilot-check-test-cache-37000636285-68552-1
37000636285,68552,Code OSS,pull_request,ulugbekna,User,human,110817299120,Windows / Browser,2026-10-02T11:22:35Z,2026-10-02T11:35:22Z,13,self_hosted,0,0,self-hosted|1ES.Pool=1es-vscode-oss-windows-2022-x64|JobId=windows-test-Browser-37000636285-68552-1
37000636285,68552,Code OSS,pull_request,ulugbekna,User,human,110817299121,Linux / Electron-Unit,2026-10-02T11:22:31Z,2026-10-02T11:31:55Z,10,actions_linux,0.006,0.06,ubuntu-24.04
37000636285,68552,Code OSS,pull_request,ulugbekna,User,human,110817299152,Windows / Electron-Unit,2026-10-02T11:22:36Z,2026-10-02T11:32:24Z,10,self_hosted,0,0,self-hosted|1ES.Pool=1es-vscode-oss-windows-2022-x64|JobId=windows-test-Electron-Unit-37000636285-68552-1
37000636285,68552,Code OSS,pull_request,ulugbekna,User,human,110817299169,Linux / CLI,2026-10-02T11:22:37Z,2026-10-02T11:24:29Z,2,self_hosted,0,0,self-hosted|1ES.Pool=1es-vscode-oss-ubuntu-22.04-x64|JobId=linux-cli-test-CLI-37000636285-68552-1
37000636285,68552,Code OSS,pull_request,ulugbekna,User,human,110817299202,Linux / Electron,2026-10-02T11:22:33Z,2026-10-02T11:32:26Z,10,actions_linux,0.006,0.06,ubuntu-24.04
37000636285,68552,Code OSS,pull_request,ulugbekna,User,human,110817299253,macOS / Electron,2026-10-02T11:22:34Z,2026-10-02T11:30:13Z,8,macos_xl,0.102,0.816,macos-26-xlarge
37000636285,68552,Code OSS,pull_request,ulugbekna,User,human,110817299267,Linux / Remote,2026-10-02T11:22:31Z,2026-10-02T11:37:02Z,15,actions_linux,0.006,0.09,ubuntu-24.04
37000636285,68552,Code OSS,pull_request,ulugbekna,User,human,110817299295,Linux / Electron-Smoke,2026-10-02T11:22:31Z,2026-10-02T11:39:09Z,17,actions_linux,0.006,0.10200000000000001,ubuntu-24.04
37000636094,175104,Monaco Editor checks,pull_request,ulugbekna,User,human,110817295975,Monaco Editor checks,2026-10-02T11:22:32Z,2026-10-02T11:27:29Z,5,actions_linux,0.006,0.03,ubuntu-latest
37000635940,36824,chat-lib tests,pull_request,ulugbekna,User,human,110817295678,chat-lib tests (ubuntu-latest),2026-10-02T11:22:32Z,2026-10-02T11:24:14Z,2,actions_linux,0.006,0.012,ubuntu-latest
37000635940,36824,chat-lib tests,pull_request,ulugbekna,User,human,110817295979,chat-lib tests (windows-latest),2026-10-02T11:22:30Z,2026-10-02T11:25:04Z,3,actions_windows,0.01,0.03,windows-latest
37000635940,36824,chat-lib tests,pull_request,ulugbekna,User,human,110817296012,chat-lib tests (macos-latest),2026-10-02T11:22:37Z,2026-10-02T11:24:43Z,3,actions_macos,0.062,0.186,macos-latest
37000635926,13642,CodeQL,pull_request,ulugbekna,User,human,110817295431,Analyze (rust),2026-10-02T11:22:32Z,2026-10-02T11:27:37Z,6,actions_linux,0.006,0.036000000000000004,ubuntu-latest
37000635926,13642,CodeQL,pull_request,ulugbekna,User,human,110817295658,Analyze (javascript-typescript),2026-10-02T11:22:31Z,2026-10-02T11:28:27Z,6,actions_linux,0.006,0.036000000000000004,ubuntu-latest
37000635859,37866,Component Fixtures,pull_request,ulugbekna,User,human,110817295266,Screenshots,2026-10-02T11:22:32Z,2026-10-02T11:30:32Z,8,actions_linux,0.006,0.048,ubuntu-latest
37000635859,37866,Component Fixtures,pull_request,ulugbekna,User,human,110817295422,Playwright Fixture Tests,2026-10-02T11:22:32Z,2026-10-02T11:29:38Z,8,actions_linux,0.006,0.048,ubuntu-latest
37000635859,37866,Component Fixtures,pull_request,ulugbekna,User,human,110819636007,Screenshots & Tests,2026-10-02T11:30:38Z,2026-10-02T11:30:41Z,1,actions_linux,0.006,0.006,ubuntu-latest
37000635858,119584,Telemetry,pull_request,ulugbekna,User,human,110817295101,Check metadata,2026-10-02T11:22:32Z,2026-10-02T11:23:47Z,2,actions_linux,0.006,0.012,ubuntu-latest
37000261821,68551,Code OSS,pull_request,Giuspepe,User,human,110816487070,Compile & Hygiene,2026-10-02T11:19:50Z,2026-10-02T11:26:19Z,7,self_hosted,0,0,self-hosted|1ES.Pool=1es-vscode-oss-ubuntu-22.04-x64|JobId=compile-37000261821-68551-1
37000261821,68551,Code OSS,pull_request,Giuspepe,User,human,110816487248,Linux / Electron-Smoke,2026-10-02T11:19:41Z,2026-10-02T11:40:32Z,21,actions_linux,0.006,0.126,ubuntu-24.04
37000261821,68551,Code OSS,pull_request,Giuspepe,User,human,110816487313,macOS / Browser,2026-10-02T11:19:44Z,2026-10-02T11:26:34Z,7,macos_xl,0.102,0.714,macos-26-xlarge
37000261821,68551,Code OSS,pull_request,Giuspepe,User,human,110816487325,macOS / Electron,2026-10-02T11:19:43Z,2026-10-02T11:31:09Z,12,macos_xl,0.102,1.224,macos-26-xlarge
37000261821,68551,Code OSS,pull_request,Giuspepe,User,human,110816487330,Linux / Electron,2026-10-02T11:19:41Z,2026-10-02T11:33:04Z,14,actions_linux,0.006,0.084,ubuntu-24.04
37000261821,68551,Code OSS,pull_request,Giuspepe,User,human,110816487333,Copilot - Test (Windows),2026-10-02T11:19:49Z,2026-10-02T11:30:29Z,11,self_hosted,0,0,self-hosted|1ES.Pool=1es-vscode-oss-windows-2022-x64|JobId=copilot-windows-tests-37000261821-68551-1
37000261821,68551,Code OSS,pull_request,Giuspepe,User,human,110816487354,Copilot - Check Test Cache,2026-10-02T11:19:48Z,2026-10-02T11:20:17Z,1,self_hosted,0,0,self-hosted|1ES.Pool=1es-vscode-oss-ubuntu-22.04-x64|JobId=copilot-check-test-cache-37000261821-68551-1
37000261821,68551,Code OSS,pull_request,Giuspepe,User,human,110816487355,Linux / CLI,2026-10-02T11:19:49Z,2026-10-02T11:21:42Z,2,self_hosted,0,0,self-hosted|1ES.Pool=1es-vscode-oss-ubuntu-22.04-x64|JobId=linux-cli-test-CLI-37000261821-68551-1
37000261821,68551,Code OSS,pull_request,Giuspepe,User,human,110816487385,Copilot - Check Telemetry,2026-10-02T11:19:48Z,2026-10-02T11:20:10Z,1,self_hosted,0,0,self-hosted|1ES.Pool=1es-vscode-oss-ubuntu-22.04-x64|JobId=copilot-check-telemetry-37000261821-68551-1
37000261821,68551,Code OSS,pull_request,Giuspepe,User,human,110816487392,Windows / Electron,2026-10-02T11:19:50Z,2026-10-02T11:41:58Z,23,self_hosted,0,0,self-hosted|1ES.Pool=1es-vscode-oss-windows-2022-x64|JobId=windows-test-Electron-37000261821-68551-1
37000261821,68551,Code OSS,pull_request,Giuspepe,User,human,110816487395,Linux / Browser,2026-10-02T11:19:41Z,2026-10-02T11:25:51Z,7,actions_linux,0.006,0.042,ubuntu-24.04
37000261821,68551,Code OSS,pull_request,Giuspepe,User,human,110816487413,Windows / Browser,2026-10-02T11:19:47Z,2026-10-02T11:28:40Z,9,self_hosted,0,0,self-hosted|1ES.Pool=1es-vscode-oss-windows-2022-x64|JobId=windows-test-Browser-37000261821-68551-1
37000261821,68551,Code OSS,pull_request,Giuspepe,User,human,110816487441,macOS / Electron-Smoke,2026-10-02T11:19:43Z,2026-10-02T11:38:31Z,19,macos_xl,0.102,1.938,macos-26-xlarge
37000261821,68551,Code OSS,pull_request,Giuspepe,User,human,110816487449,Copilot - Test (Linux),2026-10-02T11:19:49Z,2026-10-02T11:28:38Z,9,self_hosted,0,0,self-hosted|1ES.Pool=1es-vscode-oss-ubuntu-22.04-x64|JobId=copilot-linux-tests-37000261821-68551-1
37000261821,68551,Code OSS,pull_request,Giuspepe,User,human,110816487557,Linux / Electron-Unit,2026-10-02T11:19:41Z,2026-10-02T11:27:21Z,8,actions_linux,0.006,0.048,ubuntu-24.04
37000261821,68551,Code OSS,pull_request,Giuspepe,User,human,110816487560,macOS / Electron-Unit,2026-10-02T11:19:43Z,2026-10-02T11:30:18Z,11,macos_xl,0.102,1.1219999999999999,macos-26-xlarge
37000261821,68551,Code OSS,pull_request,Giuspepe,User,human,110816487622,Windows / Electron-Unit,2026-10-02T11:19:49Z,2026-10-02T11:28:43Z,9,self_hosted,0,0,self-hosted|1ES.Pool=1es-vscode-oss-windows-2022-x64|JobId=windows-test-Electron-Unit-37000261821-68551-1
37000261821,68551,Code OSS,pull_request,Giuspepe,User,human,110816487623,Linux / Remote,2026-10-02T11:19:41Z,2026-10-02T11:34:03Z,15,actions_linux,0.006,0.09,ubuntu-24.04
37000261821,68551,Code OSS,pull_request,Giuspepe,User,human,110816487628,macOS / Remote,2026-10-02T11:19:44Z,2026-10-02T11:30:18Z,11,macos_xl,0.102,1.1219999999999999,macos-26-xlarge
37000261821,68551,Code OSS,pull_request,Giuspepe,User,human,110816487691,Windows / Electron-Smoke,2026-10-02T11:19:47Z,2026-10-02T11:39:16Z,20,self_hosted,0,0,self-hosted|1ES.Pool=1es-vscode-oss-windows-2022-x64|JobId=windows-test-Electron-Smoke-37000261821-68551-1
37000261821,68551,Code OSS,pull_request,Giuspepe,User,human,110816487779,Windows / Remote,2026-10-02T11:19:48Z,2026-10-02T11:33:07Z,14,self_hosted,0,0,self-hosted|1ES.Pool=1es-vscode-oss-windows-2022-x64|JobId=windows-test-Remote-37000261821-68551-1
37000261380,13641,CodeQL,pull_request,Giuspepe,User,human,110816110621,Analyze (rust),2026-10-02T11:18:23Z,2026-10-02T11:22:38Z,5,actions_linux,0.006,0.03,ubuntu-latest
37000261380,13641,CodeQL,pull_request,Giuspepe,User,human,110816110876,Analyze (javascript-typescript),2026-10-02T11:18:23Z,2026-10-02T11:23:10Z,5,actions_linux,0.006,0.03,ubuntu-latest
37000261324,175103,Monaco Editor checks,pull_request,Giuspepe,User,human,110816109791,Monaco Editor checks,2026-10-02T11:18:18Z,2026-10-02T11:21:54Z,4,actions_linux,0.006,0.024,ubuntu-latest
37000261311,119583,Telemetry,pull_request,Giuspepe,User,human,110816109956,Check metadata,2026-10-02T11:18:18Z,2026-10-02T11:19:39Z,2,actions_linux,0.006,0.012,ubuntu-latest
37000261285,37865,Component Fixtures,pull_request,Giuspepe,User,human,110816680610,Playwright Fixture Tests,2026-10-02T11:20:21Z,2026-10-02T11:27:31Z,8,actions_linux,0.006,0.048,ubuntu-latest
37000261285,37865,Component Fixtures,pull_request,Giuspepe,User,human,110816680901,Screenshots,2026-10-02T11:20:21Z,2026-10-02T11:28:46Z,9,actions_linux,0.006,0.054,ubuntu-latest
37000261285,37865,Component Fixtures,pull_request,Giuspepe,User,human,110819124833,Screenshots & Tests,2026-10-02T11:28:51Z,2026-10-02T11:28:55Z,1,actions_linux,0.006,0.006,ubuntu-latest
37000261283,36823,chat-lib tests,pull_request,Giuspepe,User,human,110816110034,chat-lib tests (ubuntu-latest),2026-10-02T11:18:18Z,2026-10-02T11:19:57Z,2,actions_linux,0.006,0.012,ubuntu-latest
37000261283,36823,chat-lib tests,pull_request,Giuspepe,User,human,110816110280,chat-lib tests (windows-latest),2026-10-02T11:18:24Z,2026-10-02T11:21:33Z,4,actions_windows,0.01,0.04,windows-latest
37000261283,36823,chat-lib tests,pull_request,Giuspepe,User,human,110816110435,chat-lib tests (macos-latest),2026-10-02T11:18:29Z,2026-10-02T11:20:47Z,3,actions_macos,0.062,0.186,macos-latest
37000239615,9858,Running Copilot Code Review,dynamic,Copilot,Bot,agent,110816043895,copilot-pull-request-reviewer,2026-10-02T11:18:10Z,2026-10-02T11:24:26Z,7,actions_linux,0.006,0.042,vscode-large-runners
36999877010,68550,Code OSS,pull_request,Giuspepe,User,human,110815262852,Copilot - Check Test Cache,2026-10-02T11:15:35Z,2026-10-02T11:16:08Z,1,self_hosted,0,0,self-hosted|1ES.Pool=1es-vscode-oss-ubuntu-22.04-x64|JobId=copilot-check-test-cache-36999877010-68550-1
36999877010,68550,Code OSS,pull_request,Giuspepe,User,human,110815263039,Compile & Hygiene,2026-10-02T11:15:34Z,2026-10-02T11:18:35Z,4,self_hosted,0,0,self-hosted|1ES.Pool=1es-vscode-oss-ubuntu-22.04-x64|JobId=compile-36999877010-68550-1
36999877010,68550,Code OSS,pull_request,Giuspepe,User,human,110815263050,macOS / Electron-Smoke,2026-10-02T11:15:29Z,2026-10-02T11:19:32Z,5,macos_xl,0.102,0.51,macos-26-xlarge
36999877010,68550,Code OSS,pull_request,Giuspepe,User,human,110815263078,Copilot - Check Telemetry,2026-10-02T11:15:38Z,2026-10-02T11:15:58Z,1,self_hosted,0,0,self-hosted|1ES.Pool=1es-vscode-oss-ubuntu-22.04-x64|JobId=copilot-check-telemetry-36999877010-68550-1
36999877010,68550,Code OSS,pull_request,Giuspepe,User,human,110815263099,macOS / Remote,2026-10-02T11:15:29Z,2026-10-02T11:19:27Z,4,macos_xl,0.102,0.408,macos-26-xlarge
36999877010,68550,Code OSS,pull_request,Giuspepe,User,human,110815263111,Windows / Electron-Unit,2026-10-02T11:15:33Z,2026-10-02T11:18:48Z,4,self_hosted,0,0,self-hosted|1ES.Pool=1es-vscode-oss-windows-2022-x64|JobId=windows-test-Electron-Unit-36999877010-68550-1
36999877010,68550,Code OSS,pull_request,Giuspepe,User,human,110815263130,macOS / Browser,2026-10-02T11:15:30Z,2026-10-02T11:18:49Z,4,macos_xl,0.102,0.408,macos-26-xlarge
36999877010,68550,Code OSS,pull_request,Giuspepe,User,human,110815263174,Linux / CLI,2026-10-02T11:15:38Z,2026-10-02T11:17:28Z,2,self_hosted,0,0,self-hosted|1ES.Pool=1es-vscode-oss-ubuntu-22.04-x64|JobId=linux-cli-test-CLI-36999877010-68550-1
36999877010,68550,Code OSS,pull_request,Giuspepe,User,human,110815263184,Linux / Browser,2026-10-02T11:15:27Z,2026-10-02T11:18:49Z,4,actions_linux,0.006,0.024,ubuntu-24.04
36999877010,68550,Code OSS,pull_request,Giuspepe,User,human,110815263185,Windows / Electron,2026-10-02T11:15:34Z,2026-10-02T11:18:47Z,4,self_hosted,0,0,self-hosted|1ES.Pool=1es-vscode-oss-windows-2022-x64|JobId=windows-test-Electron-36999877010-68550-1
36999877010,68550,Code OSS,pull_request,Giuspepe,User,human,110815263194,Windows / Browser,2026-10-02T11:15:35Z,2026-10-02T11:18:42Z,4,self_hosted,0,0,self-hosted|1ES.Pool=1es-vscode-oss-windows-2022-x64|JobId=windows-test-Browser-36999877010-68550-1
36999877010,68550,Code OSS,pull_request,Giuspepe,User,human,110815263196,Linux / Electron,2026-10-02T11:15:29Z,2026-10-02T11:19:33Z,5,actions_linux,0.006,0.03,ubuntu-24.04
36999877010,68550,Code OSS,pull_request,Giuspepe,User,human,110815263202,Copilot - Test (Linux),2026-10-02T11:15:35Z,2026-10-02T11:18:52Z,4,self_hosted,0,0,self-hosted|1ES.Pool=1es-vscode-oss-ubuntu-22.04-x64|JobId=copilot-linux-tests-36999877010-68550-1
36999877010,68550,Code OSS,pull_request,Giuspepe,User,human,110815263213,Copilot - Test (Windows),2026-10-02T11:15:34Z,2026-10-02T11:18:38Z,4,self_hosted,0,0,self-hosted|1ES.Pool=1es-vscode-oss-windows-2022-x64|JobId=copilot-windows-tests-36999877010-68550-1
36999877010,68550,Code OSS,pull_request,Giuspepe,User,human,110815263228,Linux / Electron-Smoke,2026-10-02T11:15:27Z,2026-10-02T11:19:31Z,5,actions_linux,0.006,0.03,ubuntu-24.04
36999877010,68550,Code OSS,pull_request,Giuspepe,User,human,110815263243,macOS / Electron,2026-10-02T11:15:29Z,2026-10-02T11:19:33Z,5,macos_xl,0.102,0.51,macos-26-xlarge
36999877010,68550,Code OSS,pull_request,Giuspepe,User,human,110815263247,Windows / Electron-Smoke,2026-10-02T11:15:34Z,2026-10-02T11:18:41Z,4,self_hosted,0,0,self-hosted|1ES.Pool=1es-vscode-oss-windows-2022-x64|JobId=windows-test-Electron-Smoke-36999877010-68550-1
36999877010,68550,Code OSS,pull_request,Giuspepe,User,human,110815263323,Linux / Remote,2026-10-02T11:15:27Z,2026-10-02T11:18:50Z,4,actions_linux,0.006,0.024,ubuntu-24.04
36999877010,68550,Code OSS,pull_request,Giuspepe,User,human,110815263324,macOS / Electron-Unit,2026-10-02T11:15:29Z,2026-10-02T11:19:31Z,5,macos_xl,0.102,0.51,macos-26-xlarge
36999877010,68550,Code OSS,pull_request,Giuspepe,User,human,110815263516,Windows / Remote,2026-10-02T11:15:35Z,2026-10-02T11:18:50Z,4,self_hosted,0,0,self-hosted|1ES.Pool=1es-vscode-oss-windows-2022-x64|JobId=windows-test-Remote-36999877010-68550-1
36999877010,68550,Code OSS,pull_request,Giuspepe,User,human,110815263540,Linux / Electron-Unit,2026-10-02T11:15:27Z,2026-10-02T11:19:28Z,5,actions_linux,0.006,0.03,ubuntu-24.04
36999876703,37864,Component Fixtures,pull_request,Giuspepe,User,human,110814892013,Screenshots,2026-10-02T11:14:12Z,2026-10-02T11:19:30Z,6,actions_linux,0.006,0.036000000000000004,ubuntu-latest
36999876703,37864,Component Fixtures,pull_request,Giuspepe,User,human,110814892263,Playwright Fixture Tests,2026-10-02T11:14:11Z,2026-10-02T11:19:27Z,6,actions_linux,0.006,0.036000000000000004,ubuntu-latest
36999876703,37864,Component Fixtures,pull_request,Giuspepe,User,human,110816470368,Screenshots & Tests,2026-10-02T11:19:36Z,2026-10-02T11:20:15Z,1,actions_linux,0.006,0.006,ubuntu-latest
36999876657,13640,CodeQL,pull_request,Giuspepe,User,human,110814889982,Analyze (javascript-typescript),2026-10-02T11:14:12Z,2026-10-02T11:21:16Z,8,actions_linux,0.006,0.048,ubuntu-latest
36999876657,13640,CodeQL,pull_request,Giuspepe,User,human,110814890322,Analyze (rust),2026-10-02T11:14:11Z,2026-10-02T11:19:20Z,6,actions_linux,0.006,0.036000000000000004,ubuntu-latest
36999876640,36822,chat-lib tests,pull_request,Giuspepe,User,human,110814890264,chat-lib tests (ubuntu-latest),2026-10-02T11:14:12Z,2026-10-02T11:15:46Z,2,actions_linux,0.006,0.012,ubuntu-latest
36999876640,36822,chat-lib tests,pull_request,Giuspepe,User,human,110814890377,chat-lib tests (macos-latest),2026-10-02T11:14:18Z,2026-10-02T11:16:27Z,3,actions_macos,0.062,0.186,macos-latest
36999876640,36822,chat-lib tests,pull_request,Giuspepe,User,human,110814890430,chat-lib tests (windows-latest),2026-10-02T11:14:11Z,2026-10-02T11:17:05Z,3,actions_windows,0.01,0.03,windows-latest
36999876602,119582,Telemetry,pull_request,Giuspepe,User,human,110814889767,Check metadata,2026-10-02T11:14:12Z,2026-10-02T11:15:29Z,2,actions_linux,0.006,0.012,ubuntu-latest
36999876581,175102,Monaco Editor checks,pull_request,Giuspepe,User,human,110814889821,Monaco Editor checks,2026-10-02T11:14:23Z,2026-10-02T11:19:22Z,5,actions_linux,0.006,0.03,ubuntu-latest
36999579473,9857,Running Copilot Code Review,dynamic,Copilot,Bot,agent,110813954152,copilot-pull-request-reviewer,2026-10-02T11:11:04Z,2026-10-02T11:15:07Z,5,actions_linux,0.006,0.03,vscode-large-runners
36999568962,68549,Code OSS,pull_request,sandy081,User,human,110813917664,Compile & Hygiene,2026-10-02T11:10:56Z,2026-10-02T11:17:10Z,7,self_hosted,0,0,self-hosted|1ES.Pool=1es-vscode-oss-ubuntu-22.04-x64|JobId=compile-36999568962-68549-1
36999568962,68549,Code OSS,pull_request,sandy081,User,human,110813917796,Windows / Browser,2026-10-02T11:10:57Z,2026-10-02T11:24:06Z,14,self_hosted,0,0,self-hosted|1ES.Pool=1es-vscode-oss-windows-2022-x64|JobId=windows-test-Browser-36999568962-68549-1
36999568962,68549,Code OSS,pull_request,sandy081,User,human,110813917826,Windows / Remote,2026-10-02T11:10:57Z,2026-10-02T11:23:52Z,13,self_hosted,0,0,self-hosted|1ES.Pool=1es-vscode-oss-windows-2022-x64|JobId=windows-test-Remote-36999568962-68549-1
36999568962,68549,Code OSS,pull_request,sandy081,User,human,110813917868,Linux / CLI,2026-10-02T11:10:56Z,2026-10-02T11:12:44Z,2,self_hosted,0,0,self-hosted|1ES.Pool=1es-vscode-oss-ubuntu-22.04-x64|JobId=linux-cli-test-CLI-36999568962-68549-1
36999568962,68549,Code OSS,pull_request,sandy081,User,human,110813917889,macOS / Electron,2026-10-02T11:10:55Z,2026-10-02T11:18:21Z,8,macos_xl,0.102,0.816,macos-26-xlarge
36999568962,68549,Code OSS,pull_request,sandy081,User,human,110813917903,Linux / Electron,2026-10-02T11:10:51Z,2026-10-02T11:20:46Z,10,actions_linux,0.006,0.06,ubuntu-24.04
36999568962,68549,Code OSS,pull_request,sandy081,User,human,110813917911,Copilot - Check Test Cache,2026-10-02T11:10:56Z,2026-10-02T11:11:27Z,1,self_hosted,0,0,self-hosted|1ES.Pool=1es-vscode-oss-ubuntu-22.04-x64|JobId=copilot-check-test-cache-36999568962-68549-1
36999568962,68549,Code OSS,pull_request,sandy081,User,human,110813917962,Windows / Electron-Unit,2026-10-02T11:10:57Z,2026-10-02T11:20:40Z,10,self_hosted,0,0,self-hosted|1ES.Pool=1es-vscode-oss-windows-2022-x64|JobId=windows-test-Electron-Unit-36999568962-68549-1
36999568962,68549,Code OSS,pull_request,sandy081,User,human,110813917967,macOS / Browser,2026-10-02T11:10:55Z,2026-10-02T11:21:54Z,11,macos_xl,0.102,1.1219999999999999,macos-26-xlarge
36999568962,68549,Code OSS,pull_request,sandy081,User,human,110813918036,Linux / Electron-Unit,2026-10-02T11:10:51Z,2026-10-02T11:19:19Z,9,actions_linux,0.006,0.054,ubuntu-24.04
36999568962,68549,Code OSS,pull_request,sandy081,User,human,110813918091,Copilot - Check Telemetry,2026-10-02T11:10:56Z,2026-10-02T11:11:22Z,1,self_hosted,0,0,self-hosted|1ES.Pool=1es-vscode-oss-ubuntu-22.04-x64|JobId=copilot-check-telemetry-36999568962-68549-1
36999568962,68549,Code OSS,pull_request,sandy081,User,human,110813918098,Linux / Remote,2026-10-02T11:10:51Z,2026-10-02T11:23:26Z,13,actions_linux,0.006,0.078,ubuntu-24.04
36999568962,68549,Code OSS,pull_request,sandy081,User,human,110813918104,Copilot - Test (Windows),2026-10-02T11:10:57Z,2026-10-02T11:21:34Z,11,self_hosted,0,0,self-hosted|1ES.Pool=1es-vscode-oss-windows-2022-x64|JobId=copilot-windows-tests-36999568962-68549-1
36999568962,68549,Code OSS,pull_request,sandy081,User,human,110813918124,Copilot - Test (Linux),2026-10-02T11:10:56Z,2026-10-02T11:19:01Z,9,self_hosted,0,0,self-hosted|1ES.Pool=1es-vscode-oss-ubuntu-22.04-x64|JobId=copilot-linux-tests-36999568962-68549-1
36999568962,68549,Code OSS,pull_request,sandy081,User,human,110813918136,Windows / Electron,2026-10-02T11:10:57Z,2026-10-02T11:22:03Z,12,self_hosted,0,0,self-hosted|1ES.Pool=1es-vscode-oss-windows-2022-x64|JobId=windows-test-Electron-36999568962-68549-1
36999568962,68549,Code OSS,pull_request,sandy081,User,human,110813918170,macOS / Electron-Unit,2026-10-02T11:10:55Z,2026-10-02T11:18:58Z,9,macos_xl,0.102,0.9179999999999999,macos-26-xlarge
36999568962,68549,Code OSS,pull_request,sandy081,User,human,110813918197,Windows / Electron-Smoke,2026-10-02T11:10:58Z,2026-10-02T11:30:35Z,20,self_hosted,0,0,self-hosted|1ES.Pool=1es-vscode-oss-windows-2022-x64|JobId=windows-test-Electron-Smoke-36999568962-68549-1
36999568962,68549,Code OSS,pull_request,sandy081,User,human,110813918250,macOS / Remote,2026-10-02T11:10:54Z,2026-10-02T11:20:39Z,10,macos_xl,0.102,1.02,macos-26-xlarge
36999568962,68549,Code OSS,pull_request,sandy081,User,human,110813918268,Linux / Browser,2026-10-02T11:10:51Z,2026-10-02T11:24:31Z,14,actions_linux,0.006,0.084,ubuntu-24.04
36999568962,68549,Code OSS,pull_request,sandy081,User,human,110813918288,macOS / Electron-Smoke,2026-10-02T11:10:55Z,2026-10-02T11:31:47Z,21,macos_xl,0.102,2.142,macos-26-xlarge
36999568962,68549,Code OSS,pull_request,sandy081,User,human,110813918400,Linux / Electron-Smoke,2026-10-02T11:10:51Z,2026-10-02T11:26:41Z,16,actions_linux,0.006,0.096,ubuntu-24.04
36999568711,175101,Monaco Editor checks,pull_request,sandy081,User,human,110813915621,Monaco Editor checks,2026-10-02T11:10:53Z,2026-10-02T11:15:58Z,6,actions_linux,0.006,0.036000000000000004,ubuntu-latest
36999568709,37863,Component Fixtures,pull_request,sandy081,User,human,110813916218,Playwright Fixture Tests,2026-10-02T11:10:51Z,2026-10-02T11:16:31Z,6,actions_linux,0.006,0.036000000000000004,ubuntu-latest
36999568709,37863,Component Fixtures,pull_request,sandy081,User,human,110813916370,Screenshots,2026-10-02T11:10:52Z,2026-10-02T11:18:46Z,8,actions_linux,0.006,0.048,ubuntu-latest
36999568709,37863,Component Fixtures,pull_request,sandy081,User,human,110816264384,Screenshots & Tests,2026-10-02T11:18:51Z,2026-10-02T11:18:54Z,1,actions_linux,0.006,0.006,ubuntu-latest
36999568701,119581,Telemetry,pull_request,sandy081,User,human,110813915542,Check metadata,2026-10-02T11:10:52Z,2026-10-02T11:12:05Z,2,actions_linux,0.006,0.012,ubuntu-latest
36999568666,13639,CodeQL,pull_request,sandy081,User,human,110813915677,Analyze (rust),2026-10-02T11:10:51Z,2026-10-02T11:15:56Z,6,actions_linux,0.006,0.036000000000000004,ubuntu-latest
36999568666,13639,CodeQL,pull_request,sandy081,User,human,110813916201,Analyze (javascript-typescript),2026-10-02T11:10:51Z,2026-10-02T11:17:42Z,7,actions_linux,0.006,0.042,ubuntu-latest
36999568657,36821,chat-lib tests,pull_request,sandy081,User,human,110813915707,chat-lib tests (ubuntu-latest),2026-10-02T11:10:52Z,2026-10-02T11:12:06Z,2,actions_linux,0.006,0.012,ubuntu-latest
36999568657,36821,chat-lib tests,pull_request,sandy081,User,human,110813915891,chat-lib tests (macos-latest),2026-10-02T11:10:56Z,2026-10-02T11:13:07Z,3,actions_macos,0.062,0.186,macos-latest
36999568657,36821,chat-lib tests,pull_request,sandy081,User,human,110813915914,chat-lib tests (windows-latest),2026-10-02T11:10:50Z,2026-10-02T11:13:46Z,3,actions_windows,0.01,0.03,windows-latest
36999084752,68548,Code OSS,pull_request,sandy081,User,human,110812384027,Compile & Hygiene,2026-10-02T11:05:44Z,2026-10-02T11:12:20Z,7,self_hosted,0,0,self-hosted|1ES.Pool=1es-vscode-oss-ubuntu-22.04-x64|JobId=compile-36999084752-68548-1
36999084752,68548,Code OSS,pull_request,sandy081,User,human,110812384252,Linux / Remote,2026-10-02T11:05:36Z,2026-10-02T11:20:49Z,16,actions_linux,0.006,0.096,ubuntu-24.04
36999084752,68548,Code OSS,pull_request,sandy081,User,human,110812384269,macOS / Electron-Smoke,2026-10-02T11:05:38Z,2026-10-02T11:26:20Z,21,macos_xl,0.102,2.142,macos-26-xlarge
36999084752,68548,Code OSS,pull_request,sandy081,User,human,110812384277,Linux / Browser,2026-10-02T11:05:36Z,2026-10-02T11:18:32Z,13,actions_linux,0.006,0.078,ubuntu-24.04
36999084752,68548,Code OSS,pull_request,sandy081,User,human,110812384285,Windows / Electron-Unit,2026-10-02T11:05:40Z,2026-10-02T11:15:16Z,10,self_hosted,0,0,self-hosted|1ES.Pool=1es-vscode-oss-windows-2022-x64|JobId=windows-test-Electron-Unit-36999084752-68548-1
36999084752,68548,Code OSS,pull_request,sandy081,User,human,110812384290,Copilot - Check Test Cache,2026-10-02T11:05:39Z,2026-10-02T11:06:10Z,1,self_hosted,0,0,self-hosted|1ES.Pool=1es-vscode-oss-ubuntu-22.04-x64|JobId=copilot-check-test-cache-36999084752-68548-1
36999084752,68548,Code OSS,pull_request,sandy081,User,human,110812384301,Linux / Electron-Unit,2026-10-02T11:05:36Z,2026-10-02T11:14:00Z,9,actions_linux,0.006,0.054,ubuntu-24.04
36999084752,68548,Code OSS,pull_request,sandy081,User,human,110812384329,Windows / Electron-Smoke,2026-10-02T11:05:44Z,2026-10-02T11:24:37Z,19,self_hosted,0,0,self-hosted|1ES.Pool=1es-vscode-oss-windows-2022-x64|JobId=windows-test-Electron-Smoke-36999084752-68548-1
36999084752,68548,Code OSS,pull_request,sandy081,User,human,110812384364,Windows / Remote,2026-10-02T11:05:40Z,2026-10-02T11:20:15Z,15,self_hosted,0,0,self-hosted|1ES.Pool=1es-vscode-oss-windows-2022-x64|JobId=windows-test-Remote-36999084752-68548-1
36999084752,68548,Code OSS,pull_request,sandy081,User,human,110812384371,Windows / Electron,2026-10-02T11:05:39Z,2026-10-02T11:16:48Z,12,self_hosted,0,0,self-hosted|1ES.Pool=1es-vscode-oss-windows-2022-x64|JobId=windows-test-Electron-36999084752-68548-1
36999084752,68548,Code OSS,pull_request,sandy081,User,human,110812384373,macOS / Remote,2026-10-02T11:05:37Z,2026-10-02T11:16:33Z,11,macos_xl,0.102,1.1219999999999999,macos-26-xlarge
36999084752,68548,Code OSS,pull_request,sandy081,User,human,110812384386,macOS / Electron-Unit,2026-10-02T11:05:36Z,2026-10-02T11:13:17Z,8,macos_xl,0.102,0.816,macos-26-xlarge
36999084752,68548,Code OSS,pull_request,sandy081,User,human,110812384430,Windows / Browser,2026-10-02T11:05:40Z,2026-10-02T11:18:37Z,13,self_hosted,0,0,self-hosted|1ES.Pool=1es-vscode-oss-windows-2022-x64|JobId=windows-test-Browser-36999084752-68548-1
36999084752,68548,Code OSS,pull_request,sandy081,User,human,110812384435,Linux / CLI,2026-10-02T11:05:44Z,2026-10-02T11:07:36Z,2,self_hosted,0,0,self-hosted|1ES.Pool=1es-vscode-oss-ubuntu-22.04-x64|JobId=linux-cli-test-CLI-36999084752-68548-1
36999084752,68548,Code OSS,pull_request,sandy081,User,human,110812384450,macOS / Browser,2026-10-02T11:05:36Z,2026-10-02T11:17:39Z,13,macos_xl,0.102,1.3259999999999998,macos-26-xlarge
36999084752,68548,Code OSS,pull_request,sandy081,User,human,110812384468,macOS / Electron,2026-10-02T11:05:36Z,2026-10-02T11:12:22Z,7,macos_xl,0.102,0.714,macos-26-xlarge
36999084752,68548,Code OSS,pull_request,sandy081,User,human,110812384511,Copilot - Check Telemetry,2026-10-02T11:05:40Z,2026-10-02T11:05:58Z,1,self_hosted,0,0,self-hosted|1ES.Pool=1es-vscode-oss-ubuntu-22.04-x64|JobId=copilot-check-telemetry-36999084752-68548-1
36999084752,68548,Code OSS,pull_request,sandy081,User,human,110812384541,Linux / Electron-Smoke,2026-10-02T11:05:36Z,2026-10-02T11:26:53Z,22,actions_linux,0.006,0.132,ubuntu-24.04
36999084752,68548,Code OSS,pull_request,sandy081,User,human,110812384582,Copilot - Test (Linux),2026-10-02T11:05:44Z,2026-10-02T11:14:11Z,9,self_hosted,0,0,self-hosted|1ES.Pool=1es-vscode-oss-ubuntu-22.04-x64|JobId=copilot-linux-tests-36999084752-68548-1
36999084752,68548,Code OSS,pull_request,sandy081,User,human,110812384620,Copilot - Test (Windows),2026-10-02T11:05:40Z,2026-10-02T11:16:04Z,11,self_hosted,0,0,self-hosted|1ES.Pool=1es-vscode-oss-windows-2022-x64|JobId=copilot-windows-tests-36999084752-68548-1
36999084752,68548,Code OSS,pull_request,sandy081,User,human,110812384975,Linux / Electron,2026-10-02T11:05:36Z,2026-10-02T11:15:32Z,10,actions_linux,0.006,0.06,ubuntu-24.04
36999084509,119580,Telemetry,pull_request,sandy081,User,human,110812381827,Check metadata,2026-10-02T11:05:34Z,2026-10-02T11:06:49Z,2,actions_linux,0.006,0.012,ubuntu-latest
36999084453,175100,Monaco Editor checks,pull_request,sandy081,User,human,110812381675,Monaco Editor checks,2026-10-02T11:05:35Z,2026-10-02T11:10:21Z,5,actions_linux,0.006,0.03,ubuntu-latest
36999084445,36820,chat-lib tests,pull_request,sandy081,User,human,110812382263,chat-lib tests (ubuntu-latest),2026-10-02T11:05:34Z,2026-10-02T11:07:16Z,2,actions_linux,0.006,0.012,ubuntu-latest
36999084445,36820,chat-lib tests,pull_request,sandy081,User,human,110812382355,chat-lib tests (macos-latest),2026-10-02T11:05:40Z,2026-10-02T11:08:04Z,3,actions_macos,0.062,0.186,macos-latest
36999084445,36820,chat-lib tests,pull_request,sandy081,User,human,110812382393,chat-lib tests (windows-latest),2026-10-02T11:05:36Z,2026-10-02T11:07:54Z,3,actions_windows,0.01,0.03,windows-latest
36999084436,13638,CodeQL,pull_request,sandy081,User,human,110812381936,Analyze (javascript-typescript),2026-10-02T11:05:34Z,2026-10-02T11:13:22Z,8,actions_linux,0.006,0.048,ubuntu-latest
36999084436,13638,CodeQL,pull_request,sandy081,User,human,110812382334,Analyze (rust),2026-10-02T11:05:35Z,2026-10-02T11:10:57Z,6,actions_linux,0.006,0.036000000000000004,ubuntu-latest
36999084413,37862,Component Fixtures,pull_request,sandy081,User,human,110812381739,Playwright Fixture Tests,2026-10-02T11:05:35Z,2026-10-02T11:12:42Z,8,actions_linux,0.006,0.048,ubuntu-latest
36999084413,37862,Component Fixtures,pull_request,sandy081,User,human,110812381974,Screenshots,2026-10-02T11:05:35Z,2026-10-02T11:12:44Z,8,actions_linux,0.006,0.048,ubuntu-latest
36999084413,37862,Component Fixtures,pull_request,sandy081,User,human,110814490881,Screenshots & Tests,2026-10-02T11:12:49Z,2026-10-02T11:12:54Z,1,actions_linux,0.006,0.006,ubuntu-latest
36998815189,9856,Running Copilot Code Review,dynamic,Copilot,Bot,agent,110811563170,copilot-pull-request-reviewer,2026-10-02T11:02:46Z,2026-10-02T11:12:15Z,10,actions_linux,0.006,0.06,vscode-large-runners
36998580953,68547,Code OSS,pull_request,Giuspepe,User,human,110811106321,macOS / Electron-Smoke,2026-10-02T11:01:13Z,2026-10-02T11:15:10Z,14,macos_xl,0.102,1.428,macos-26-xlarge
36998580953,68547,Code OSS,pull_request,Giuspepe,User,human,110811106330,Compile & Hygiene,2026-10-02T11:01:15Z,2026-10-02T11:07:37Z,7,self_hosted,0,0,self-hosted|1ES.Pool=1es-vscode-oss-ubuntu-22.04-x64|JobId=compile-36998580953-68547-1
36998580953,68547,Code OSS,pull_request,Giuspepe,User,human,110811106382,Copilot - Test (Windows),2026-10-02T11:01:15Z,2026-10-02T11:12:27Z,12,self_hosted,0,0,self-hosted|1ES.Pool=1es-vscode-oss-windows-2022-x64|JobId=copilot-windows-tests-36998580953-68547-1
36998580953,68547,Code OSS,pull_request,Giuspepe,User,human,110811106388,Windows / Electron-Smoke,2026-10-02T11:01:14Z,2026-10-02T11:14:25Z,14,self_hosted,0,0,self-hosted|1ES.Pool=1es-vscode-oss-windows-2022-x64|JobId=windows-test-Electron-Smoke-36998580953-68547-1
36998580953,68547,Code OSS,pull_request,Giuspepe,User,human,110811106394,macOS / Browser,2026-10-02T11:01:14Z,2026-10-02T11:12:20Z,12,macos_xl,0.102,1.224,macos-26-xlarge
36998580953,68547,Code OSS,pull_request,Giuspepe,User,human,110811106421,macOS / Electron,2026-10-02T11:01:13Z,2026-10-02T11:12:05Z,11,macos_xl,0.102,1.1219999999999999,macos-26-xlarge
36998580953,68547,Code OSS,pull_request,Giuspepe,User,human,110811106426,Windows / Electron,2026-10-02T11:01:14Z,2026-10-02T11:14:32Z,14,self_hosted,0,0,self-hosted|1ES.Pool=1es-vscode-oss-windows-2022-x64|JobId=windows-test-Electron-36998580953-68547-1
36998580953,68547,Code OSS,pull_request,Giuspepe,User,human,110811106450,Linux / Remote,2026-10-02T11:01:11Z,2026-10-02T11:15:20Z,15,actions_linux,0.006,0.09,ubuntu-24.04
36998580953,68547,Code OSS,pull_request,Giuspepe,User,human,110811106478,Linux / Electron-Smoke,2026-10-02T11:01:10Z,2026-10-02T11:15:16Z,15,actions_linux,0.006,0.09,ubuntu-24.04
36998580953,68547,Code OSS,pull_request,Giuspepe,User,human,110811106534,Linux / Electron,2026-10-02T11:01:10Z,2026-10-02T11:13:30Z,13,actions_linux,0.006,0.078,ubuntu-24.04
36998580953,68547,Code OSS,pull_request,Giuspepe,User,human,110811106544,Windows / Browser,2026-10-02T11:01:15Z,2026-10-02T11:14:15Z,13,self_hosted,0,0,self-hosted|1ES.Pool=1es-vscode-oss-windows-2022-x64|JobId=windows-test-Browser-36998580953-68547-1
36998580953,68547,Code OSS,pull_request,Giuspepe,User,human,110811106556,Copilot - Test (Linux),2026-10-02T11:01:21Z,2026-10-02T11:09:54Z,9,self_hosted,0,0,self-hosted|1ES.Pool=1es-vscode-oss-ubuntu-22.04-x64|JobId=copilot-linux-tests-36998580953-68547-1
36998580953,68547,Code OSS,pull_request,Giuspepe,User,human,110811106590,Copilot - Check Telemetry,2026-10-02T11:01:21Z,2026-10-02T11:01:40Z,1,self_hosted,0,0,self-hosted|1ES.Pool=1es-vscode-oss-ubuntu-22.04-x64|JobId=copilot-check-telemetry-36998580953-68547-1
36998580953,68547,Code OSS,pull_request,Giuspepe,User,human,110811106596,Linux / Browser,2026-10-02T11:01:13Z,2026-10-02T11:14:10Z,13,actions_linux,0.006,0.078,ubuntu-24.04
36998580953,68547,Code OSS,pull_request,Giuspepe,User,human,110811106612,Linux / CLI,2026-10-02T11:01:21Z,2026-10-02T11:03:12Z,2,self_hosted,0,0,self-hosted|1ES.Pool=1es-vscode-oss-ubuntu-22.04-x64|JobId=linux-cli-test-CLI-36998580953-68547-1
36998580953,68547,Code OSS,pull_request,Giuspepe,User,human,110811106656,Copilot - Check Test Cache,2026-10-02T11:01:14Z,2026-10-02T11:01:47Z,1,self_hosted,0,0,self-hosted|1ES.Pool=1es-vscode-oss-ubuntu-22.04-x64|JobId=copilot-check-test-cache-36998580953-68547-1
36998580953,68547,Code OSS,pull_request,Giuspepe,User,human,110811106763,Linux / Electron-Unit,2026-10-02T11:01:10Z,2026-10-02T11:09:36Z,9,actions_linux,0.006,0.054,ubuntu-24.04
36998580953,68547,Code OSS,pull_request,Giuspepe,User,human,110811106790,Windows / Remote,2026-10-02T11:01:16Z,2026-10-02T11:14:23Z,14,self_hosted,0,0,self-hosted|1ES.Pool=1es-vscode-oss-windows-2022-x64|JobId=windows-test-Remote-36998580953-68547-1
36998580953,68547,Code OSS,pull_request,Giuspepe,User,human,110811106803,macOS / Electron-Unit,2026-10-02T11:01:13Z,2026-10-02T11:08:54Z,8,macos_xl,0.102,0.816,macos-26-xlarge
36998580953,68547,Code OSS,pull_request,Giuspepe,User,human,110811106821,Windows / Electron-Unit,2026-10-02T11:01:16Z,2026-10-02T11:11:05Z,10,self_hosted,0,0,self-hosted|1ES.Pool=1es-vscode-oss-windows-2022-x64|JobId=windows-test-Electron-Unit-36998580953-68547-1
36998580953,68547,Code OSS,pull_request,Giuspepe,User,human,110811106870,macOS / Remote,2026-10-02T11:01:13Z,2026-10-02T11:11:40Z,11,macos_xl,0.102,1.1219999999999999,macos-26-xlarge
36998580810,119579,Telemetry,pull_request,Giuspepe,User,human,110810842458,Check metadata,2026-10-02T11:00:15Z,2026-10-02T11:01:29Z,2,actions_linux,0.006,0.012,ubuntu-latest
36998580808,175099,Monaco Editor checks,pull_request,Giuspepe,User,human,110810842667,Monaco Editor checks,2026-10-02T11:00:15Z,2026-10-02T11:05:12Z,5,actions_linux,0.006,0.03,ubuntu-latest
36998580732,36819,chat-lib tests,pull_request,Giuspepe,User,human,110810842727,chat-lib tests (ubuntu-latest),2026-10-02T11:00:15Z,2026-10-02T11:01:43Z,2,actions_linux,0.006,0.012,ubuntu-latest
36998580732,36819,chat-lib tests,pull_request,Giuspepe,User,human,110810842931,chat-lib tests (macos-latest),2026-10-02T11:00:22Z,2026-10-02T11:02:53Z,3,actions_macos,0.062,0.186,macos-latest
36998580732,36819,chat-lib tests,pull_request,Giuspepe,User,human,110810842967,chat-lib tests (windows-latest),2026-10-02T11:00:15Z,2026-10-02T11:03:48Z,4,actions_windows,0.01,0.04,windows-latest
36998580689,13637,CodeQL,pull_request,Giuspepe,User,human,110810842414,Analyze (rust),2026-10-02T11:00:15Z,2026-10-02T11:03:45Z,4,actions_linux,0.006,0.024,ubuntu-latest
36998580689,13637,CodeQL,pull_request,Giuspepe,User,human,110810842464,Analyze (javascript-typescript),2026-10-02T11:00:14Z,2026-10-02T11:05:56Z,6,actions_linux,0.006,0.036000000000000004,ubuntu-latest
36998580608,37861,Component Fixtures,pull_request,Giuspepe,User,human,110811027336,Screenshots,2026-10-02T11:00:54Z,2026-10-02T11:08:40Z,8,actions_linux,0.006,0.048,ubuntu-latest
36998580608,37861,Component Fixtures,pull_request,Giuspepe,User,human,110811027701,Playwright Fixture Tests,2026-10-02T11:00:55Z,2026-10-02T11:06:58Z,7,actions_linux,0.006,0.042,ubuntu-latest
36998580608,37861,Component Fixtures,pull_request,Giuspepe,User,human,110813312242,Screenshots & Tests,2026-10-02T11:08:48Z,2026-10-02T11:08:50Z,1,actions_linux,0.006,0.006,ubuntu-latest
36998368792,68546,Code OSS,pull_request,deepak1556,User,human,110810175083,Compile & Hygiene,2026-10-02T10:58:02Z,2026-10-02T11:08:02Z,10,self_hosted,0,0,self-hosted|1ES.Pool=1es-vscode-oss-ubuntu-22.04-x64|JobId=compile-36998368792-68546-1
36998368792,68546,Code OSS,pull_request,deepak1556,User,human,110810175321,Windows / Remote,2026-10-02T10:58:02Z,2026-10-02T11:21:34Z,24,self_hosted,0,0,self-hosted|1ES.Pool=1es-vscode-oss-windows-2022-x64|JobId=windows-test-Remote-36998368792-68546-1
36998368792,68546,Code OSS,pull_request,deepak1556,User,human,110810175330,Copilot - Test (Linux),2026-10-02T10:58:01Z,2026-10-02T11:06:56Z,9,self_hosted,0,0,self-hosted|1ES.Pool=1es-vscode-oss-ubuntu-22.04-x64|JobId=copilot-linux-tests-36998368792-68546-1
36998368792,68546,Code OSS,pull_request,deepak1556,User,human,110810175347,macOS / Remote,2026-10-02T10:57:57Z,2026-10-02T11:10:59Z,14,macos_xl,0.102,1.428,macos-26-xlarge
36998368792,68546,Code OSS,pull_request,deepak1556,User,human,110810175375,Windows / Electron-Smoke,2026-10-02T10:58:02Z,2026-10-02T11:26:57Z,29,self_hosted,0,0,self-hosted|1ES.Pool=1es-vscode-oss-windows-2022-x64|JobId=windows-test-Electron-Smoke-36998368792-68546-1
36998368792,68546,Code OSS,pull_request,deepak1556,User,human,110810175380,macOS / Electron-Smoke,2026-10-02T10:57:57Z,2026-10-02T11:18:26Z,21,macos_xl,0.102,2.142,macos-26-xlarge
36998368792,68546,Code OSS,pull_request,deepak1556,User,human,110810175381,Windows / Browser,2026-10-02T10:58:02Z,2026-10-02T11:20:52Z,23,self_hosted,0,0,self-hosted|1ES.Pool=1es-vscode-oss-windows-2022-x64|JobId=windows-test-Browser-36998368792-68546-1
36998368792,68546,Code OSS,pull_request,deepak1556,User,human,110810175390,Linux / Remote,2026-10-02T10:57:55Z,2026-10-02T11:14:33Z,17,actions_linux,0.006,0.10200000000000001,ubuntu-24.04
36998368792,68546,Code OSS,pull_request,deepak1556,User,human,110810175397,Linux / Electron-Unit,2026-10-02T10:57:56Z,2026-10-02T10:59:17Z,2,actions_linux,0.006,0.012,ubuntu-24.04
36998368792,68546,Code OSS,pull_request,deepak1556,User,human,110810175429,Copilot - Check Test Cache,2026-10-02T10:58:02Z,2026-10-02T10:59:21Z,2,self_hosted,0,0,self-hosted|1ES.Pool=1es-vscode-oss-ubuntu-22.04-x64|JobId=copilot-check-test-cache-36998368792-68546-1
36998368792,68546,Code OSS,pull_request,deepak1556,User,human,110810175440,macOS / Browser,2026-10-02T10:57:57Z,2026-10-02T11:10:16Z,13,macos_xl,0.102,1.3259999999999998,macos-26-xlarge
36998368792,68546,Code OSS,pull_request,deepak1556,User,human,110810175443,macOS / Electron,2026-10-02T10:57:58Z,2026-10-02T11:10:31Z,13,macos_xl,0.102,1.3259999999999998,macos-26-xlarge
36998368792,68546,Code OSS,pull_request,deepak1556,User,human,110810175521,macOS / Electron-Unit,2026-10-02T10:57:57Z,2026-10-02T11:07:21Z,10,macos_xl,0.102,1.02,macos-26-xlarge
36998368792,68546,Code OSS,pull_request,deepak1556,User,human,110810175546,Windows / Electron-Unit,2026-10-02T10:58:03Z,2026-10-02T11:17:48Z,20,self_hosted,0,0,self-hosted|1ES.Pool=1es-vscode-oss-windows-2022-x64|JobId=windows-test-Electron-Unit-36998368792-68546-1
36998368792,68546,Code OSS,pull_request,deepak1556,User,human,110810175557,Copilot - Check Telemetry,2026-10-02T10:58:02Z,2026-10-02T10:58:21Z,1,self_hosted,0,0,self-hosted|1ES.Pool=1es-vscode-oss-ubuntu-22.04-x64|JobId=copilot-check-telemetry-36998368792-68546-1
36998368792,68546,Code OSS,pull_request,deepak1556,User,human,110810175582,Linux / CLI,2026-10-02T10:58:01Z,2026-10-02T10:59:54Z,2,self_hosted,0,0,self-hosted|1ES.Pool=1es-vscode-oss-ubuntu-22.04-x64|JobId=linux-cli-test-CLI-36998368792-68546-1
36998368792,68546,Code OSS,pull_request,deepak1556,User,human,110810175584,Linux / Electron,2026-10-02T10:57:56Z,2026-10-02T11:17:10Z,20,actions_linux,0.006,0.12,ubuntu-24.04
36998368792,68546,Code OSS,pull_request,deepak1556,User,human,110810175605,Windows / Electron,2026-10-02T10:58:02Z,2026-10-02T11:33:57Z,36,self_hosted,0,0,self-hosted|1ES.Pool=1es-vscode-oss-windows-2022-x64|JobId=windows-test-Electron-36998368792-68546-1
36998368792,68546,Code OSS,pull_request,deepak1556,User,human,110810175619,Linux / Electron-Smoke,2026-10-02T10:57:55Z,2026-10-02T11:23:51Z,26,actions_linux,0.006,0.156,ubuntu-24.04
36998368792,68546,Code OSS,pull_request,deepak1556,User,human,110810175622,Linux / Browser,2026-10-02T10:57:55Z,2026-10-02T11:09:10Z,12,actions_linux,0.006,0.07200000000000001,ubuntu-24.04
36998368792,68546,Code OSS,pull_request,deepak1556,User,human,110810175728,Copilot - Test (Windows),2026-10-02T10:58:01Z,2026-10-02T11:09:33Z,12,self_hosted,0,0,self-hosted|1ES.Pool=1es-vscode-oss-windows-2022-x64|JobId=copilot-windows-tests-36998368792-68546-1
36998368563,36818,chat-lib tests,pull_request,deepak1556,User,human,110810173291,chat-lib tests (macos-latest),2026-10-02T10:58:05Z,2026-10-02T11:00:27Z,3,actions_macos,0.062,0.186,macos-latest
36998368563,36818,chat-lib tests,pull_request,deepak1556,User,human,110810173658,chat-lib tests (windows-latest),2026-10-02T10:57:55Z,2026-10-02T11:00:21Z,3,actions_windows,0.01,0.03,windows-latest
36998368563,36818,chat-lib tests,pull_request,deepak1556,User,human,110810174366,chat-lib tests (ubuntu-latest),2026-10-02T10:57:55Z,2026-10-02T10:59:20Z,2,actions_linux,0.006,0.012,ubuntu-latest
36998368545,13636,CodeQL,pull_request,deepak1556,User,human,110810172942,Analyze (javascript-typescript),2026-10-02T10:57:56Z,2026-10-02T11:02:20Z,5,actions_linux,0.006,0.03,ubuntu-latest
36998368545,13636,CodeQL,pull_request,deepak1556,User,human,110810173145,Analyze (rust),2026-10-02T10:57:56Z,2026-10-02T11:03:09Z,6,actions_linux,0.006,0.036000000000000004,ubuntu-latest
36998368531,37860,Component Fixtures,pull_request,deepak1556,User,human,110810173149,Playwright Fixture Tests,2026-10-02T10:57:56Z,2026-10-02T11:05:25Z,8,actions_linux,0.006,0.048,ubuntu-latest
36998368531,37860,Component Fixtures,pull_request,deepak1556,User,human,110810173453,Screenshots,2026-10-02T10:57:55Z,2026-10-02T11:06:44Z,9,actions_linux,0.006,0.054,ubuntu-latest
36998368531,37860,Component Fixtures,pull_request,deepak1556,User,human,110812753558,Screenshots & Tests,2026-10-02T11:06:53Z,2026-10-02T11:06:57Z,1,actions_linux,0.006,0.006,ubuntu-latest
36998368529,175098,Monaco Editor checks,pull_request,deepak1556,User,human,110810172985,Monaco Editor checks,2026-10-02T10:57:55Z,2026-10-02T11:09:21Z,12,actions_linux,0.006,0.07200000000000001,ubuntu-latest
36998368528,119578,Telemetry,pull_request,deepak1556,User,human,110810173037,Check metadata,2026-10-02T10:57:56Z,2026-10-02T10:59:08Z,2,actions_linux,0.006,0.012,ubuntu-latest
36998258078,9855,Running Copilot Code Review,dynamic,Copilot,Bot,agent,110809825427,copilot-pull-request-reviewer,2026-10-02T10:56:42Z,2026-10-02T11:01:39Z,5,actions_linux,0.006,0.03,vscode-large-runners
36998248532,68545,Code OSS,pull_request,Giuspepe,User,human,110809792050,Compile & Hygiene,2026-10-02T10:56:44Z,2026-10-02T11:01:00Z,5,self_hosted,0,0,self-hosted|1ES.Pool=1es-vscode-oss-ubuntu-22.04-x64|JobId=compile-36998248532-68545-1
36998248532,68545,Code OSS,pull_request,Giuspepe,User,human,110809792356,Copilot - Test (Windows),2026-10-02T10:56:43Z,2026-10-02T11:00:46Z,5,self_hosted,0,0,self-hosted|1ES.Pool=1es-vscode-oss-windows-2022-x64|JobId=copilot-windows-tests-36998248532-68545-1
36998248532,68545,Code OSS,pull_request,Giuspepe,User,human,110809792426,Linux / Electron-Unit,2026-10-02T10:56:32Z,2026-10-02T11:00:35Z,5,actions_linux,0.006,0.03,ubuntu-24.04
36998248532,68545,Code OSS,pull_request,Giuspepe,User,human,110809792449,Linux / Electron-Smoke,2026-10-02T10:56:32Z,2026-10-02T11:00:39Z,5,actions_linux,0.006,0.03,ubuntu-24.04
36998248532,68545,Code OSS,pull_request,Giuspepe,User,human,110809792478,Linux / Electron,2026-10-02T10:56:32Z,2026-10-02T11:00:35Z,5,actions_linux,0.006,0.03,ubuntu-24.04
36998248532,68545,Code OSS,pull_request,Giuspepe,User,human,110809792534,Linux / CLI,2026-10-02T10:56:42Z,2026-10-02T10:58:29Z,2,self_hosted,0,0,self-hosted|1ES.Pool=1es-vscode-oss-ubuntu-22.04-x64|JobId=linux-cli-test-CLI-36998248532-68545-1
36998248532,68545,Code OSS,pull_request,Giuspepe,User,human,110809792567,Copilot - Check Telemetry,2026-10-02T10:56:43Z,2026-10-02T10:57:01Z,1,self_hosted,0,0,self-hosted|1ES.Pool=1es-vscode-oss-ubuntu-22.04-x64|JobId=copilot-check-telemetry-36998248532-68545-1
36998248532,68545,Code OSS,pull_request,Giuspepe,User,human,110809792615,Copilot - Check Test Cache,2026-10-02T10:56:43Z,2026-10-02T10:57:12Z,1,self_hosted,0,0,self-hosted|1ES.Pool=1es-vscode-oss-ubuntu-22.04-x64|JobId=copilot-check-test-cache-36998248532-68545-1
36998248532,68545,Code OSS,pull_request,Giuspepe,User,human,110809792677,Linux / Remote,2026-10-02T10:56:32Z,2026-10-02T11:00:37Z,5,actions_linux,0.006,0.03,ubuntu-24.04
36998248532,68545,Code OSS,pull_request,Giuspepe,User,human,110809792725,macOS / Electron-Unit,2026-10-02T10:56:37Z,2026-10-02T11:00:29Z,4,macos_xl,0.102,0.408,macos-26-xlarge
36998248532,68545,Code OSS,pull_request,Giuspepe,User,human,110809792731,Copilot - Test (Linux),2026-10-02T10:56:43Z,2026-10-02T11:01:00Z,5,self_hosted,0,0,self-hosted|1ES.Pool=1es-vscode-oss-ubuntu-22.04-x64|JobId=copilot-linux-tests-36998248532-68545-1
36998248532,68545,Code OSS,pull_request,Giuspepe,User,human,110809792854,Windows / Electron,2026-10-02T10:56:44Z,2026-10-02T11:01:02Z,5,self_hosted,0,0,self-hosted|1ES.Pool=1es-vscode-oss-windows-2022-x64|JobId=windows-test-Electron-36998248532-68545-1
36998248532,68545,Code OSS,pull_request,Giuspepe,User,human,110809792937,Windows / Electron-Smoke,2026-10-02T10:56:42Z,2026-10-02T11:00:51Z,5,self_hosted,0,0,self-hosted|1ES.Pool=1es-vscode-oss-windows-2022-x64|JobId=windows-test-Electron-Smoke-36998248532-68545-1
36998248532,68545,Code OSS,pull_request,Giuspepe,User,human,110809793001,Windows / Browser,2026-10-02T10:56:44Z,2026-10-02T11:00:50Z,5,self_hosted,0,0,self-hosted|1ES.Pool=1es-vscode-oss-windows-2022-x64|JobId=windows-test-Browser-36998248532-68545-1
36998248532,68545,Code OSS,pull_request,Giuspepe,User,human,110809793036,Windows / Remote,2026-10-02T10:56:42Z,2026-10-02T11:00:59Z,5,self_hosted,0,0,self-hosted|1ES.Pool=1es-vscode-oss-windows-2022-x64|JobId=windows-test-Remote-36998248532-68545-1
36998248532,68545,Code OSS,pull_request,Giuspepe,User,human,110809793038,macOS / Remote,2026-10-02T10:56:37Z,2026-10-02T11:00:33Z,4,macos_xl,0.102,0.408,macos-26-xlarge
36998248532,68545,Code OSS,pull_request,Giuspepe,User,human,110809793044,Windows / Electron-Unit,2026-10-02T10:56:42Z,2026-10-02T11:00:57Z,5,self_hosted,0,0,self-hosted|1ES.Pool=1es-vscode-oss-windows-2022-x64|JobId=windows-test-Electron-Unit-36998248532-68545-1
36998248532,68545,Code OSS,pull_request,Giuspepe,User,human,110809793045,macOS / Electron,2026-10-02T10:56:38Z,2026-10-02T11:00:42Z,5,macos_xl,0.102,0.51,macos-26-xlarge
36998248532,68545,Code OSS,pull_request,Giuspepe,User,human,110809793077,macOS / Browser,2026-10-02T10:56:38Z,2026-10-02T11:00:43Z,5,macos_xl,0.102,0.51,macos-26-xlarge
36998248532,68545,Code OSS,pull_request,Giuspepe,User,human,110809793084,Linux / Browser,2026-10-02T10:56:32Z,2026-10-02T11:00:34Z,5,actions_linux,0.006,0.03,ubuntu-24.04
36998248532,68545,Code OSS,pull_request,Giuspepe,User,human,110809793143,macOS / Electron-Smoke,2026-10-02T10:56:37Z,2026-10-02T11:00:41Z,5,macos_xl,0.102,0.51,macos-26-xlarge
36998248099,13635,CodeQL,pull_request,Giuspepe,User,human,110809788003,Analyze (rust),2026-10-02T10:56:33Z,2026-10-02T11:01:40Z,6,actions_linux,0.006,0.036000000000000004,ubuntu-latest
36998248099,13635,CodeQL,pull_request,Giuspepe,User,human,110809788208,Analyze (javascript-typescript),2026-10-02T10:56:33Z,2026-10-02T11:03:01Z,7,actions_linux,0.006,0.042,ubuntu-latest
36998248076,119577,Telemetry,pull_request,Giuspepe,User,human,110809788042,Check metadata,2026-10-02T10:56:33Z,2026-10-02T10:57:49Z,2,actions_linux,0.006,0.012,ubuntu-latest
36998248034,175097,Monaco Editor checks,pull_request,Giuspepe,User,human,110809788306,Monaco Editor checks,2026-10-02T10:56:33Z,2026-10-02T11:01:00Z,5,actions_linux,0.006,0.03,ubuntu-latest
36998248012,36817,chat-lib tests,pull_request,Giuspepe,User,human,110809788091,chat-lib tests (windows-latest),2026-10-02T10:56:32Z,2026-10-02T10:59:01Z,3,actions_windows,0.01,0.03,windows-latest
36998248012,36817,chat-lib tests,pull_request,Giuspepe,User,human,110809788304,chat-lib tests (macos-latest),2026-10-02T10:56:40Z,2026-10-02T10:59:13Z,3,actions_macos,0.062,0.186,macos-latest
36998248012,36817,chat-lib tests,pull_request,Giuspepe,User,human,110809788398,chat-lib tests (ubuntu-latest),2026-10-02T10:56:33Z,2026-10-02T10:58:04Z,2,actions_linux,0.006,0.012,ubuntu-latest
36998248011,37859,Component Fixtures,pull_request,Giuspepe,User,human,110809788346,Screenshots,2026-10-02T10:56:33Z,2026-10-02T11:00:36Z,5,actions_linux,0.006,0.03,ubuntu-latest
36998248011,37859,Component Fixtures,pull_request,Giuspepe,User,human,110809788654,Playwright Fixture Tests,2026-10-02T10:56:33Z,2026-10-02T11:00:35Z,5,actions_linux,0.006,0.03,ubuntu-latest
36998248011,37859,Component Fixtures,pull_request,Giuspepe,User,human,110810971093,Screenshots & Tests,2026-10-02T11:00:44Z,2026-10-02T11:00:47Z,1,actions_linux,0.006,0.006,ubuntu-latest
36998189956,9854,Running Copilot Code Review,dynamic,Copilot,Bot,agent,110809612447,copilot-pull-request-reviewer,2026-10-02T10:55:55Z,2026-10-02T11:07:31Z,12,actions_linux,0.006,0.07200000000000001,vscode-large-runners
36996902820,9853,Running Copilot Code Review,dynamic,Copilot,Bot,agent,110805590933,copilot-pull-request-reviewer,2026-10-02T10:42:04Z,2026-10-02T10:46:55Z,5,actions_linux,0.006,0.03,vscode-large-runners
36996500675,68544,Code OSS,pull_request,lszomoru,User,human,110804331144,Compile & Hygiene,2026-10-02T10:37:50Z,2026-10-02T10:44:12Z,7,self_hosted,0,0,self-hosted|1ES.Pool=1es-vscode-oss-ubuntu-22.04-x64|JobId=compile-36996500675-68544-1
36996500675,68544,Code OSS,pull_request,lszomoru,User,human,110804331357,Copilot - Test (Linux),2026-10-02T10:37:49Z,2026-10-02T10:46:16Z,9,self_hosted,0,0,self-hosted|1ES.Pool=1es-vscode-oss-ubuntu-22.04-x64|JobId=copilot-linux-tests-36996500675-68544-1
36996500675,68544,Code OSS,pull_request,lszomoru,User,human,110804331387,macOS / Electron-Unit,2026-10-02T10:37:50Z,2026-10-02T10:45:31Z,8,macos_xl,0.102,0.816,macos-26-xlarge
36996500675,68544,Code OSS,pull_request,lszomoru,User,human,110804331418,Copilot - Check Test Cache,2026-10-02T10:37:55Z,2026-10-02T10:38:26Z,1,self_hosted,0,0,self-hosted|1ES.Pool=1es-vscode-oss-ubuntu-22.04-x64|JobId=copilot-check-test-cache-36996500675-68544-1
36996500675,68544,Code OSS,pull_request,lszomoru,User,human,110804331441,Linux / Electron,2026-10-02T10:37:44Z,2026-10-02T10:52:25Z,15,actions_linux,0.006,0.09,ubuntu-24.04
36996500675,68544,Code OSS,pull_request,lszomoru,User,human,110804331471,Windows / Electron-Unit,2026-10-02T10:37:50Z,2026-10-02T10:47:38Z,10,self_hosted,0,0,self-hosted|1ES.Pool=1es-vscode-oss-windows-2022-x64|JobId=windows-test-Electron-Unit-36996500675-68544-1
36996500675,68544,Code OSS,pull_request,lszomoru,User,human,110804331492,macOS / Electron,2026-10-02T10:37:48Z,2026-10-02T10:49:22Z,12,macos_xl,0.102,1.224,macos-26-xlarge
36996500675,68544,Code OSS,pull_request,lszomoru,User,human,110804331543,Copilot - Test (Windows),2026-10-02T10:37:50Z,2026-10-02T10:48:05Z,11,self_hosted,0,0,self-hosted|1ES.Pool=1es-vscode-oss-windows-2022-x64|JobId=copilot-windows-tests-36996500675-68544-1
36996500675,68544,Code OSS,pull_request,lszomoru,User,human,110804331548,Windows / Electron,2026-10-02T10:37:51Z,2026-10-02T11:02:36Z,25,self_hosted,0,0,self-hosted|1ES.Pool=1es-vscode-oss-windows-2022-x64|JobId=windows-test-Electron-36996500675-68544-1
36996500675,68544,Code OSS,pull_request,lszomoru,User,human,110804331557,macOS / Remote,2026-10-02T10:37:48Z,2026-10-02T10:48:23Z,11,macos_xl,0.102,1.1219999999999999,macos-26-xlarge
36996500675,68544,Code OSS,pull_request,lszomoru,User,human,110804331573,Linux / Electron-Smoke,2026-10-02T10:37:44Z,2026-10-02T10:58:27Z,21,actions_linux,0.006,0.126,ubuntu-24.04
36996500675,68544,Code OSS,pull_request,lszomoru,User,human,110804331596,Windows / Electron-Smoke,2026-10-02T10:37:49Z,2026-10-02T10:57:07Z,20,self_hosted,0,0,self-hosted|1ES.Pool=1es-vscode-oss-windows-2022-x64|JobId=windows-test-Electron-Smoke-36996500675-68544-1
36996500675,68544,Code OSS,pull_request,lszomoru,User,human,110804331604,Linux / Browser,2026-10-02T10:37:44Z,2026-10-02T10:50:29Z,13,actions_linux,0.006,0.078,ubuntu-24.04
36996500675,68544,Code OSS,pull_request,lszomoru,User,human,110804331618,Copilot - Check Telemetry,2026-10-02T10:37:56Z,2026-10-02T10:38:17Z,1,self_hosted,0,0,self-hosted|1ES.Pool=1es-vscode-oss-ubuntu-22.04-x64|JobId=copilot-check-telemetry-36996500675-68544-1
36996500675,68544,Code OSS,pull_request,lszomoru,User,human,110804331619,Linux / CLI,2026-10-02T10:37:55Z,2026-10-02T10:39:44Z,2,self_hosted,0,0,self-hosted|1ES.Pool=1es-vscode-oss-ubuntu-22.04-x64|JobId=linux-cli-test-CLI-36996500675-68544-1
36996500675,68544,Code OSS,pull_request,lszomoru,User,human,110804331622,macOS / Electron-Smoke,2026-10-02T10:37:48Z,2026-10-02T10:57:21Z,20,macos_xl,0.102,2.04,macos-26-xlarge
36996500675,68544,Code OSS,pull_request,lszomoru,User,human,110804331631,Windows / Browser,2026-10-02T10:37:50Z,2026-10-02T10:50:32Z,13,self_hosted,0,0,self-hosted|1ES.Pool=1es-vscode-oss-windows-2022-x64|JobId=windows-test-Browser-36996500675-68544-1
36996500675,68544,Code OSS,pull_request,lszomoru,User,human,110804331663,macOS / Browser,2026-10-02T10:37:48Z,2026-10-02T10:48:37Z,11,macos_xl,0.102,1.1219999999999999,macos-26-xlarge
36996500675,68544,Code OSS,pull_request,lszomoru,User,human,110804331707,Linux / Remote,2026-10-02T10:37:44Z,2026-10-02T10:52:01Z,15,actions_linux,0.006,0.09,ubuntu-24.04
36996500675,68544,Code OSS,pull_request,lszomoru,User,human,110804331740,Windows / Remote,2026-10-02T10:37:49Z,2026-10-02T10:51:45Z,14,self_hosted,0,0,self-hosted|1ES.Pool=1es-vscode-oss-windows-2022-x64|JobId=windows-test-Remote-36996500675-68544-1
36996500675,68544,Code OSS,pull_request,lszomoru,User,human,110804331809,Linux / Electron-Unit,2026-10-02T10:37:44Z,2026-10-02T10:46:03Z,9,actions_linux,0.006,0.054,ubuntu-24.04
36996500396,175096,Monaco Editor checks,pull_request,lszomoru,User,human,110804328171,Monaco Editor checks,2026-10-02T10:37:39Z,2026-10-02T10:41:16Z,4,actions_linux,0.006,0.024,ubuntu-latest
36996500380,37858,Component Fixtures,pull_request,lszomoru,User,human,110804328585,Screenshots,2026-10-02T10:37:39Z,2026-10-02T10:46:05Z,9,actions_linux,0.006,0.054,ubuntu-latest
36996500380,37858,Component Fixtures,pull_request,lszomoru,User,human,110804328744,Playwright Fixture Tests,2026-10-02T10:37:39Z,2026-10-02T10:44:49Z,8,actions_linux,0.006,0.048,ubuntu-latest
36996500380,37858,Component Fixtures,pull_request,lszomoru,User,human,110806821941,Screenshots & Tests,2026-10-02T10:46:14Z,2026-10-02T10:46:19Z,1,actions_linux,0.006,0.006,ubuntu-latest
36996500325,36816,chat-lib tests,pull_request,lszomoru,User,human,110804328605,chat-lib tests (macos-latest),2026-10-02T10:37:46Z,2026-10-02T10:40:15Z,3,actions_macos,0.062,0.186,macos-latest
36996500325,36816,chat-lib tests,pull_request,lszomoru,User,human,110804328620,chat-lib tests (ubuntu-latest),2026-10-02T10:37:40Z,2026-10-02T10:39:27Z,2,actions_linux,0.006,0.012,ubuntu-latest
36996500325,36816,chat-lib tests,pull_request,lszomoru,User,human,110804328638,chat-lib tests (windows-latest),2026-10-02T10:37:39Z,2026-10-02T10:40:32Z,3,actions_windows,0.01,0.03,windows-latest
36996500324,13634,CodeQL,pull_request,lszomoru,User,human,110804327844,Analyze (rust),2026-10-02T10:37:39Z,2026-10-02T10:41:14Z,4,actions_linux,0.006,0.024,ubuntu-latest
36996500324,13634,CodeQL,pull_request,lszomoru,User,human,110804327978,Analyze (javascript-typescript),2026-10-02T10:37:39Z,2026-10-02T10:43:55Z,7,actions_linux,0.006,0.042,ubuntu-latest
36996500316,119576,Telemetry,pull_request,lszomoru,User,human,110804327666,Check metadata,2026-10-02T10:37:39Z,2026-10-02T10:38:42Z,2,actions_linux,0.006,0.012,ubuntu-latest
36995846737,68543,Code OSS,pull_request,dmitrivMS,User,human,110802249810,Compile & Hygiene,2026-10-02T10:30:45Z,2026-10-02T10:37:05Z,7,self_hosted,0,0,self-hosted|1ES.Pool=1es-vscode-oss-ubuntu-22.04-x64|JobId=compile-36995846737-68543-1
36995846737,68543,Code OSS,pull_request,dmitrivMS,User,human,110802249946,Copilot - Check Test Cache,2026-10-02T10:30:44Z,2026-10-02T10:31:15Z,1,self_hosted,0,0,self-hosted|1ES.Pool=1es-vscode-oss-ubuntu-22.04-x64|JobId=copilot-check-test-cache-36995846737-68543-1
36995846737,68543,Code OSS,pull_request,dmitrivMS,User,human,110802249993,Linux / Electron,2026-10-02T10:30:37Z,2026-10-02T10:44:58Z,15,actions_linux,0.006,0.09,ubuntu-24.04
36995846737,68543,Code OSS,pull_request,dmitrivMS,User,human,110802249999,macOS / Remote,2026-10-02T10:30:42Z,2026-10-02T10:42:27Z,12,macos_xl,0.102,1.224,macos-26-xlarge
36995846737,68543,Code OSS,pull_request,dmitrivMS,User,human,110802250003,Windows / Electron-Smoke,2026-10-02T10:30:45Z,2026-10-02T10:50:00Z,20,self_hosted,0,0,self-hosted|1ES.Pool=1es-vscode-oss-windows-2022-x64|JobId=windows-test-Electron-Smoke-36995846737-68543-1
36995846737,68543,Code OSS,pull_request,dmitrivMS,User,human,110802250031,Linux / Electron-Smoke,2026-10-02T10:30:37Z,2026-10-02T10:46:22Z,16,actions_linux,0.006,0.096,ubuntu-24.04
36995846737,68543,Code OSS,pull_request,dmitrivMS,User,human,110802250056,Windows / Electron,2026-10-02T10:30:45Z,2026-10-02T10:55:39Z,25,self_hosted,0,0,self-hosted|1ES.Pool=1es-vscode-oss-windows-2022-x64|JobId=windows-test-Electron-36995846737-68543-1
36995846737,68543,Code OSS,pull_request,dmitrivMS,User,human,110802250057,macOS / Electron-Smoke,2026-10-02T10:30:41Z,2026-10-02T10:50:19Z,20,macos_xl,0.102,2.04,macos-26-xlarge
36995846737,68543,Code OSS,pull_request,dmitrivMS,User,human,110802250091,macOS / Browser,2026-10-02T10:30:41Z,2026-10-02T10:41:42Z,12,macos_xl,0.102,1.224,macos-26-xlarge
36995846737,68543,Code OSS,pull_request,dmitrivMS,User,human,110802250100,Linux / Browser,2026-10-02T10:30:37Z,2026-10-02T10:43:34Z,13,actions_linux,0.006,0.078,ubuntu-24.04
36995846737,68543,Code OSS,pull_request,dmitrivMS,User,human,110802250104,Linux / CLI,2026-10-02T10:30:45Z,2026-10-02T10:32:32Z,2,self_hosted,0,0,self-hosted|1ES.Pool=1es-vscode-oss-ubuntu-22.04-x64|JobId=linux-cli-test-CLI-36995846737-68543-1
36995846737,68543,Code OSS,pull_request,dmitrivMS,User,human,110802250112,Copilot - Test (Windows),2026-10-02T10:30:44Z,2026-10-02T10:41:44Z,11,self_hosted,0,0,self-hosted|1ES.Pool=1es-vscode-oss-windows-2022-x64|JobId=copilot-windows-tests-36995846737-68543-1
36995846737,68543,Code OSS,pull_request,dmitrivMS,User,human,110802250122,macOS / Electron-Unit,2026-10-02T10:30:42Z,2026-10-02T10:38:36Z,8,macos_xl,0.102,0.816,macos-26-xlarge
36995846737,68543,Code OSS,pull_request,dmitrivMS,User,human,110802250140,Windows / Remote,2026-10-02T10:30:44Z,2026-10-02T10:44:09Z,14,self_hosted,0,0,self-hosted|1ES.Pool=1es-vscode-oss-windows-2022-x64|JobId=windows-test-Remote-36995846737-68543-1
36995846737,68543,Code OSS,pull_request,dmitrivMS,User,human,110802250149,Windows / Electron-Unit,2026-10-02T10:30:43Z,2026-10-02T10:40:29Z,10,self_hosted,0,0,self-hosted|1ES.Pool=1es-vscode-oss-windows-2022-x64|JobId=windows-test-Electron-Unit-36995846737-68543-1
36995846737,68543,Code OSS,pull_request,dmitrivMS,User,human,110802250188,Linux / Electron-Unit,2026-10-02T10:30:38Z,2026-10-02T10:39:02Z,9,actions_linux,0.006,0.054,ubuntu-24.04
36995846737,68543,Code OSS,pull_request,dmitrivMS,User,human,110802250198,Windows / Browser,2026-10-02T10:30:44Z,2026-10-02T10:43:51Z,14,self_hosted,0,0,self-hosted|1ES.Pool=1es-vscode-oss-windows-2022-x64|JobId=windows-test-Browser-36995846737-68543-1
36995846737,68543,Code OSS,pull_request,dmitrivMS,User,human,110802250256,macOS / Electron,2026-10-02T10:30:41Z,2026-10-02T10:42:14Z,12,macos_xl,0.102,1.224,macos-26-xlarge
36995846737,68543,Code OSS,pull_request,dmitrivMS,User,human,110802250260,Copilot - Check Telemetry,2026-10-02T10:30:45Z,2026-10-02T10:31:03Z,1,self_hosted,0,0,self-hosted|1ES.Pool=1es-vscode-oss-ubuntu-22.04-x64|JobId=copilot-check-telemetry-36995846737-68543-1
36995846737,68543,Code OSS,pull_request,dmitrivMS,User,human,110802250278,Linux / Remote,2026-10-02T10:30:37Z,2026-10-02T10:43:51Z,14,actions_linux,0.006,0.084,ubuntu-24.04
36995846737,68543,Code OSS,pull_request,dmitrivMS,User,human,110802250317,Copilot - Test (Linux),2026-10-02T10:30:46Z,2026-10-02T10:39:02Z,9,self_hosted,0,0,self-hosted|1ES.Pool=1es-vscode-oss-ubuntu-22.04-x64|JobId=copilot-linux-tests-36995846737-68543-1
36995846550,119575,Telemetry,pull_request,dmitrivMS,User,human,110802248460,Check metadata,2026-10-02T10:30:38Z,2026-10-02T10:31:52Z,2,actions_linux,0.006,0.012,ubuntu-latest
36995846356,175095,Monaco Editor checks,pull_request,dmitrivMS,User,human,110802247547,Monaco Editor checks,2026-10-02T10:30:39Z,2026-10-02T10:35:58Z,6,actions_linux,0.006,0.036000000000000004,ubuntu-latest
36995846296,13633,CodeQL,pull_request,dmitrivMS,User,human,110802247003,Analyze (rust),2026-10-02T10:30:38Z,2026-10-02T10:34:43Z,5,actions_linux,0.006,0.03,ubuntu-latest
36995846296,13633,CodeQL,pull_request,dmitrivMS,User,human,110802247136,Analyze (javascript-typescript),2026-10-02T10:30:37Z,2026-10-02T10:39:12Z,9,actions_linux,0.006,0.054,ubuntu-latest
36995846256,37857,Component Fixtures,pull_request,dmitrivMS,User,human,110802246654,Playwright Fixture Tests,2026-10-02T10:30:38Z,2026-10-02T10:37:46Z,8,actions_linux,0.006,0.048,ubuntu-latest
36995846256,37857,Component Fixtures,pull_request,dmitrivMS,User,human,110802246854,Screenshots,2026-10-02T10:30:38Z,2026-10-02T10:38:21Z,8,actions_linux,0.006,0.048,ubuntu-latest
36995846256,37857,Component Fixtures,pull_request,dmitrivMS,User,human,110804550843,Screenshots & Tests,2026-10-02T10:38:25Z,2026-10-02T10:38:28Z,1,actions_linux,0.006,0.006,ubuntu-latest
36995846230,36815,chat-lib tests,pull_request,dmitrivMS,User,human,110802247006,chat-lib tests (macos-latest),2026-10-02T10:30:43Z,2026-10-02T10:32:39Z,2,actions_macos,0.062,0.124,macos-latest
36995846230,36815,chat-lib tests,pull_request,dmitrivMS,User,human,110802247055,chat-lib tests (ubuntu-latest),2026-10-02T10:30:37Z,2026-10-02T10:32:21Z,2,actions_linux,0.006,0.012,ubuntu-latest
36995846230,36815,chat-lib tests,pull_request,dmitrivMS,User,human,110802247182,chat-lib tests (windows-latest),2026-10-02T10:30:38Z,2026-10-02T10:33:36Z,3,actions_windows,0.01,0.03,windows-latest
36995503937,68542,Code OSS,pull_request,benibenj,User,human,110810167102,Windows / Electron,2026-10-02T10:58:03Z,2026-10-02T11:22:43Z,25,self_hosted,0,0,self-hosted|1ES.Pool=1es-vscode-oss-windows-2022-x64|JobId=windows-test-Electron-36995503937-68542-2
36995503937,68542,Code OSS,pull_request,benibenj,User,human,110810168051,Compile & Hygiene,2026-10-02T10:26:59Z,2026-10-02T10:33:31Z,7,self_hosted,0,0,self-hosted|1ES.Pool=1es-vscode-oss-ubuntu-22.04-x64|JobId=compile-36995503937-68542-1
36995503937,68542,Code OSS,pull_request,benibenj,User,human,110810168453,Windows / Browser,2026-10-02T10:27:00Z,2026-10-02T10:39:58Z,13,self_hosted,0,0,self-hosted|1ES.Pool=1es-vscode-oss-windows-2022-x64|JobId=windows-test-Browser-36995503937-68542-1
36995503937,68542,Code OSS,pull_request,benibenj,User,human,110810168460,Windows / Remote,2026-10-02T10:27:01Z,2026-10-02T10:40:23Z,14,self_hosted,0,0,self-hosted|1ES.Pool=1es-vscode-oss-windows-2022-x64|JobId=windows-test-Remote-36995503937-68542-1
36995503937,68542,Code OSS,pull_request,benibenj,User,human,110810168482,macOS / Remote,2026-10-02T10:26:56Z,2026-10-02T10:37:35Z,11,macos_xl,0.102,1.1219999999999999,macos-26-xlarge
36995503937,68542,Code OSS,pull_request,benibenj,User,human,110810168655,macOS / Electron,2026-10-02T10:26:56Z,2026-10-02T10:38:03Z,12,macos_xl,0.102,1.224,macos-26-xlarge
36995503937,68542,Code OSS,pull_request,benibenj,User,human,110810168695,Linux / Browser,2026-10-02T10:26:52Z,2026-10-02T10:39:33Z,13,actions_linux,0.006,0.078,ubuntu-24.04
36995503937,68542,Code OSS,pull_request,benibenj,User,human,110810168773,macOS / Electron-Smoke,2026-10-02T10:26:57Z,2026-10-02T10:47:30Z,21,macos_xl,0.102,2.142,macos-26-xlarge
36995503937,68542,Code OSS,pull_request,benibenj,User,human,110810168961,macOS / Browser,2026-10-02T10:26:56Z,2026-10-02T10:38:34Z,12,macos_xl,0.102,1.224,macos-26-xlarge
36995503937,68542,Code OSS,pull_request,benibenj,User,human,110810168965,Windows / Electron-Unit,2026-10-02T10:27:01Z,2026-10-02T10:36:49Z,10,self_hosted,0,0,self-hosted|1ES.Pool=1es-vscode-oss-windows-2022-x64|JobId=windows-test-Electron-Unit-36995503937-68542-1
36995503937,68542,Code OSS,pull_request,benibenj,User,human,110810169130,Linux / Electron,2026-10-02T10:26:52Z,2026-10-02T10:39:38Z,13,actions_linux,0.006,0.078,ubuntu-24.04
36995503937,68542,Code OSS,pull_request,benibenj,User,human,110810193278,Linux / Electron-Unit,2026-10-02T10:26:52Z,2026-10-02T10:33:19Z,7,actions_linux,0.006,0.042,ubuntu-24.04
36995503937,68542,Code OSS,pull_request,benibenj,User,human,110810193927,Windows / Electron-Smoke,2026-10-02T10:27:00Z,2026-10-02T10:46:08Z,20,self_hosted,0,0,self-hosted|1ES.Pool=1es-vscode-oss-windows-2022-x64|JobId=windows-test-Electron-Smoke-36995503937-68542-1
36995503937,68542,Code OSS,pull_request,benibenj,User,human,110810197298,Copilot - Test (Windows),2026-10-02T10:26:59Z,2026-10-02T10:37:51Z,11,self_hosted,0,0,self-hosted|1ES.Pool=1es-vscode-oss-windows-2022-x64|JobId=copilot-windows-tests-36995503937-68542-1
36995503937,68542,Code OSS,pull_request,benibenj,User,human,110810198434,Copilot - Test (Linux),2026-10-02T10:27:00Z,2026-10-02T10:35:14Z,9,self_hosted,0,0,self-hosted|1ES.Pool=1es-vscode-oss-ubuntu-22.04-x64|JobId=copilot-linux-tests-36995503937-68542-1
36995503937,68542,Code OSS,pull_request,benibenj,User,human,110810202366,Linux / Electron-Smoke,2026-10-02T10:26:53Z,2026-10-02T10:48:20Z,22,actions_linux,0.006,0.132,ubuntu-24.04
36995503937,68542,Code OSS,pull_request,benibenj,User,human,110810202492,macOS / Electron-Unit,2026-10-02T10:26:56Z,2026-10-02T10:34:41Z,8,macos_xl,0.102,0.816,macos-26-xlarge
36995503937,68542,Code OSS,pull_request,benibenj,User,human,110810202952,Linux / CLI,2026-10-02T10:27:06Z,2026-10-02T10:28:56Z,2,self_hosted,0,0,self-hosted|1ES.Pool=1es-vscode-oss-ubuntu-22.04-x64|JobId=linux-cli-test-CLI-36995503937-68542-1
36995503937,68542,Code OSS,pull_request,benibenj,User,human,110810206272,Copilot - Check Test Cache,2026-10-02T10:27:00Z,2026-10-02T10:27:32Z,1,self_hosted,0,0,self-hosted|1ES.Pool=1es-vscode-oss-ubuntu-22.04-x64|JobId=copilot-check-test-cache-36995503937-68542-1
36995503937,68542,Code OSS,pull_request,benibenj,User,human,110810209425,Copilot - Check Telemetry,2026-10-02T10:26:59Z,2026-10-02T10:27:17Z,1,self_hosted,0,0,self-hosted|1ES.Pool=1es-vscode-oss-ubuntu-22.04-x64|JobId=copilot-check-telemetry-36995503937-68542-1
36995503937,68542,Code OSS,pull_request,benibenj,User,human,110810215325,Linux / Remote,2026-10-02T10:26:52Z,2026-10-02T10:41:33Z,15,actions_linux,0.006,0.09,ubuntu-24.04
36995503732,36814,chat-lib tests,pull_request,benibenj,User,human,110801176306,chat-lib tests (ubuntu-latest),2026-10-02T10:26:52Z,2026-10-02T10:28:33Z,2,actions_linux,0.006,0.012,ubuntu-latest
36995503732,36814,chat-lib tests,pull_request,benibenj,User,human,110801176403,chat-lib tests (macos-latest),2026-10-02T10:26:57Z,2026-10-02T10:28:56Z,2,actions_macos,0.062,0.124,macos-latest
36995503732,36814,chat-lib tests,pull_request,benibenj,User,human,110801176468,chat-lib tests (windows-latest),2026-10-02T10:26:53Z,2026-10-02T10:29:45Z,3,actions_windows,0.01,0.03,windows-latest
36995503726,175094,Monaco Editor checks,pull_request,benibenj,User,human,110801175926,Monaco Editor checks,2026-10-02T10:26:52Z,2026-10-02T10:31:40Z,5,actions_linux,0.006,0.03,ubuntu-latest
36995503722,119574,Telemetry,pull_request,benibenj,User,human,110801175890,Check metadata,2026-10-02T10:26:51Z,2026-10-02T10:28:02Z,2,actions_linux,0.006,0.012,ubuntu-latest
36995503720,13632,CodeQL,pull_request,benibenj,User,human,110801175941,Analyze (javascript-typescript),2026-10-02T10:26:51Z,2026-10-02T10:34:52Z,9,actions_linux,0.006,0.054,ubuntu-latest
36995503720,13632,CodeQL,pull_request,benibenj,User,human,110801176258,Analyze (rust),2026-10-02T10:26:51Z,2026-10-02T10:31:10Z,5,actions_linux,0.006,0.03,ubuntu-latest
36995503696,37856,Component Fixtures,pull_request,benibenj,User,human,110801176209,Playwright Fixture Tests,2026-10-02T10:26:52Z,2026-10-02T10:34:13Z,8,actions_linux,0.006,0.048,ubuntu-latest
36995503696,37856,Component Fixtures,pull_request,benibenj,User,human,110801176364,Screenshots,2026-10-02T10:26:52Z,2026-10-02T10:34:40Z,8,actions_linux,0.006,0.048,ubuntu-latest
36995503696,37856,Component Fixtures,pull_request,benibenj,User,human,110803476755,Screenshots & Tests,2026-10-02T10:34:48Z,2026-10-02T10:34:50Z,1,actions_linux,0.006,0.006,ubuntu-latest
36994917285,13631,CodeQL,push,sandy081,User,human,110799331853,Analyze (rust),2026-10-02T10:20:32Z,2026-10-02T10:26:15Z,6,actions_linux,0.006,0.036000000000000004,ubuntu-latest
36994917285,13631,CodeQL,push,sandy081,User,human,110799331949,Analyze (javascript-typescript),2026-10-02T10:20:32Z,2026-10-02T11:04:02Z,44,actions_linux,0.006,0.264,ubuntu-latest
36994916900,175093,Monaco Editor checks,push,sandy081,User,human,110799329766,Monaco Editor checks,2026-10-02T10:20:32Z,2026-10-02T10:25:36Z,6,actions_linux,0.006,0.036000000000000004,ubuntu-latest
36994916860,37855,Component Fixtures,push,sandy081,User,human,110799329865,Screenshots,2026-10-02T10:20:34Z,2026-10-02T10:28:23Z,8,actions_linux,0.006,0.048,ubuntu-latest
36994916860,37855,Component Fixtures,push,sandy081,User,human,110799330218,Playwright Fixture Tests,2026-10-02T10:20:32Z,2026-10-02T10:26:27Z,6,actions_linux,0.006,0.036000000000000004,ubuntu-latest
36994916860,37855,Component Fixtures,push,sandy081,User,human,110801650859,Screenshots & Tests,2026-10-02T10:28:27Z,2026-10-02T10:28:29Z,1,actions_linux,0.006,0.006,ubuntu-latest
36994916769,18851,Code OSS (node_modules),push,sandy081,User,human,110799329085,Copilot (Windows),2026-10-02T10:20:35Z,2026-10-02T10:21:08Z,1,self_hosted,0,0,self-hosted|1ES.Pool=1es-vscode-oss-windows-2022-x64|JobId=copilot-windows-36994916769-18851-1
36994916769,18851,Code OSS (node_modules),push,sandy081,User,human,110799329284,Copilot (Linux),2026-10-02T10:20:36Z,2026-10-02T10:20:54Z,1,self_hosted,0,0,self-hosted|1ES.Pool=1es-vscode-oss-ubuntu-22.04-x64|JobId=copilot-linux-36994916769-18851-1
36994916769,18851,Code OSS (node_modules),push,sandy081,User,human,110799329348,macOS,2026-10-02T10:20:35Z,2026-10-02T10:20:54Z,1,macos_xl,0.102,0.102,macos-26-xlarge
36994916769,18851,Code OSS (node_modules),push,sandy081,User,human,110799329350,Linux,2026-10-02T10:20:36Z,2026-10-02T10:20:54Z,1,self_hosted,0,0,self-hosted|1ES.Pool=1es-vscode-oss-ubuntu-22.04-x64|JobId=linux-36994916769-18851-1
36994916769,18851,Code OSS (node_modules),push,sandy081,User,human,110799329395,Windows,2026-10-02T10:20:36Z,2026-10-02T10:21:10Z,1,self_hosted,0,0,self-hosted|1ES.Pool=1es-vscode-oss-windows-2022-x64|JobId=windows-36994916769-18851-1
36994916769,18851,Code OSS (node_modules),push,sandy081,User,human,110799329425,Compile,2026-10-02T10:20:45Z,2026-10-02T10:21:20Z,1,self_hosted,0,0,self-hosted|1ES.Pool=1es-vscode-oss-ubuntu-22.04-x64|JobId=compile-36994916769-18851-1
36994507907,37854,Component Fixtures,push,chrmarti,User,human,110798022303,Playwright Fixture Tests,2026-10-02T10:16:01Z,2026-10-02T10:21:54Z,6,actions_linux,0.006,0.036000000000000004,ubuntu-latest
36994507907,37854,Component Fixtures,push,chrmarti,User,human,110798022738,Screenshots,2026-10-02T10:16:01Z,2026-10-02T10:23:53Z,8,actions_linux,0.006,0.048,ubuntu-latest
36994507907,37854,Component Fixtures,push,chrmarti,User,human,110800354403,Screenshots & Tests,2026-10-02T10:23:58Z,2026-10-02T10:24:00Z,1,actions_linux,0.006,0.006,ubuntu-latest
36994507780,18850,Code OSS (node_modules),push,chrmarti,User,human,110798020691,macOS,2026-10-02T10:16:05Z,2026-10-02T10:16:24Z,1,macos_xl,0.102,0.102,macos-26-xlarge
36994507780,18850,Code OSS (node_modules),push,chrmarti,User,human,110798020978,Windows,2026-10-02T10:16:08Z,2026-10-02T10:16:41Z,1,self_hosted,0,0,self-hosted|1ES.Pool=1es-vscode-oss-windows-2022-x64|JobId=windows-36994507780-18850-1
36994507780,18850,Code OSS (node_modules),push,chrmarti,User,human,110798021015,Linux,2026-10-02T10:16:12Z,2026-10-02T10:16:27Z,1,self_hosted,0,0,self-hosted|1ES.Pool=1es-vscode-oss-ubuntu-22.04-x64|JobId=linux-36994507780-18850-1
36994507780,18850,Code OSS (node_modules),push,chrmarti,User,human,110798021021,Compile,2026-10-02T10:16:09Z,2026-10-02T10:16:44Z,1,self_hosted,0,0,self-hosted|1ES.Pool=1es-vscode-oss-ubuntu-22.04-x64|JobId=compile-36994507780-18850-1
36994507780,18850,Code OSS (node_modules),push,chrmarti,User,human,110798021054,Copilot (Linux),2026-10-02T10:16:12Z,2026-10-02T10:16:27Z,1,self_hosted,0,0,self-hosted|1ES.Pool=1es-vscode-oss-ubuntu-22.04-x64|JobId=copilot-linux-36994507780-18850-1
36994507780,18850,Code OSS (node_modules),push,chrmarti,User,human,110798021067,Copilot (Windows),2026-10-02T10:16:09Z,2026-10-02T10:16:45Z,1,self_hosted,0,0,self-hosted|1ES.Pool=1es-vscode-oss-windows-2022-x64|JobId=copilot-windows-36994507780-18850-1
36994507749,175092,Monaco Editor checks,push,chrmarti,User,human,110798020103,Monaco Editor checks,2026-10-02T10:16:00Z,2026-10-02T10:20:54Z,5,actions_linux,0.006,0.03,ubuntu-latest
36994507711,13630,CodeQL,push,chrmarti,User,human,110798019989,Analyze (javascript-typescript),2026-10-02T10:16:00Z,2026-10-02T10:50:29Z,35,actions_linux,0.006,0.21,ubuntu-latest
36994507711,13630,CodeQL,push,chrmarti,User,human,110798020212,Analyze (rust),2026-10-02T10:16:01Z,2026-10-02T10:21:35Z,6,actions_linux,0.006,0.036000000000000004,ubuntu-latest
36993753914,9852,Running Copilot Code Review,dynamic,Copilot,Bot,agent,110795651046,copilot-pull-request-reviewer,2026-10-02T10:08:04Z,2026-10-02T10:13:35Z,6,actions_linux,0.006,0.036000000000000004,vscode-large-runners
36993740803,175090,Monaco Editor checks,pull_request,lszomoru,User,human,110795603713,Monaco Editor checks,2026-10-02T10:07:51Z,2026-10-02T10:11:57Z,5,actions_linux,0.006,0.03,ubuntu-latest
36993740717,68540,Code OSS,pull_request,lszomoru,User,human,110795605134,Compile & Hygiene,2026-10-02T10:08:00Z,2026-10-02T10:14:46Z,7,self_hosted,0,0,self-hosted|1ES.Pool=1es-vscode-oss-ubuntu-22.04-x64|JobId=compile-36993740717-68540-1
36993740717,68540,Code OSS,pull_request,lszomoru,User,human,110795605179,Linux / Remote,2026-10-02T10:07:53Z,2026-10-02T10:22:27Z,15,actions_linux,0.006,0.09,ubuntu-24.04
36993740717,68540,Code OSS,pull_request,lszomoru,User,human,110795605209,macOS / Electron-Unit,2026-10-02T10:07:55Z,2026-10-02T10:15:51Z,8,macos_xl,0.102,0.816,macos-26-xlarge
36993740717,68540,Code OSS,pull_request,lszomoru,User,human,110795605219,Linux / Electron-Smoke,2026-10-02T10:07:53Z,2026-10-02T10:22:45Z,15,actions_linux,0.006,0.09,ubuntu-24.04
36993740717,68540,Code OSS,pull_request,lszomoru,User,human,110795605276,Copilot - Check Telemetry,2026-10-02T10:07:58Z,2026-10-02T10:08:21Z,1,self_hosted,0,0,self-hosted|1ES.Pool=1es-vscode-oss-ubuntu-22.04-x64|JobId=copilot-check-telemetry-36993740717-68540-1
36993740717,68540,Code OSS,pull_request,lszomoru,User,human,110795605391,macOS / Browser,2026-10-02T10:07:55Z,2026-10-02T10:19:34Z,12,macos_xl,0.102,1.224,macos-26-xlarge
36993740717,68540,Code OSS,pull_request,lszomoru,User,human,110795605393,Windows / Electron,2026-10-02T10:08:00Z,2026-10-02T10:32:36Z,25,self_hosted,0,0,self-hosted|1ES.Pool=1es-vscode-oss-windows-2022-x64|JobId=windows-test-Electron-36993740717-68540-1
36993740717,68540,Code OSS,pull_request,lszomoru,User,human,110795605417,macOS / Electron,2026-10-02T10:07:56Z,2026-10-02T10:20:27Z,13,macos_xl,0.102,1.3259999999999998,macos-26-xlarge
36993740717,68540,Code OSS,pull_request,lszomoru,User,human,110795605422,Windows / Remote,2026-10-02T10:07:59Z,2026-10-02T10:21:46Z,14,self_hosted,0,0,self-hosted|1ES.Pool=1es-vscode-oss-windows-2022-x64|JobId=windows-test-Remote-36993740717-68540-1
36993740717,68540,Code OSS,pull_request,lszomoru,User,human,110795605442,macOS / Remote,2026-10-02T10:07:55Z,2026-10-02T10:18:26Z,11,macos_xl,0.102,1.1219999999999999,macos-26-xlarge
36993740717,68540,Code OSS,pull_request,lszomoru,User,human,110795605452,Windows / Electron-Smoke,2026-10-02T10:07:59Z,2026-10-02T10:26:44Z,19,self_hosted,0,0,self-hosted|1ES.Pool=1es-vscode-oss-windows-2022-x64|JobId=windows-test-Electron-Smoke-36993740717-68540-1
36993740717,68540,Code OSS,pull_request,lszomoru,User,human,110795605477,Linux / CLI,2026-10-02T10:08:00Z,2026-10-02T10:09:53Z,2,self_hosted,0,0,self-hosted|1ES.Pool=1es-vscode-oss-ubuntu-22.04-x64|JobId=linux-cli-test-CLI-36993740717-68540-1
36993740717,68540,Code OSS,pull_request,lszomoru,User,human,110795605486,macOS / Electron-Smoke,2026-10-02T10:07:56Z,2026-10-02T10:28:00Z,21,macos_xl,0.102,2.142,macos-26-xlarge
36993740717,68540,Code OSS,pull_request,lszomoru,User,human,110795605487,Windows / Electron-Unit,2026-10-02T10:07:58Z,2026-10-02T10:17:54Z,10,self_hosted,0,0,self-hosted|1ES.Pool=1es-vscode-oss-windows-2022-x64|JobId=windows-test-Electron-Unit-36993740717-68540-1
36993740717,68540,Code OSS,pull_request,lszomoru,User,human,110795605525,Copilot - Check Test Cache,2026-10-02T10:07:58Z,2026-10-02T10:08:27Z,1,self_hosted,0,0,self-hosted|1ES.Pool=1es-vscode-oss-ubuntu-22.04-x64|JobId=copilot-check-test-cache-36993740717-68540-1
36993740717,68540,Code OSS,pull_request,lszomoru,User,human,110795605541,Windows / Browser,2026-10-02T10:08:00Z,2026-10-02T10:21:30Z,14,self_hosted,0,0,self-hosted|1ES.Pool=1es-vscode-oss-windows-2022-x64|JobId=windows-test-Browser-36993740717-68540-1
36993740717,68540,Code OSS,pull_request,lszomoru,User,human,110795605553,Copilot - Test (Windows),2026-10-02T10:07:59Z,2026-10-02T10:18:59Z,11,self_hosted,0,0,self-hosted|1ES.Pool=1es-vscode-oss-windows-2022-x64|JobId=copilot-windows-tests-36993740717-68540-1
36993740717,68540,Code OSS,pull_request,lszomoru,User,human,110795605573,Copilot - Test (Linux),2026-10-02T10:07:58Z,2026-10-02T10:16:21Z,9,self_hosted,0,0,self-hosted|1ES.Pool=1es-vscode-oss-ubuntu-22.04-x64|JobId=copilot-linux-tests-36993740717-68540-1
36993740717,68540,Code OSS,pull_request,lszomoru,User,human,110795605602,Linux / Electron-Unit,2026-10-02T10:07:53Z,2026-10-02T10:14:58Z,8,actions_linux,0.006,0.048,ubuntu-24.04
36993740717,68540,Code OSS,pull_request,lszomoru,User,human,110795605624,Linux / Electron,2026-10-02T10:07:53Z,2026-10-02T10:23:07Z,16,actions_linux,0.006,0.096,ubuntu-24.04
36993740717,68540,Code OSS,pull_request,lszomoru,User,human,110795605777,Linux / Browser,2026-10-02T10:07:53Z,2026-10-02T10:20:56Z,14,actions_linux,0.006,0.084,ubuntu-24.04
36993740444,13628,CodeQL,pull_request,lszomoru,User,human,110795602575,Analyze (javascript-typescript),2026-10-02T10:07:51Z,2026-10-02T10:15:13Z,8,actions_linux,0.006,0.048,ubuntu-latest
36993740444,13628,CodeQL,pull_request,lszomoru,User,human,110795602941,Analyze (rust),2026-10-02T10:07:51Z,2026-10-02T10:11:54Z,5,actions_linux,0.006,0.03,ubuntu-latest
36993740421,119572,Telemetry,pull_request,lszomoru,User,human,110795602479,Check metadata,2026-10-02T10:07:51Z,2026-10-02T10:09:08Z,2,actions_linux,0.006,0.012,ubuntu-latest
36993740345,36812,chat-lib tests,pull_request,lszomoru,User,human,110795603418,chat-lib tests (windows-latest),2026-10-02T10:07:53Z,2026-10-02T10:10:38Z,3,actions_windows,0.01,0.03,windows-latest
36993740345,36812,chat-lib tests,pull_request,lszomoru,User,human,110795603580,chat-lib tests (macos-latest),2026-10-02T10:07:57Z,2026-10-02T10:10:05Z,3,actions_macos,0.062,0.186,macos-latest
36993740345,36812,chat-lib tests,pull_request,lszomoru,User,human,110795603634,chat-lib tests (ubuntu-latest),2026-10-02T10:07:51Z,2026-10-02T10:09:43Z,2,actions_linux,0.006,0.012,ubuntu-latest
36993740336,37852,Component Fixtures,pull_request,lszomoru,User,human,110795602595,Screenshots,2026-10-02T10:07:52Z,2026-10-02T10:15:47Z,8,actions_linux,0.006,0.048,ubuntu-latest
36993740336,37852,Component Fixtures,pull_request,lszomoru,User,human,110795602774,Playwright Fixture Tests,2026-10-02T10:07:51Z,2026-10-02T10:13:38Z,6,actions_linux,0.006,0.036000000000000004,ubuntu-latest
36993740336,37852,Component Fixtures,pull_request,lszomoru,User,human,110797975919,Screenshots & Tests,2026-10-02T10:15:51Z,2026-10-02T10:15:56Z,1,actions_linux,0.006,0.006,ubuntu-latest
36993480071,9851,Running Copilot Code Review,dynamic,Copilot,Bot,agent,110794781653,copilot-pull-request-reviewer,2026-10-02T10:05:13Z,2026-10-02T10:12:20Z,8,actions_linux,0.006,0.048,vscode-large-runners
36993478053,68539,Code OSS,pull_request,benibenj,User,human,110794770338,Compile & Hygiene,2026-10-02T10:05:16Z,2026-10-02T10:11:55Z,7,self_hosted,0,0,self-hosted|1ES.Pool=1es-vscode-oss-ubuntu-22.04-x64|JobId=compile-36993478053-68539-1
36993478053,68539,Code OSS,pull_request,benibenj,User,human,110794770510,Linux / Browser,2026-10-02T10:05:12Z,2026-10-02T10:12:39Z,8,actions_linux,0.006,0.048,ubuntu-24.04
36993478053,68539,Code OSS,pull_request,benibenj,User,human,110794770522,Linux / Electron,2026-10-02T10:05:12Z,2026-10-02T10:20:30Z,16,actions_linux,0.006,0.096,ubuntu-24.04
36993478053,68539,Code OSS,pull_request,benibenj,User,human,110794770546,Linux / Electron-Unit,2026-10-02T10:05:11Z,2026-10-02T10:12:24Z,8,actions_linux,0.006,0.048,ubuntu-24.04
36993478053,68539,Code OSS,pull_request,benibenj,User,human,110794770557,Copilot - Check Test Cache,2026-10-02T10:05:21Z,2026-10-02T10:05:50Z,1,self_hosted,0,0,self-hosted|1ES.Pool=1es-vscode-oss-ubuntu-22.04-x64|JobId=copilot-check-test-cache-36993478053-68539-1
36993478053,68539,Code OSS,pull_request,benibenj,User,human,110794770581,Linux / Electron-Smoke,2026-10-02T10:05:12Z,2026-10-02T10:25:14Z,21,actions_linux,0.006,0.126,ubuntu-24.04
36993478053,68539,Code OSS,pull_request,benibenj,User,human,110794770637,macOS / Remote,2026-10-02T10:05:16Z,2026-10-02T10:17:22Z,13,macos_xl,0.102,1.3259999999999998,macos-26-xlarge
36993478053,68539,Code OSS,pull_request,benibenj,User,human,110794770657,Linux / CLI,2026-10-02T10:05:16Z,2026-10-02T10:07:11Z,2,self_hosted,0,0,self-hosted|1ES.Pool=1es-vscode-oss-ubuntu-22.04-x64|JobId=linux-cli-test-CLI-36993478053-68539-1
36993478053,68539,Code OSS,pull_request,benibenj,User,human,110794770678,macOS / Browser,2026-10-02T10:05:13Z,2026-10-02T10:11:56Z,7,macos_xl,0.102,0.714,macos-26-xlarge
36993478053,68539,Code OSS,pull_request,benibenj,User,human,110794770685,Windows / Remote,2026-10-02T10:05:13Z,2026-10-02T10:18:50Z,14,self_hosted,0,0,self-hosted|1ES.Pool=1es-vscode-oss-windows-2022-x64|JobId=windows-test-Remote-36993478053-68539-1
36993478053,68539,Code OSS,pull_request,benibenj,User,human,110794770702,Windows / Electron-Smoke,2026-10-02T10:05:14Z,2026-10-02T10:25:53Z,21,self_hosted,0,0,self-hosted|1ES.Pool=1es-vscode-oss-windows-2022-x64|JobId=windows-test-Electron-Smoke-36993478053-68539-1
36993478053,68539,Code OSS,pull_request,benibenj,User,human,110794770712,Windows / Electron-Unit,2026-10-02T10:05:12Z,2026-10-02T10:14:01Z,9,self_hosted,0,0,self-hosted|1ES.Pool=1es-vscode-oss-windows-2022-x64|JobId=windows-test-Electron-Unit-36993478053-68539-1
36993478053,68539,Code OSS,pull_request,benibenj,User,human,110794770730,macOS / Electron-Unit,2026-10-02T10:05:12Z,2026-10-02T10:12:57Z,8,macos_xl,0.102,0.816,macos-26-xlarge
36993478053,68539,Code OSS,pull_request,benibenj,User,human,110794770740,Linux / Remote,2026-10-02T10:05:11Z,2026-10-02T10:19:55Z,15,actions_linux,0.006,0.09,ubuntu-24.04
36993478053,68539,Code OSS,pull_request,benibenj,User,human,110794770773,macOS / Electron,2026-10-02T10:05:12Z,2026-10-02T10:16:35Z,12,macos_xl,0.102,1.224,macos-26-xlarge
36993478053,68539,Code OSS,pull_request,benibenj,User,human,110794770779,Windows / Browser,2026-10-02T10:05:14Z,2026-10-02T10:13:41Z,9,self_hosted,0,0,self-hosted|1ES.Pool=1es-vscode-oss-windows-2022-x64|JobId=windows-test-Browser-36993478053-68539-1
36993478053,68539,Code OSS,pull_request,benibenj,User,human,110794770855,macOS / Electron-Smoke,2026-10-02T10:05:13Z,2026-10-02T10:25:04Z,20,macos_xl,0.102,2.04,macos-26-xlarge
36993478053,68539,Code OSS,pull_request,benibenj,User,human,110794770865,Windows / Electron,2026-10-02T10:05:15Z,2026-10-02T10:25:16Z,21,self_hosted,0,0,self-hosted|1ES.Pool=1es-vscode-oss-windows-2022-x64|JobId=windows-test-Electron-36993478053-68539-1
36993478053,68539,Code OSS,pull_request,benibenj,User,human,110794770909,Copilot - Test (Windows),2026-10-02T10:05:15Z,2026-10-02T10:15:55Z,11,self_hosted,0,0,self-hosted|1ES.Pool=1es-vscode-oss-windows-2022-x64|JobId=copilot-windows-tests-36993478053-68539-1
36993478053,68539,Code OSS,pull_request,benibenj,User,human,110794770977,Copilot - Test (Linux),2026-10-02T10:05:21Z,2026-10-02T10:14:08Z,9,self_hosted,0,0,self-hosted|1ES.Pool=1es-vscode-oss-ubuntu-22.04-x64|JobId=copilot-linux-tests-36993478053-68539-1
36993478053,68539,Code OSS,pull_request,benibenj,User,human,110794770978,Copilot - Check Telemetry,2026-10-02T10:05:15Z,2026-10-02T10:05:38Z,1,self_hosted,0,0,self-hosted|1ES.Pool=1es-vscode-oss-ubuntu-22.04-x64|JobId=copilot-check-telemetry-36993478053-68539-1
36993477881,37851,Component Fixtures,pull_request,benibenj,User,human,110794768612,Playwright Fixture Tests,2026-10-02T10:05:11Z,2026-10-02T10:11:40Z,7,actions_linux,0.006,0.042,ubuntu-latest
36993477881,37851,Component Fixtures,pull_request,benibenj,User,human,110794768928,Screenshots,2026-10-02T10:05:12Z,2026-10-02T10:13:18Z,9,actions_linux,0.006,0.054,ubuntu-latest
36993477881,37851,Component Fixtures,pull_request,benibenj,User,human,110797241437,Screenshots & Tests,2026-10-02T10:13:23Z,2026-10-02T10:13:27Z,1,actions_linux,0.006,0.006,ubuntu-latest
36993477795,36811,chat-lib tests,pull_request,benibenj,User,human,110794767988,chat-lib tests (windows-latest),2026-10-02T10:05:12Z,2026-10-02T10:07:58Z,3,actions_windows,0.01,0.03,windows-latest
36993477795,36811,chat-lib tests,pull_request,benibenj,User,human,110794768162,chat-lib tests (ubuntu-latest),2026-10-02T10:05:11Z,2026-10-02T10:06:58Z,2,actions_linux,0.006,0.012,ubuntu-latest
36993477795,36811,chat-lib tests,pull_request,benibenj,User,human,110794768205,chat-lib tests (macos-latest),2026-10-02T10:05:18Z,2026-10-02T10:07:31Z,3,actions_macos,0.062,0.186,macos-latest
36993477780,13627,CodeQL,pull_request,benibenj,User,human,110794768343,Analyze (javascript-typescript),2026-10-02T10:05:10Z,2026-10-02T10:13:00Z,8,actions_linux,0.006,0.048,ubuntu-latest
36993477780,13627,CodeQL,pull_request,benibenj,User,human,110794768835,Analyze (rust),2026-10-02T10:05:10Z,2026-10-02T10:10:25Z,6,actions_linux,0.006,0.036000000000000004,ubuntu-latest
36993477775,119571,Telemetry,pull_request,benibenj,User,human,110794768884,Check metadata,2026-10-02T10:05:11Z,2026-10-02T10:06:25Z,2,actions_linux,0.006,0.012,ubuntu-latest
36993477760,175089,Monaco Editor checks,pull_request,benibenj,User,human,110794767664,Monaco Editor checks,2026-10-02T10:05:10Z,2026-10-02T10:09:10Z,4,actions_linux,0.006,0.024,ubuntu-latest
36993469707,68538,Code OSS,pull_request,deepak1556,User,human,110794744767,Compile & Hygiene,2026-10-02T10:05:15Z,2026-10-02T10:15:20Z,11,self_hosted,0,0,self-hosted|1ES.Pool=1es-vscode-oss-ubuntu-22.04-x64|JobId=compile-36993469707-68538-1
36993469707,68538,Code OSS,pull_request,deepak1556,User,human,110794744978,Copilot - Check Telemetry,2026-10-02T10:05:13Z,2026-10-02T10:05:30Z,1,self_hosted,0,0,self-hosted|1ES.Pool=1es-vscode-oss-ubuntu-22.04-x64|JobId=copilot-check-telemetry-36993469707-68538-1
36993469707,68538,Code OSS,pull_request,deepak1556,User,human,110794745066,Copilot - Check Test Cache,2026-10-02T10:05:16Z,2026-10-02T10:06:36Z,2,self_hosted,0,0,self-hosted|1ES.Pool=1es-vscode-oss-ubuntu-22.04-x64|JobId=copilot-check-test-cache-36993469707-68538-1
36993469707,68538,Code OSS,pull_request,deepak1556,User,human,110794745091,Windows / Electron,2026-10-02T10:05:13Z,2026-10-02T10:43:12Z,38,self_hosted,0,0,self-hosted|1ES.Pool=1es-vscode-oss-windows-2022-x64|JobId=windows-test-Electron-36993469707-68538-1
36993469707,68538,Code OSS,pull_request,deepak1556,User,human,110794745107,Linux / CLI,2026-10-02T10:05:13Z,2026-10-02T10:07:04Z,2,self_hosted,0,0,self-hosted|1ES.Pool=1es-vscode-oss-ubuntu-22.04-x64|JobId=linux-cli-test-CLI-36993469707-68538-1
36993469707,68538,Code OSS,pull_request,deepak1556,User,human,110794745139,Linux / Electron,2026-10-02T10:05:02Z,2026-10-02T10:24:00Z,19,actions_linux,0.006,0.114,ubuntu-24.04
36993469707,68538,Code OSS,pull_request,deepak1556,User,human,110794745170,Linux / Electron-Smoke,2026-10-02T10:05:03Z,2026-10-02T10:25:03Z,20,actions_linux,0.006,0.12,ubuntu-24.04
36993469707,68538,Code OSS,pull_request,deepak1556,User,human,110794745185,macOS / Electron,2026-10-02T10:05:05Z,2026-10-02T10:18:33Z,14,macos_xl,0.102,1.428,macos-26-xlarge
36993469707,68538,Code OSS,pull_request,deepak1556,User,human,110794745190,Linux / Electron-Unit,2026-10-02T10:05:02Z,2026-10-02T10:16:47Z,12,actions_linux,0.006,0.07200000000000001,ubuntu-24.04
36993469707,68538,Code OSS,pull_request,deepak1556,User,human,110794745191,Windows / Electron-Smoke,2026-10-02T10:05:16Z,2026-10-02T10:34:26Z,30,self_hosted,0,0,self-hosted|1ES.Pool=1es-vscode-oss-windows-2022-x64|JobId=windows-test-Electron-Smoke-36993469707-68538-1
36993469707,68538,Code OSS,pull_request,deepak1556,User,human,110794745250,macOS / Electron-Unit,2026-10-02T10:05:06Z,2026-10-02T10:14:49Z,10,macos_xl,0.102,1.02,macos-26-xlarge
36993469707,68538,Code OSS,pull_request,deepak1556,User,human,110794745261,Linux / Browser,2026-10-02T10:05:02Z,2026-10-02T10:22:19Z,18,actions_linux,0.006,0.108,ubuntu-24.04
36993469707,68538,Code OSS,pull_request,deepak1556,User,human,110794745264,macOS / Remote,2026-10-02T10:05:05Z,2026-10-02T10:17:17Z,13,macos_xl,0.102,1.3259999999999998,macos-26-xlarge
36993469707,68538,Code OSS,pull_request,deepak1556,User,human,110794745272,Copilot - Test (Windows),2026-10-02T10:05:13Z,2026-10-02T10:17:04Z,12,self_hosted,0,0,self-hosted|1ES.Pool=1es-vscode-oss-windows-2022-x64|JobId=copilot-windows-tests-36993469707-68538-1
36993469707,68538,Code OSS,pull_request,deepak1556,User,human,110794745274,Windows / Browser,2026-10-02T10:05:14Z,2026-10-02T10:28:42Z,24,self_hosted,0,0,self-hosted|1ES.Pool=1es-vscode-oss-windows-2022-x64|JobId=windows-test-Browser-36993469707-68538-1
36993469707,68538,Code OSS,pull_request,deepak1556,User,human,110794745282,Windows / Electron-Unit,2026-10-02T10:05:16Z,2026-10-02T10:24:59Z,20,self_hosted,0,0,self-hosted|1ES.Pool=1es-vscode-oss-windows-2022-x64|JobId=windows-test-Electron-Unit-36993469707-68538-1
36993469707,68538,Code OSS,pull_request,deepak1556,User,human,110794745308,Windows / Remote,2026-10-02T10:05:14Z,2026-10-02T10:27:41Z,23,self_hosted,0,0,self-hosted|1ES.Pool=1es-vscode-oss-windows-2022-x64|JobId=windows-test-Remote-36993469707-68538-1
36993469707,68538,Code OSS,pull_request,deepak1556,User,human,110794745310,Linux / Remote,2026-10-02T10:05:03Z,2026-10-02T10:23:47Z,19,actions_linux,0.006,0.114,ubuntu-24.04
36993469707,68538,Code OSS,pull_request,deepak1556,User,human,110794745369,macOS / Electron-Smoke,2026-10-02T10:05:05Z,2026-10-02T10:26:40Z,22,macos_xl,0.102,2.2439999999999998,macos-26-xlarge
36993469707,68538,Code OSS,pull_request,deepak1556,User,human,110794745415,macOS / Browser,2026-10-02T10:05:04Z,2026-10-02T10:17:43Z,13,macos_xl,0.102,1.3259999999999998,macos-26-xlarge
36993469707,68538,Code OSS,pull_request,deepak1556,User,human,110794745418,Copilot - Test (Linux),2026-10-02T10:05:14Z,2026-10-02T10:15:06Z,10,self_hosted,0,0,self-hosted|1ES.Pool=1es-vscode-oss-ubuntu-22.04-x64|JobId=copilot-linux-tests-36993469707-68538-1
36993469402,119570,Telemetry,pull_request,deepak1556,User,human,110794742124,Check metadata,2026-10-02T10:05:03Z,2026-10-02T10:06:18Z,2,actions_linux,0.006,0.012,ubuntu-latest
36993469318,13626,CodeQL,pull_request,deepak1556,User,human,110794741825,Analyze (javascript-typescript),2026-10-02T10:05:04Z,2026-10-02T10:11:02Z,6,actions_linux,0.006,0.036000000000000004,ubuntu-latest
36993469318,13626,CodeQL,pull_request,deepak1556,User,human,110794742354,Analyze (rust),2026-10-02T10:05:03Z,2026-10-02T10:10:08Z,6,actions_linux,0.006,0.036000000000000004,ubuntu-latest
36993469283,36810,chat-lib tests,pull_request,deepak1556,User,human,110794742040,chat-lib tests (windows-latest),2026-10-02T10:05:01Z,2026-10-02T10:07:25Z,3,actions_windows,0.01,0.03,windows-latest
36993469283,36810,chat-lib tests,pull_request,deepak1556,User,human,110794742239,chat-lib tests (ubuntu-latest),2026-10-02T10:05:03Z,2026-10-02T10:06:40Z,2,actions_linux,0.006,0.012,ubuntu-latest
36993469283,36810,chat-lib tests,pull_request,deepak1556,User,human,110794742496,chat-lib tests (macos-latest),2026-10-02T10:05:08Z,2026-10-02T10:07:36Z,3,actions_macos,0.062,0.186,macos-latest
36993469239,37850,Component Fixtures,pull_request,deepak1556,User,human,110794741623,Screenshots,2026-10-02T10:05:03Z,2026-10-02T10:13:48Z,9,actions_linux,0.006,0.054,ubuntu-latest
36993469239,37850,Component Fixtures,pull_request,deepak1556,User,human,110794741837,Playwright Fixture Tests,2026-10-02T10:05:03Z,2026-10-02T10:11:24Z,7,actions_linux,0.006,0.042,ubuntu-latest
36993469239,37850,Component Fixtures,pull_request,deepak1556,User,human,110797390622,Screenshots & Tests,2026-10-02T10:13:55Z,2026-10-02T10:13:58Z,1,actions_linux,0.006,0.006,ubuntu-latest
36993469227,175088,Monaco Editor checks,pull_request,deepak1556,User,human,110794741229,Monaco Editor checks,2026-10-02T10:05:03Z,2026-10-02T10:15:02Z,10,actions_linux,0.006,0.06,ubuntu-latest
36993262633,68537,Code OSS,pull_request,dmitrivMS,User,human,110794106265,Compile & Hygiene,2026-10-02T10:03:02Z,2026-10-02T10:09:21Z,7,self_hosted,0,0,self-hosted|1ES.Pool=1es-vscode-oss-ubuntu-22.04-x64|JobId=compile-36993262633-68537-1
36993262633,68537,Code OSS,pull_request,dmitrivMS,User,human,110794106493,Linux / CLI,2026-10-02T10:03:02Z,2026-10-02T10:04:59Z,2,self_hosted,0,0,self-hosted|1ES.Pool=1es-vscode-oss-ubuntu-22.04-x64|JobId=linux-cli-test-CLI-36993262633-68537-1
36993262633,68537,Code OSS,pull_request,dmitrivMS,User,human,110794106528,Linux / Electron,2026-10-02T10:02:56Z,2026-10-02T10:16:13Z,14,actions_linux,0.006,0.084,ubuntu-24.04
36993262633,68537,Code OSS,pull_request,dmitrivMS,User,human,110794106567,Copilot - Check Telemetry,2026-10-02T10:03:00Z,2026-10-02T10:03:20Z,1,self_hosted,0,0,self-hosted|1ES.Pool=1es-vscode-oss-ubuntu-22.04-x64|JobId=copilot-check-telemetry-36993262633-68537-1
36993262633,68537,Code OSS,pull_request,dmitrivMS,User,human,110794106568,Linux / Browser,2026-10-02T10:02:56Z,2026-10-02T10:16:26Z,14,actions_linux,0.006,0.084,ubuntu-24.04
36993262633,68537,Code OSS,pull_request,dmitrivMS,User,human,110794106601,Copilot - Check Test Cache,2026-10-02T10:03:01Z,2026-10-02T10:03:34Z,1,self_hosted,0,0,self-hosted|1ES.Pool=1es-vscode-oss-ubuntu-22.04-x64|JobId=copilot-check-test-cache-36993262633-68537-1
36993262633,68537,Code OSS,pull_request,dmitrivMS,User,human,110794106621,Windows / Electron,2026-10-02T10:03:01Z,2026-10-02T10:27:47Z,25,self_hosted,0,0,self-hosted|1ES.Pool=1es-vscode-oss-windows-2022-x64|JobId=windows-test-Electron-36993262633-68537-1
36993262633,68537,Code OSS,pull_request,dmitrivMS,User,human,110794106631,Copilot - Test (Linux),2026-10-02T10:03:02Z,2026-10-02T10:11:13Z,9,self_hosted,0,0,self-hosted|1ES.Pool=1es-vscode-oss-ubuntu-22.04-x64|JobId=copilot-linux-tests-36993262633-68537-1
36993262633,68537,Code OSS,pull_request,dmitrivMS,User,human,110794106660,Linux / Electron-Smoke,2026-10-02T10:02:57Z,2026-10-02T10:25:27Z,23,actions_linux,0.006,0.138,ubuntu-24.04
36993262633,68537,Code OSS,pull_request,dmitrivMS,User,human,110794106777,macOS / Electron,2026-10-02T10:02:59Z,2026-10-02T10:16:01Z,14,macos_xl,0.102,1.428,macos-26-xlarge
36993262633,68537,Code OSS,pull_request,dmitrivMS,User,human,110794106782,Linux / Remote,2026-10-02T10:02:56Z,2026-10-02T10:18:01Z,16,actions_linux,0.006,0.096,ubuntu-24.04
36993262633,68537,Code OSS,pull_request,dmitrivMS,User,human,110794106790,Linux / Electron-Unit,2026-10-02T10:02:56Z,2026-10-02T10:11:03Z,9,actions_linux,0.006,0.054,ubuntu-24.04
36993262633,68537,Code OSS,pull_request,dmitrivMS,User,human,110794106796,Copilot - Test (Windows),2026-10-02T10:03:01Z,2026-10-02T10:13:22Z,11,self_hosted,0,0,self-hosted|1ES.Pool=1es-vscode-oss-windows-2022-x64|JobId=copilot-windows-tests-36993262633-68537-1
36993262633,68537,Code OSS,pull_request,dmitrivMS,User,human,110794106828,macOS / Electron-Unit,2026-10-02T10:02:58Z,2026-10-02T10:10:28Z,8,macos_xl,0.102,0.816,macos-26-xlarge
36993262633,68537,Code OSS,pull_request,dmitrivMS,User,human,110794106829,macOS / Remote,2026-10-02T10:02:58Z,2026-10-02T10:15:36Z,13,macos_xl,0.102,1.3259999999999998,macos-26-xlarge
36993262633,68537,Code OSS,pull_request,dmitrivMS,User,human,110794106850,Windows / Browser,2026-10-02T10:03:01Z,2026-10-02T10:16:01Z,13,self_hosted,0,0,self-hosted|1ES.Pool=1es-vscode-oss-windows-2022-x64|JobId=windows-test-Browser-36993262633-68537-1
36993262633,68537,Code OSS,pull_request,dmitrivMS,User,human,110794106853,macOS / Electron-Smoke,2026-10-02T10:02:58Z,2026-10-02T10:23:04Z,21,macos_xl,0.102,2.142,macos-26-xlarge
36993262633,68537,Code OSS,pull_request,dmitrivMS,User,human,110794106860,Windows / Electron-Unit,2026-10-02T10:03:03Z,2026-10-02T10:12:45Z,10,self_hosted,0,0,self-hosted|1ES.Pool=1es-vscode-oss-windows-2022-x64|JobId=windows-test-Electron-Unit-36993262633-68537-1
36993262633,68537,Code OSS,pull_request,dmitrivMS,User,human,110794106931,Windows / Electron-Smoke,2026-10-02T10:03:03Z,2026-10-02T10:22:32Z,20,self_hosted,0,0,self-hosted|1ES.Pool=1es-vscode-oss-windows-2022-x64|JobId=windows-test-Electron-Smoke-36993262633-68537-1
36993262633,68537,Code OSS,pull_request,dmitrivMS,User,human,110794106938,Windows / Remote,2026-10-02T10:03:03Z,2026-10-02T10:17:12Z,15,self_hosted,0,0,self-hosted|1ES.Pool=1es-vscode-oss-windows-2022-x64|JobId=windows-test-Remote-36993262633-68537-1
36993262633,68537,Code OSS,pull_request,dmitrivMS,User,human,110794107020,macOS / Browser,2026-10-02T10:02:57Z,2026-10-02T10:14:27Z,12,macos_xl,0.102,1.224,macos-26-xlarge
36993262157,37849,Component Fixtures,pull_request,dmitrivMS,User,human,110794102908,Playwright Fixture Tests,2026-10-02T10:02:50Z,2026-10-02T10:09:56Z,8,actions_linux,0.006,0.048,ubuntu-latest
36993262157,37849,Component Fixtures,pull_request,dmitrivMS,User,human,110794103198,Screenshots,2026-10-02T10:02:55Z,2026-10-02T10:09:47Z,7,actions_linux,0.006,0.042,ubuntu-latest
36993262157,37849,Component Fixtures,pull_request,dmitrivMS,User,human,110796241412,Screenshots & Tests,2026-10-02T10:10:04Z,2026-10-02T10:10:09Z,1,actions_linux,0.006,0.006,ubuntu-latest
36993262135,175087,Monaco Editor checks,pull_request,dmitrivMS,User,human,110794102564,Monaco Editor checks,2026-10-02T10:02:50Z,2026-10-02T10:07:43Z,5,actions_linux,0.006,0.03,ubuntu-latest
36993262105,13625,CodeQL,pull_request,dmitrivMS,User,human,110794103180,Analyze (rust),2026-10-02T10:02:51Z,2026-10-02T10:07:04Z,5,actions_linux,0.006,0.03,ubuntu-latest
36993262105,13625,CodeQL,pull_request,dmitrivMS,User,human,110794103365,Analyze (javascript-typescript),2026-10-02T10:02:50Z,2026-10-02T10:11:27Z,9,actions_linux,0.006,0.054,ubuntu-latest
36993262096,119569,Telemetry,pull_request,dmitrivMS,User,human,110794102120,Check metadata,2026-10-02T10:02:50Z,2026-10-02T10:04:08Z,2,actions_linux,0.006,0.012,ubuntu-latest
36993262083,36809,chat-lib tests,pull_request,dmitrivMS,User,human,110794102451,chat-lib tests (ubuntu-latest),2026-10-02T10:02:50Z,2026-10-02T10:04:35Z,2,actions_linux,0.006,0.012,ubuntu-latest
36993262083,36809,chat-lib tests,pull_request,dmitrivMS,User,human,110794102675,chat-lib tests (windows-latest),2026-10-02T10:02:49Z,2026-10-02T10:05:41Z,3,actions_windows,0.01,0.03,windows-latest
36993262083,36809,chat-lib tests,pull_request,dmitrivMS,User,human,110794102796,chat-lib tests (macos-latest),2026-10-02T10:02:56Z,2026-10-02T10:05:30Z,3,actions_macos,0.062,0.186,macos-latest
36992943424,68536,Code OSS,pull_request,sandy081,User,human,110793122236,Compile & Hygiene,2026-10-02T09:59:46Z,2026-10-02T10:06:02Z,7,self_hosted,0,0,self-hosted|1ES.Pool=1es-vscode-oss-ubuntu-22.04-x64|JobId=compile-36992943424-68536-1
36992943424,68536,Code OSS,pull_request,sandy081,User,human,110793122466,Linux / Browser,2026-10-02T09:59:39Z,2026-10-02T10:09:33Z,10,actions_linux,0.006,0.06,ubuntu-24.04
36992943424,68536,Code OSS,pull_request,sandy081,User,human,110793122472,Linux / Electron-Smoke,2026-10-02T09:59:39Z,2026-10-02T10:17:30Z,18,actions_linux,0.006,0.108,ubuntu-24.04
36992943424,68536,Code OSS,pull_request,sandy081,User,human,110793122509,macOS / Electron-Unit,2026-10-02T09:59:44Z,2026-10-02T10:07:45Z,9,macos_xl,0.102,0.9179999999999999,macos-26-xlarge
36992943424,68536,Code OSS,pull_request,sandy081,User,human,110793122542,Linux / Electron,2026-10-02T09:59:39Z,2026-10-02T10:09:25Z,10,actions_linux,0.006,0.06,ubuntu-24.04
36992943424,68536,Code OSS,pull_request,sandy081,User,human,110793122565,macOS / Electron-Smoke,2026-10-02T09:59:43Z,2026-10-02T10:19:30Z,20,macos_xl,0.102,2.04,macos-26-xlarge
36992943424,68536,Code OSS,pull_request,sandy081,User,human,110793122576,Copilot - Check Test Cache,2026-10-02T09:59:45Z,2026-10-02T10:00:14Z,1,self_hosted,0,0,self-hosted|1ES.Pool=1es-vscode-oss-ubuntu-22.04-x64|JobId=copilot-check-test-cache-36992943424-68536-1
36992943424,68536,Code OSS,pull_request,sandy081,User,human,110793122595,Copilot - Test (Linux),2026-10-02T09:59:45Z,2026-10-02T10:07:51Z,9,self_hosted,0,0,self-hosted|1ES.Pool=1es-vscode-oss-ubuntu-22.04-x64|JobId=copilot-linux-tests-36992943424-68536-1
36992943424,68536,Code OSS,pull_request,sandy081,User,human,110793122598,Windows / Electron-Smoke,2026-10-02T09:59:45Z,2026-10-02T10:19:40Z,20,self_hosted,0,0,self-hosted|1ES.Pool=1es-vscode-oss-windows-2022-x64|JobId=windows-test-Electron-Smoke-36992943424-68536-1
36992943424,68536,Code OSS,pull_request,sandy081,User,human,110793122609,Windows / Browser,2026-10-02T09:59:46Z,2026-10-02T10:12:45Z,13,self_hosted,0,0,self-hosted|1ES.Pool=1es-vscode-oss-windows-2022-x64|JobId=windows-test-Browser-36992943424-68536-1
36992943424,68536,Code OSS,pull_request,sandy081,User,human,110793122639,Windows / Electron-Unit,2026-10-02T09:59:46Z,2026-10-02T10:09:27Z,10,self_hosted,0,0,self-hosted|1ES.Pool=1es-vscode-oss-windows-2022-x64|JobId=windows-test-Electron-Unit-36992943424-68536-1
36992943424,68536,Code OSS,pull_request,sandy081,User,human,110793122673,macOS / Remote,2026-10-02T09:59:44Z,2026-10-02T10:10:25Z,11,macos_xl,0.102,1.1219999999999999,macos-26-xlarge
36992943424,68536,Code OSS,pull_request,sandy081,User,human,110793122679,Windows / Remote,2026-10-02T09:59:47Z,2026-10-02T10:13:25Z,14,self_hosted,0,0,self-hosted|1ES.Pool=1es-vscode-oss-windows-2022-x64|JobId=windows-test-Remote-36992943424-68536-1
36992943424,68536,Code OSS,pull_request,sandy081,User,human,110793122693,macOS / Electron,2026-10-02T09:59:44Z,2026-10-02T10:07:21Z,8,macos_xl,0.102,0.816,macos-26-xlarge
36992943424,68536,Code OSS,pull_request,sandy081,User,human,110793122708,Copilot - Check Telemetry,2026-10-02T09:59:45Z,2026-10-02T10:00:03Z,1,self_hosted,0,0,self-hosted|1ES.Pool=1es-vscode-oss-ubuntu-22.04-x64|JobId=copilot-check-telemetry-36992943424-68536-1
36992943424,68536,Code OSS,pull_request,sandy081,User,human,110793122752,Copilot - Test (Windows),2026-10-02T09:59:45Z,2026-10-02T10:11:14Z,12,self_hosted,0,0,self-hosted|1ES.Pool=1es-vscode-oss-windows-2022-x64|JobId=copilot-windows-tests-36992943424-68536-1
36992943424,68536,Code OSS,pull_request,sandy081,User,human,110793122754,Linux / Remote,2026-10-02T09:59:40Z,2026-10-02T10:14:28Z,15,actions_linux,0.006,0.09,ubuntu-24.04
36992943424,68536,Code OSS,pull_request,sandy081,User,human,110793122797,Windows / Electron,2026-10-02T09:59:47Z,2026-10-02T10:10:49Z,12,self_hosted,0,0,self-hosted|1ES.Pool=1es-vscode-oss-windows-2022-x64|JobId=windows-test-Electron-36992943424-68536-1
36992943424,68536,Code OSS,pull_request,sandy081,User,human,110793122855,Linux / CLI,2026-10-02T09:59:50Z,2026-10-02T10:01:36Z,2,self_hosted,0,0,self-hosted|1ES.Pool=1es-vscode-oss-ubuntu-22.04-x64|JobId=linux-cli-test-CLI-36992943424-68536-1
36992943424,68536,Code OSS,pull_request,sandy081,User,human,110793122917,Linux / Electron-Unit,2026-10-02T09:59:39Z,2026-10-02T10:07:53Z,9,actions_linux,0.006,0.054,ubuntu-24.04
36992943424,68536,Code OSS,pull_request,sandy081,User,human,110793123057,macOS / Browser,2026-10-02T09:59:44Z,2026-10-02T10:11:27Z,12,macos_xl,0.102,1.224,macos-26-xlarge
36992943200,36808,chat-lib tests,pull_request,sandy081,User,human,110793122339,chat-lib tests (ubuntu-latest),2026-10-02T09:59:41Z,2026-10-02T10:01:10Z,2,actions_linux,0.006,0.012,ubuntu-latest
36992943200,36808,chat-lib tests,pull_request,sandy081,User,human,110793122491,chat-lib tests (windows-latest),2026-10-02T09:59:41Z,2026-10-02T10:02:43Z,4,actions_windows,0.01,0.04,windows-latest
36992943200,36808,chat-lib tests,pull_request,sandy081,User,human,110793122548,chat-lib tests (macos-latest),2026-10-02T09:59:45Z,2026-10-02T10:01:58Z,3,actions_macos,0.062,0.186,macos-latest
36992943189,175086,Monaco Editor checks,pull_request,sandy081,User,human,110793119585,Monaco Editor checks,2026-10-02T09:59:41Z,2026-10-02T10:03:22Z,4,actions_linux,0.006,0.024,ubuntu-latest
36992943184,13624,CodeQL,pull_request,sandy081,User,human,110793119763,Analyze (javascript-typescript),2026-10-02T09:59:41Z,2026-10-02T10:06:21Z,7,actions_linux,0.006,0.042,ubuntu-latest
36992943184,13624,CodeQL,pull_request,sandy081,User,human,110793120095,Analyze (rust),2026-10-02T09:59:41Z,2026-10-02T10:03:19Z,4,actions_linux,0.006,0.024,ubuntu-latest
36992943170,119568,Telemetry,pull_request,sandy081,User,human,110793119496,Check metadata,2026-10-02T09:59:42Z,2026-10-02T10:00:51Z,2,actions_linux,0.006,0.012,ubuntu-latest
36992943118,37848,Component Fixtures,pull_request,sandy081,User,human,110793119807,Playwright Fixture Tests,2026-10-02T09:59:42Z,2026-10-02T10:06:54Z,8,actions_linux,0.006,0.048,ubuntu-latest
36992943118,37848,Component Fixtures,pull_request,sandy081,User,human,110793120175,Screenshots,2026-10-02T09:59:41Z,2026-10-02T10:07:41Z,8,actions_linux,0.006,0.048,ubuntu-latest
36992943118,37848,Component Fixtures,pull_request,sandy081,User,human,110795585476,Screenshots & Tests,2026-10-02T10:07:48Z,2026-10-02T10:07:52Z,1,actions_linux,0.006,0.006,ubuntu-latest
36992519977,9850,Running Copilot Code Review,dynamic,Copilot,Bot,agent,110791778020,copilot-pull-request-reviewer,2026-10-02T09:55:15Z,2026-10-02T10:01:42Z,7,actions_linux,0.006,0.042,vscode-large-runners
36992510913,68535,Code OSS,pull_request,vs-code-engineering[bot],Bot,bot,110791745644,Compile & Hygiene,2026-10-02T09:55:14Z,2026-10-02T10:00:29Z,6,self_hosted,0,0,self-hosted|1ES.Pool=1es-vscode-oss-ubuntu-22.04-x64|JobId=compile-36992510913-68535-1
36992510913,68535,Code OSS,pull_request,vs-code-engineering[bot],Bot,bot,110791745792,Copilot - Check Test Cache,2026-10-02T09:55:08Z,2026-10-02T09:56:33Z,2,self_hosted,0,0,self-hosted|1ES.Pool=1es-vscode-oss-ubuntu-22.04-x64|JobId=copilot-check-test-cache-36992510913-68535-1
36992510913,68535,Code OSS,pull_request,vs-code-engineering[bot],Bot,bot,110791745819,Copilot - Check Telemetry,2026-10-02T09:55:08Z,2026-10-02T09:55:26Z,1,self_hosted,0,0,self-hosted|1ES.Pool=1es-vscode-oss-ubuntu-22.04-x64|JobId=copilot-check-telemetry-36992510913-68535-1
36992510913,68535,Code OSS,pull_request,vs-code-engineering[bot],Bot,bot,110791745843,Copilot - Test (Linux),2026-10-02T09:55:14Z,2026-10-02T10:04:20Z,10,self_hosted,0,0,self-hosted|1ES.Pool=1es-vscode-oss-ubuntu-22.04-x64|JobId=copilot-linux-tests-36992510913-68535-1
36992510913,68535,Code OSS,pull_request,vs-code-engineering[bot],Bot,bot,110791745903,Linux / Electron-Smoke,2026-10-02T09:55:04Z,2026-10-02T10:20:50Z,26,actions_linux,0.006,0.156,ubuntu-24.04
36992510913,68535,Code OSS,pull_request,vs-code-engineering[bot],Bot,bot,110791745919,Linux / Browser,2026-10-02T09:55:03Z,2026-10-02T10:12:21Z,18,actions_linux,0.006,0.108,ubuntu-24.04
36992510913,68535,Code OSS,pull_request,vs-code-engineering[bot],Bot,bot,110791745933,Linux / CLI,2026-10-02T09:55:08Z,2026-10-02T09:56:55Z,2,self_hosted,0,0,self-hosted|1ES.Pool=1es-vscode-oss-ubuntu-22.04-x64|JobId=linux-cli-test-CLI-36992510913-68535-1
36992510913,68535,Code OSS,pull_request,vs-code-engineering[bot],Bot,bot,110791745978,Linux / Electron-Unit,2026-10-02T09:55:03Z,2026-10-02T10:07:49Z,13,actions_linux,0.006,0.078,ubuntu-24.04
36992510913,68535,Code OSS,pull_request,vs-code-engineering[bot],Bot,bot,110791746005,Linux / Electron,2026-10-02T09:55:03Z,2026-10-02T10:10:17Z,16,actions_linux,0.006,0.096,ubuntu-24.04
36992510913,68535,Code OSS,pull_request,vs-code-engineering[bot],Bot,bot,110791746027,Copilot - Test (Windows),2026-10-02T09:55:08Z,2026-10-02T10:07:00Z,12,self_hosted,0,0,self-hosted|1ES.Pool=1es-vscode-oss-windows-2022-x64|JobId=copilot-windows-tests-36992510913-68535-1
36992510913,68535,Code OSS,pull_request,vs-code-engineering[bot],Bot,bot,110791746090,Linux / Remote,2026-10-02T09:55:03Z,2026-10-02T10:11:22Z,17,actions_linux,0.006,0.10200000000000001,ubuntu-24.04
36992510913,68535,Code OSS,pull_request,vs-code-engineering[bot],Bot,bot,110791746336,macOS / Electron,2026-10-02T09:55:05Z,2026-10-02T10:06:14Z,12,macos_xl,0.102,1.224,macos-26-xlarge
36992510913,68535,Code OSS,pull_request,vs-code-engineering[bot],Bot,bot,110791746375,macOS / Remote,2026-10-02T09:55:05Z,2026-10-02T10:07:41Z,13,macos_xl,0.102,1.3259999999999998,macos-26-xlarge
36992510913,68535,Code OSS,pull_request,vs-code-engineering[bot],Bot,bot,110791746381,Windows / Electron-Smoke,2026-10-02T09:55:09Z,2026-10-02T10:24:31Z,30,self_hosted,0,0,self-hosted|1ES.Pool=1es-vscode-oss-windows-2022-x64|JobId=windows-test-Electron-Smoke-36992510913-68535-1
36992510913,68535,Code OSS,pull_request,vs-code-engineering[bot],Bot,bot,110791746406,macOS / Browser,2026-10-02T09:55:05Z,2026-10-02T10:09:34Z,15,macos_xl,0.102,1.5299999999999998,macos-26-xlarge
36992510913,68535,Code OSS,pull_request,vs-code-engineering[bot],Bot,bot,110791746421,Windows / Remote,2026-10-02T09:55:09Z,2026-10-02T10:18:43Z,24,self_hosted,0,0,self-hosted|1ES.Pool=1es-vscode-oss-windows-2022-x64|JobId=windows-test-Remote-36992510913-68535-1
36992510913,68535,Code OSS,pull_request,vs-code-engineering[bot],Bot,bot,110791746464,Windows / Browser,2026-10-02T09:55:10Z,2026-10-02T10:18:25Z,24,self_hosted,0,0,self-hosted|1ES.Pool=1es-vscode-oss-windows-2022-x64|JobId=windows-test-Browser-36992510913-68535-1
36992510913,68535,Code OSS,pull_request,vs-code-engineering[bot],Bot,bot,110791746487,macOS / Electron-Unit,2026-10-02T09:55:05Z,2026-10-02T10:04:52Z,10,macos_xl,0.102,1.02,macos-26-xlarge
36992510913,68535,Code OSS,pull_request,vs-code-engineering[bot],Bot,bot,110791746510,macOS / Electron-Smoke,2026-10-02T09:55:07Z,2026-10-02T10:16:11Z,22,macos_xl,0.102,2.2439999999999998,macos-26-xlarge
36992510913,68535,Code OSS,pull_request,vs-code-engineering[bot],Bot,bot,110791746531,Windows / Electron-Unit,2026-10-02T09:55:10Z,2026-10-02T10:14:52Z,20,self_hosted,0,0,self-hosted|1ES.Pool=1es-vscode-oss-windows-2022-x64|JobId=windows-test-Electron-Unit-36992510913-68535-1
36992510913,68535,Code OSS,pull_request,vs-code-engineering[bot],Bot,bot,110791746532,Windows / Electron,2026-10-02T09:55:09Z,2026-10-02T10:23:44Z,29,self_hosted,0,0,self-hosted|1ES.Pool=1es-vscode-oss-windows-2022-x64|JobId=windows-test-Electron-36992510913-68535-1
36992510621,37847,Component Fixtures,pull_request,vs-code-engineering[bot],Bot,bot,110791742904,Playwright Fixture Tests,2026-10-02T09:55:03Z,2026-10-02T10:02:38Z,8,actions_linux,0.006,0.048,ubuntu-latest
36992510621,37847,Component Fixtures,pull_request,vs-code-engineering[bot],Bot,bot,110791743169,Screenshots,2026-10-02T09:55:04Z,2026-10-02T10:04:00Z,9,actions_linux,0.006,0.054,ubuntu-latest
36992510621,37847,Component Fixtures,pull_request,vs-code-engineering[bot],Bot,bot,110794470026,Screenshots & Tests,2026-10-02T10:04:06Z,2026-10-02T10:04:09Z,1,actions_linux,0.006,0.006,ubuntu-latest
36992510593,175085,Monaco Editor checks,pull_request,vs-code-engineering[bot],Bot,bot,110791742293,Monaco Editor checks,2026-10-02T09:55:03Z,2026-10-02T10:06:20Z,12,actions_linux,0.006,0.07200000000000001,ubuntu-latest
36992510576,36807,chat-lib tests,pull_request,vs-code-engineering[bot],Bot,bot,110791743032,chat-lib tests (macos-latest),2026-10-02T09:55:09Z,2026-10-02T09:56:57Z,2,actions_macos,0.062,0.124,macos-latest
36992510576,36807,chat-lib tests,pull_request,vs-code-engineering[bot],Bot,bot,110791743123,chat-lib tests (ubuntu-latest),2026-10-02T09:55:03Z,2026-10-02T09:56:50Z,2,actions_linux,0.006,0.012,ubuntu-latest
36992510576,36807,chat-lib tests,pull_request,vs-code-engineering[bot],Bot,bot,110791743211,chat-lib tests (windows-latest),2026-10-02T09:55:04Z,2026-10-02T09:58:09Z,4,actions_windows,0.01,0.04,windows-latest
36992510544,13623,CodeQL,pull_request,vs-code-engineering[bot],Bot,bot,110791742619,Analyze (javascript-typescript),2026-10-02T09:55:02Z,2026-10-02T10:16:27Z,22,actions_linux,0.006,0.132,ubuntu-latest
36992510544,13623,CodeQL,pull_request,vs-code-engineering[bot],Bot,bot,110791742715,Analyze (rust),2026-10-02T09:55:02Z,2026-10-02T09:59:25Z,5,actions_linux,0.006,0.03,ubuntu-latest
36992510538,119567,Telemetry,pull_request,vs-code-engineering[bot],Bot,bot,110791742123,Check metadata,2026-10-02T09:55:03Z,2026-10-02T09:56:21Z,2,actions_linux,0.006,0.012,ubuntu-latest
36991148434,9849,Running Copilot Code Review,dynamic,Copilot,Bot,agent,110787415824,copilot-pull-request-reviewer,2026-10-02T09:40:46Z,2026-10-02T09:46:51Z,7,actions_linux,0.006,0.042,vscode-large-runners
36991103304,9848,Running Copilot Code Review,dynamic,Copilot,Bot,agent,110787275645,copilot-pull-request-reviewer,2026-10-02T09:40:22Z,2026-10-02T09:46:36Z,7,actions_linux,0.006,0.042,vscode-large-runners
36991088922,68533,Code OSS,pull_request,chrmarti,User,human,110787228534,Compile & Hygiene,2026-10-02T09:40:21Z,2026-10-02T09:46:40Z,7,self_hosted,0,0,self-hosted|1ES.Pool=1es-vscode-oss-ubuntu-22.04-x64|JobId=compile-36991088922-68533-1
36991088922,68533,Code OSS,pull_request,chrmarti,User,human,110787228676,Linux / Remote,2026-10-02T09:40:12Z,2026-10-02T09:54:31Z,15,actions_linux,0.006,0.09,ubuntu-24.04
36991088922,68533,Code OSS,pull_request,chrmarti,User,human,110787228680,Windows / Electron-Smoke,2026-10-02T09:40:20Z,2026-10-02T10:00:12Z,20,self_hosted,0,0,self-hosted|1ES.Pool=1es-vscode-oss-windows-2022-x64|JobId=windows-test-Electron-Smoke-36991088922-68533-1
36991088922,68533,Code OSS,pull_request,chrmarti,User,human,110787228688,Copilot - Check Telemetry,2026-10-02T09:40:21Z,2026-10-02T09:40:40Z,1,self_hosted,0,0,self-hosted|1ES.Pool=1es-vscode-oss-ubuntu-22.04-x64|JobId=copilot-check-telemetry-36991088922-68533-1
36991088922,68533,Code OSS,pull_request,chrmarti,User,human,110787228700,macOS / Electron-Smoke,2026-10-02T09:40:14Z,2026-10-02T09:58:57Z,19,macos_xl,0.102,1.938,macos-26-xlarge
36991088922,68533,Code OSS,pull_request,chrmarti,User,human,110787228719,macOS / Remote,2026-10-02T09:40:15Z,2026-10-02T09:50:41Z,11,macos_xl,0.102,1.1219999999999999,macos-26-xlarge
36991088922,68533,Code OSS,pull_request,chrmarti,User,human,110787228730,Windows / Remote,2026-10-02T09:40:20Z,2026-10-02T09:53:46Z,14,self_hosted,0,0,self-hosted|1ES.Pool=1es-vscode-oss-windows-2022-x64|JobId=windows-test-Remote-36991088922-68533-1
36991088922,68533,Code OSS,pull_request,chrmarti,User,human,110787228805,Windows / Browser,2026-10-02T09:40:20Z,2026-10-02T09:53:37Z,14,self_hosted,0,0,self-hosted|1ES.Pool=1es-vscode-oss-windows-2022-x64|JobId=windows-test-Browser-36991088922-68533-1
36991088922,68533,Code OSS,pull_request,chrmarti,User,human,110787228846,Linux / Electron-Unit,2026-10-02T09:40:12Z,2026-10-02T09:48:40Z,9,actions_linux,0.006,0.054,ubuntu-24.04
36991088922,68533,Code OSS,pull_request,chrmarti,User,human,110787228847,Copilot - Test (Linux),2026-10-02T09:40:21Z,2026-10-02T09:48:41Z,9,self_hosted,0,0,self-hosted|1ES.Pool=1es-vscode-oss-ubuntu-22.04-x64|JobId=copilot-linux-tests-36991088922-68533-1
36991088922,68533,Code OSS,pull_request,chrmarti,User,human,110787228868,macOS / Electron,2026-10-02T09:40:15Z,2026-10-02T09:47:47Z,8,macos_xl,0.102,0.816,macos-26-xlarge
36991088922,68533,Code OSS,pull_request,chrmarti,User,human,110787228894,Linux / Browser,2026-10-02T09:40:12Z,2026-10-02T09:51:04Z,11,actions_linux,0.006,0.066,ubuntu-24.04
36991088922,68533,Code OSS,pull_request,chrmarti,User,human,110787228900,Linux / Electron,2026-10-02T09:40:12Z,2026-10-02T09:50:35Z,11,actions_linux,0.006,0.066,ubuntu-24.04
36991088922,68533,Code OSS,pull_request,chrmarti,User,human,110787228929,Linux / Electron-Smoke,2026-10-02T09:40:12Z,2026-10-02T09:55:20Z,16,actions_linux,0.006,0.096,ubuntu-24.04
36991088922,68533,Code OSS,pull_request,chrmarti,User,human,110787228934,Copilot - Test (Windows),2026-10-02T09:40:22Z,2026-10-02T09:50:35Z,11,self_hosted,0,0,self-hosted|1ES.Pool=1es-vscode-oss-windows-2022-x64|JobId=copilot-windows-tests-36991088922-68533-1
36991088922,68533,Code OSS,pull_request,chrmarti,User,human,110787228941,Copilot - Check Test Cache,2026-10-02T09:40:22Z,2026-10-02T09:40:55Z,1,self_hosted,0,0,self-hosted|1ES.Pool=1es-vscode-oss-ubuntu-22.04-x64|JobId=copilot-check-test-cache-36991088922-68533-1
36991088922,68533,Code OSS,pull_request,chrmarti,User,human,110787228950,macOS / Browser,2026-10-02T09:40:14Z,2026-10-02T09:50:45Z,11,macos_xl,0.102,1.1219999999999999,macos-26-xlarge
36991088922,68533,Code OSS,pull_request,chrmarti,User,human,110787228993,Windows / Electron-Unit,2026-10-02T09:40:19Z,2026-10-02T09:50:04Z,10,self_hosted,0,0,self-hosted|1ES.Pool=1es-vscode-oss-windows-2022-x64|JobId=windows-test-Electron-Unit-36991088922-68533-1
36991088922,68533,Code OSS,pull_request,chrmarti,User,human,110787228995,Linux / CLI,2026-10-02T09:40:21Z,2026-10-02T09:42:13Z,2,self_hosted,0,0,self-hosted|1ES.Pool=1es-vscode-oss-ubuntu-22.04-x64|JobId=linux-cli-test-CLI-36991088922-68533-1
36991088922,68533,Code OSS,pull_request,chrmarti,User,human,110787229033,Windows / Electron,2026-10-02T09:40:20Z,2026-10-02T09:51:21Z,12,self_hosted,0,0,self-hosted|1ES.Pool=1es-vscode-oss-windows-2022-x64|JobId=windows-test-Electron-36991088922-68533-1
36991088922,68533,Code OSS,pull_request,chrmarti,User,human,110787229055,macOS / Electron-Unit,2026-10-02T09:40:15Z,2026-10-02T09:47:42Z,8,macos_xl,0.102,0.816,macos-26-xlarge
36991088682,37845,Component Fixtures,pull_request,chrmarti,User,human,110787226736,Playwright Fixture Tests,2026-10-02T09:40:11Z,2026-10-02T09:46:16Z,7,actions_linux,0.006,0.042,ubuntu-latest
36991088682,37845,Component Fixtures,pull_request,chrmarti,User,human,110787226950,Screenshots,2026-10-02T09:40:11Z,2026-10-02T09:48:17Z,9,actions_linux,0.006,0.054,ubuntu-latest
36991088682,37845,Component Fixtures,pull_request,chrmarti,User,human,110789741049,Screenshots & Tests,2026-10-02T09:48:25Z,2026-10-02T09:48:28Z,1,actions_linux,0.006,0.006,ubuntu-latest
36991088625,175083,Monaco Editor checks,pull_request,chrmarti,User,human,110787226413,Monaco Editor checks,2026-10-02T09:40:11Z,2026-10-02T09:44:55Z,5,actions_linux,0.006,0.03,ubuntu-latest
36991088600,36805,chat-lib tests,pull_request,chrmarti,User,human,110787226867,chat-lib tests (windows-latest),2026-10-02T09:40:11Z,2026-10-02T09:42:42Z,3,actions_windows,0.01,0.03,windows-latest
36991088600,36805,chat-lib tests,pull_request,chrmarti,User,human,110787227195,chat-lib tests (ubuntu-latest),2026-10-02T09:40:12Z,2026-10-02T09:41:56Z,2,actions_linux,0.006,0.012,ubuntu-latest
36991088600,36805,chat-lib tests,pull_request,chrmarti,User,human,110787227249,chat-lib tests (macos-latest),2026-10-02T09:40:22Z,2026-10-02T09:42:55Z,3,actions_macos,0.062,0.186,macos-latest
36991088581,119565,Telemetry,pull_request,chrmarti,User,human,110787226448,Check metadata,2026-10-02T09:40:11Z,2026-10-02T09:41:11Z,1,actions_linux,0.006,0.006,ubuntu-latest
36991088580,13621,CodeQL,pull_request,chrmarti,User,human,110787226242,Analyze (rust),2026-10-02T09:40:11Z,2026-10-02T09:45:31Z,6,actions_linux,0.006,0.036000000000000004,ubuntu-latest
36991088580,13621,CodeQL,pull_request,chrmarti,User,human,110787226526,Analyze (javascript-typescript),2026-10-02T09:40:12Z,2026-10-02T09:47:34Z,8,actions_linux,0.006,0.048,ubuntu-latest
36990499217,9847,Running Copilot Code Review,dynamic,Copilot,Bot,agent,110785329838,copilot-pull-request-reviewer,2026-10-02T09:34:01Z,2026-10-02T09:37:04Z,4,actions_linux,0.006,0.024,vscode-large-runners
36990487824,68531,Code OSS,pull_request,sandy081,User,human,110785289386,Compile & Hygiene,2026-10-02T09:34:01Z,2026-10-02T09:40:31Z,7,self_hosted,0,0,self-hosted|1ES.Pool=1es-vscode-oss-ubuntu-22.04-x64|JobId=compile-36990487824-68531-1
36990487824,68531,Code OSS,pull_request,sandy081,User,human,110785289660,Copilot - Test (Windows),2026-10-02T09:34:02Z,2026-10-02T09:44:48Z,11,self_hosted,0,0,self-hosted|1ES.Pool=1es-vscode-oss-windows-2022-x64|JobId=copilot-windows-tests-36990487824-68531-1
36990487824,68531,Code OSS,pull_request,sandy081,User,human,110785289677,Linux / Browser,2026-10-02T09:33:53Z,2026-10-02T09:42:37Z,9,actions_linux,0.006,0.054,ubuntu-24.04
36990487824,68531,Code OSS,pull_request,sandy081,User,human,110785289709,Linux / Electron-Smoke,2026-10-02T09:33:54Z,2026-10-02T09:55:14Z,22,actions_linux,0.006,0.132,ubuntu-24.04
36990487824,68531,Code OSS,pull_request,sandy081,User,human,110785289721,macOS / Electron-Unit,2026-10-02T09:33:56Z,2026-10-02T09:41:26Z,8,macos_xl,0.102,0.816,macos-26-xlarge
36990487824,68531,Code OSS,pull_request,sandy081,User,human,110785289733,Copilot - Check Telemetry,2026-10-02T09:34:02Z,2026-10-02T09:34:24Z,1,self_hosted,0,0,self-hosted|1ES.Pool=1es-vscode-oss-ubuntu-22.04-x64|JobId=copilot-check-telemetry-36990487824-68531-1
36990487824,68531,Code OSS,pull_request,sandy081,User,human,110785289776,Copilot - Check Test Cache,2026-10-02T09:34:03Z,2026-10-02T09:34:33Z,1,self_hosted,0,0,self-hosted|1ES.Pool=1es-vscode-oss-ubuntu-22.04-x64|JobId=copilot-check-test-cache-36990487824-68531-1
36990487824,68531,Code OSS,pull_request,sandy081,User,human,110785289798,macOS / Browser,2026-10-02T09:33:56Z,2026-10-02T09:40:15Z,7,macos_xl,0.102,0.714,macos-26-xlarge
36990487824,68531,Code OSS,pull_request,sandy081,User,human,110785289813,Windows / Electron-Unit,2026-10-02T09:34:04Z,2026-10-02T09:42:52Z,9,self_hosted,0,0,self-hosted|1ES.Pool=1es-vscode-oss-windows-2022-x64|JobId=windows-test-Electron-Unit-36990487824-68531-1
36990487824,68531,Code OSS,pull_request,sandy081,User,human,110785289818,Windows / Electron-Smoke,2026-10-02T09:34:03Z,2026-10-02T09:53:18Z,20,self_hosted,0,0,self-hosted|1ES.Pool=1es-vscode-oss-windows-2022-x64|JobId=windows-test-Electron-Smoke-36990487824-68531-1
36990487824,68531,Code OSS,pull_request,sandy081,User,human,110785289822,Linux / CLI,2026-10-02T09:34:01Z,2026-10-02T09:35:53Z,2,self_hosted,0,0,self-hosted|1ES.Pool=1es-vscode-oss-ubuntu-22.04-x64|JobId=linux-cli-test-CLI-36990487824-68531-1
36990487824,68531,Code OSS,pull_request,sandy081,User,human,110785289922,Windows / Browser,2026-10-02T09:34:02Z,2026-10-02T09:42:14Z,9,self_hosted,0,0,self-hosted|1ES.Pool=1es-vscode-oss-windows-2022-x64|JobId=windows-test-Browser-36990487824-68531-1
36990487824,68531,Code OSS,pull_request,sandy081,User,human,110785289986,Linux / Remote,2026-10-02T09:33:55Z,2026-10-02T09:48:33Z,15,actions_linux,0.006,0.09,ubuntu-24.04
36990487824,68531,Code OSS,pull_request,sandy081,User,human,110785289994,macOS / Remote,2026-10-02T09:33:56Z,2026-10-02T09:45:22Z,12,macos_xl,0.102,1.224,macos-26-xlarge
36990487824,68531,Code OSS,pull_request,sandy081,User,human,110785289999,Windows / Remote,2026-10-02T09:34:03Z,2026-10-02T09:48:11Z,15,self_hosted,0,0,self-hosted|1ES.Pool=1es-vscode-oss-windows-2022-x64|JobId=windows-test-Remote-36990487824-68531-1
36990487824,68531,Code OSS,pull_request,sandy081,User,human,110785290016,Linux / Electron-Unit,2026-10-02T09:33:53Z,2026-10-02T09:41:50Z,8,actions_linux,0.006,0.048,ubuntu-24.04
36990487824,68531,Code OSS,pull_request,sandy081,User,human,110785290042,Linux / Electron,2026-10-02T09:33:53Z,2026-10-02T09:43:35Z,10,actions_linux,0.006,0.06,ubuntu-24.04
36990487824,68531,Code OSS,pull_request,sandy081,User,human,110785290065,macOS / Electron-Smoke,2026-10-02T09:33:57Z,2026-10-02T09:53:26Z,20,macos_xl,0.102,2.04,macos-26-xlarge
36990487824,68531,Code OSS,pull_request,sandy081,User,human,110785290084,Copilot - Test (Linux),2026-10-02T09:34:03Z,2026-10-02T09:42:29Z,9,self_hosted,0,0,self-hosted|1ES.Pool=1es-vscode-oss-ubuntu-22.04-x64|JobId=copilot-linux-tests-36990487824-68531-1
36990487824,68531,Code OSS,pull_request,sandy081,User,human,110785290139,Windows / Electron,2026-10-02T09:34:01Z,2026-10-02T09:45:18Z,12,self_hosted,0,0,self-hosted|1ES.Pool=1es-vscode-oss-windows-2022-x64|JobId=windows-test-Electron-36990487824-68531-1
36990487824,68531,Code OSS,pull_request,sandy081,User,human,110785290218,macOS / Electron,2026-10-02T09:33:56Z,2026-10-02T09:41:36Z,8,macos_xl,0.102,0.816,macos-26-xlarge
36990487456,13619,CodeQL,pull_request,sandy081,User,human,110785287179,Analyze (rust),2026-10-02T09:33:52Z,2026-10-02T09:38:24Z,5,actions_linux,0.006,0.03,ubuntu-latest
36990487456,13619,CodeQL,pull_request,sandy081,User,human,110785287650,Analyze (javascript-typescript),2026-10-02T09:33:52Z,2026-10-02T09:40:50Z,7,actions_linux,0.006,0.042,ubuntu-latest
36990487437,36803,chat-lib tests,pull_request,sandy081,User,human,110785287031,chat-lib tests (windows-latest),2026-10-02T09:33:52Z,2026-10-02T09:36:37Z,3,actions_windows,0.01,0.03,windows-latest
36990487437,36803,chat-lib tests,pull_request,sandy081,User,human,110785287251,chat-lib tests (ubuntu-latest),2026-10-02T09:33:52Z,2026-10-02T09:35:33Z,2,actions_linux,0.006,0.012,ubuntu-latest
36990487437,36803,chat-lib tests,pull_request,sandy081,User,human,110785287258,chat-lib tests (macos-latest),2026-10-02T09:34:00Z,2026-10-02T09:36:21Z,3,actions_macos,0.062,0.186,macos-latest
36990487426,37843,Component Fixtures,pull_request,sandy081,User,human,110785286822,Screenshots,2026-10-02T09:33:52Z,2026-10-02T09:41:42Z,8,actions_linux,0.006,0.048,ubuntu-latest
36990487426,37843,Component Fixtures,pull_request,sandy081,User,human,110785287026,Playwright Fixture Tests,2026-10-02T09:33:52Z,2026-10-02T09:41:05Z,8,actions_linux,0.006,0.048,ubuntu-latest
36990487426,37843,Component Fixtures,pull_request,sandy081,User,human,110787744111,Screenshots & Tests,2026-10-02T09:41:51Z,2026-10-02T09:41:55Z,1,actions_linux,0.006,0.006,ubuntu-latest
36990487358,175081,Monaco Editor checks,pull_request,sandy081,User,human,110785286240,Monaco Editor checks,2026-10-02T09:33:52Z,2026-10-02T09:38:21Z,5,actions_linux,0.006,0.03,ubuntu-latest
36990487340,119563,Telemetry,pull_request,sandy081,User,human,110785285789,Check metadata,2026-10-02T09:33:52Z,2026-10-02T09:34:43Z,1,actions_linux,0.006,0.006,ubuntu-latest
36990377859,37842,Component Fixtures,push,jruales,User,human,110784936176,Screenshots,2026-10-02T09:33:21Z,2026-10-02T09:41:09Z,8,actions_linux,0.006,0.048,ubuntu-latest
36990377859,37842,Component Fixtures,push,jruales,User,human,110784936437,Playwright Fixture Tests,2026-10-02T09:32:45Z,2026-10-02T09:39:47Z,8,actions_linux,0.006,0.048,ubuntu-latest
36990377859,37842,Component Fixtures,push,jruales,User,human,110787571032,Screenshots & Tests,2026-10-02T09:41:18Z,2026-10-02T09:41:23Z,1,actions_linux,0.006,0.006,ubuntu-latest
36990377778,13618,CodeQL,push,jruales,User,human,110784936628,Analyze (rust),2026-10-02T09:32:45Z,2026-10-02T09:38:12Z,6,actions_linux,0.006,0.036000000000000004,ubuntu-latest
36990377778,13618,CodeQL,push,jruales,User,human,110784936896,Analyze (javascript-typescript),2026-10-02T09:32:46Z,2026-10-02T10:15:26Z,43,actions_linux,0.006,0.258,ubuntu-latest
36990377737,18849,Code OSS (node_modules),push,jruales,User,human,110784935373,Windows,2026-10-02T09:32:49Z,2026-10-02T09:33:23Z,1,self_hosted,0,0,self-hosted|1ES.Pool=1es-vscode-oss-windows-2022-x64|JobId=windows-36990377737-18849-1
36990377737,18849,Code OSS (node_modules),push,jruales,User,human,110784935521,Copilot (Windows),2026-10-02T09:32:49Z,2026-10-02T09:33:22Z,1,self_hosted,0,0,self-hosted|1ES.Pool=1es-vscode-oss-windows-2022-x64|JobId=copilot-windows-36990377737-18849-1
36990377737,18849,Code OSS (node_modules),push,jruales,User,human,110784935574,Copilot (Linux),2026-10-02T09:32:49Z,2026-10-02T09:33:03Z,1,self_hosted,0,0,self-hosted|1ES.Pool=1es-vscode-oss-ubuntu-22.04-x64|JobId=copilot-linux-36990377737-18849-1
36990377737,18849,Code OSS (node_modules),push,jruales,User,human,110784935577,Compile,2026-10-02T09:32:48Z,2026-10-02T09:33:27Z,1,self_hosted,0,0,self-hosted|1ES.Pool=1es-vscode-oss-ubuntu-22.04-x64|JobId=compile-36990377737-18849-1
36990377737,18849,Code OSS (node_modules),push,jruales,User,human,110784935631,macOS,2026-10-02T09:32:47Z,2026-10-02T09:33:07Z,1,macos_xl,0.102,0.102,macos-26-xlarge
36990377737,18849,Code OSS (node_modules),push,jruales,User,human,110784935764,Linux,2026-10-02T09:32:49Z,2026-10-02T09:33:04Z,1,self_hosted,0,0,self-hosted|1ES.Pool=1es-vscode-oss-ubuntu-22.04-x64|JobId=linux-36990377737-18849-1
36990377688,175080,Monaco Editor checks,push,jruales,User,human,110784935192,Monaco Editor checks,2026-10-02T09:32:45Z,2026-10-02T09:36:57Z,5,actions_linux,0.006,0.03,ubuntu-latest
36988466728,9846,Running Copilot Code Review,dynamic,Copilot,Bot,agent,110778835339,copilot-pull-request-reviewer,2026-10-02T09:12:51Z,2026-10-02T09:17:56Z,6,actions_linux,0.006,0.036000000000000004,vscode-large-runners
36987704725,68528,Code OSS,pull_request,benibenj,User,human,110776414081,Copilot - Test (Windows),2026-10-02T09:05:06Z,2026-10-02T09:15:53Z,11,self_hosted,0,0,self-hosted|1ES.Pool=1es-vscode-oss-windows-2022-x64|JobId=copilot-windows-tests-36987704725-68528-1
36987704725,68528,Code OSS,pull_request,benibenj,User,human,110776414237,Copilot - Test (Linux),2026-10-02T09:05:05Z,2026-10-02T09:12:56Z,8,self_hosted,0,0,self-hosted|1ES.Pool=1es-vscode-oss-ubuntu-22.04-x64|JobId=copilot-linux-tests-36987704725-68528-1
36987704725,68528,Code OSS,pull_request,benibenj,User,human,110776414443,Compile & Hygiene,2026-10-02T09:05:05Z,2026-10-02T09:11:52Z,7,self_hosted,0,0,self-hosted|1ES.Pool=1es-vscode-oss-ubuntu-22.04-x64|JobId=compile-36987704725-68528-1
36987704725,68528,Code OSS,pull_request,benibenj,User,human,110776414540,Copilot - Check Telemetry,2026-10-02T09:05:05Z,2026-10-02T09:05:23Z,1,self_hosted,0,0,self-hosted|1ES.Pool=1es-vscode-oss-ubuntu-22.04-x64|JobId=copilot-check-telemetry-36987704725-68528-1
36987704725,68528,Code OSS,pull_request,benibenj,User,human,110776415170,macOS / Electron,2026-10-02T09:05:06Z,2026-10-02T09:17:23Z,13,macos_xl,0.102,1.3259999999999998,macos-26-xlarge
36987704725,68528,Code OSS,pull_request,benibenj,User,human,110776415171,Windows / Electron-Unit,2026-10-02T09:05:05Z,2026-10-02T09:14:56Z,10,self_hosted,0,0,self-hosted|1ES.Pool=1es-vscode-oss-windows-2022-x64|JobId=windows-test-Electron-Unit-36987704725-68528-1
36987704725,68528,Code OSS,pull_request,benibenj,User,human,110776415190,Linux / Browser,2026-10-02T09:05:03Z,2026-10-02T09:18:36Z,14,actions_linux,0.006,0.084,ubuntu-24.04
36987704725,68528,Code OSS,pull_request,benibenj,User,human,110776415210,Linux / Electron-Unit,2026-10-02T09:05:03Z,2026-10-02T09:14:24Z,10,actions_linux,0.006,0.06,ubuntu-24.04
36987704725,68528,Code OSS,pull_request,benibenj,User,human,110776415215,Copilot - Check Test Cache,2026-10-02T09:05:05Z,2026-10-02T09:05:39Z,1,self_hosted,0,0,self-hosted|1ES.Pool=1es-vscode-oss-ubuntu-22.04-x64|JobId=copilot-check-test-cache-36987704725-68528-1
36987704725,68528,Code OSS,pull_request,benibenj,User,human,110776415263,macOS / Remote,2026-10-02T09:05:06Z,2026-10-02T09:14:55Z,10,macos_xl,0.102,1.02,macos-26-xlarge
36987704725,68528,Code OSS,pull_request,benibenj,User,human,110776415303,Linux / Electron-Smoke,2026-10-02T09:05:03Z,2026-10-02T09:26:28Z,22,actions_linux,0.006,0.132,ubuntu-24.04
36987704725,68528,Code OSS,pull_request,benibenj,User,human,110776415339,Linux / Remote,2026-10-02T09:05:03Z,2026-10-02T09:19:26Z,15,actions_linux,0.006,0.09,ubuntu-24.04
36987704725,68528,Code OSS,pull_request,benibenj,User,human,110776415342,macOS / Electron-Smoke,2026-10-02T09:05:07Z,2026-10-02T09:24:27Z,20,macos_xl,0.102,2.04,macos-26-xlarge
36987704725,68528,Code OSS,pull_request,benibenj,User,human,110776415347,Windows / Browser,2026-10-02T09:05:04Z,2026-10-02T09:18:28Z,14,self_hosted,0,0,self-hosted|1ES.Pool=1es-vscode-oss-windows-2022-x64|JobId=windows-test-Browser-36987704725-68528-1
36987704725,68528,Code OSS,pull_request,benibenj,User,human,110776415398,macOS / Browser,2026-10-02T09:05:08Z,2026-10-02T09:16:39Z,12,macos_xl,0.102,1.224,macos-26-xlarge
36987704725,68528,Code OSS,pull_request,benibenj,User,human,110776415430,Windows / Electron,2026-10-02T09:05:04Z,2026-10-02T09:34:30Z,30,self_hosted,0,0,self-hosted|1ES.Pool=1es-vscode-oss-windows-2022-x64|JobId=windows-test-Electron-36987704725-68528-1
36987704725,68528,Code OSS,pull_request,benibenj,User,human,110776415456,macOS / Electron-Unit,2026-10-02T09:05:06Z,2026-10-02T09:12:44Z,8,macos_xl,0.102,0.816,macos-26-xlarge
36987704725,68528,Code OSS,pull_request,benibenj,User,human,110776415461,Windows / Remote,2026-10-02T09:05:04Z,2026-10-02T09:18:22Z,14,self_hosted,0,0,self-hosted|1ES.Pool=1es-vscode-oss-windows-2022-x64|JobId=windows-test-Remote-36987704725-68528-1
36987704725,68528,Code OSS,pull_request,benibenj,User,human,110776415489,Linux / Electron,2026-10-02T09:05:03Z,2026-10-02T09:19:31Z,15,actions_linux,0.006,0.09,ubuntu-24.04
36987704725,68528,Code OSS,pull_request,benibenj,User,human,110776415628,Linux / CLI,2026-10-02T09:05:06Z,2026-10-02T09:06:56Z,2,self_hosted,0,0,self-hosted|1ES.Pool=1es-vscode-oss-ubuntu-22.04-x64|JobId=linux-cli-test-CLI-36987704725-68528-1
36987704725,68528,Code OSS,pull_request,benibenj,User,human,110776415632,Windows / Electron-Smoke,2026-10-02T09:05:04Z,2026-10-02T09:24:19Z,20,self_hosted,0,0,self-hosted|1ES.Pool=1es-vscode-oss-windows-2022-x64|JobId=windows-test-Electron-Smoke-36987704725-68528-1
36987704381,37839,Component Fixtures,pull_request,benibenj,User,human,110776408508,Playwright Fixture Tests,2026-10-02T09:04:55Z,2026-10-02T09:10:32Z,6,actions_linux,0.006,0.036000000000000004,ubuntu-latest
36987704381,37839,Component Fixtures,pull_request,benibenj,User,human,110776408720,Screenshots,2026-10-02T09:04:54Z,2026-10-02T09:12:39Z,8,actions_linux,0.006,0.048,ubuntu-latest
36987704381,37839,Component Fixtures,pull_request,benibenj,User,human,110778813479,Screenshots & Tests,2026-10-02T09:12:51Z,2026-10-02T09:12:54Z,1,actions_linux,0.006,0.006,ubuntu-latest
36987704377,119560,Telemetry,pull_request,benibenj,User,human,110776408077,Check metadata,2026-10-02T09:04:54Z,2026-10-02T09:05:53Z,1,actions_linux,0.006,0.006,ubuntu-latest
36987704366,13615,CodeQL,pull_request,benibenj,User,human,110776408423,Analyze (javascript-typescript),2026-10-02T09:04:55Z,2026-10-02T09:13:21Z,9,actions_linux,0.006,0.054,ubuntu-latest
36987704366,13615,CodeQL,pull_request,benibenj,User,human,110776408646,Analyze (rust),2026-10-02T09:04:54Z,2026-10-02T09:10:05Z,6,actions_linux,0.006,0.036000000000000004,ubuntu-latest
36987704307,36800,chat-lib tests,pull_request,benibenj,User,human,110776408437,chat-lib tests (macos-latest),2026-10-02T09:05:02Z,2026-10-02T09:07:35Z,3,actions_macos,0.062,0.186,macos-latest
36987704307,36800,chat-lib tests,pull_request,benibenj,User,human,110776408647,chat-lib tests (ubuntu-latest),2026-10-02T09:04:54Z,2026-10-02T09:06:39Z,2,actions_linux,0.006,0.012,ubuntu-latest
36987704307,36800,chat-lib tests,pull_request,benibenj,User,human,110776408688,chat-lib tests (windows-latest),2026-10-02T09:04:55Z,2026-10-02T09:07:28Z,3,actions_windows,0.01,0.03,windows-latest
36987704274,175077,Monaco Editor checks,pull_request,benibenj,User,human,110776407720,Monaco Editor checks,2026-10-02T09:04:55Z,2026-10-02T09:09:36Z,5,actions_linux,0.006,0.03,ubuntu-latest
36987287725,175076,Monaco Editor checks,push,sandy081,User,human,110775092801,Monaco Editor checks,2026-10-02T09:00:36Z,2026-10-02T09:05:26Z,5,actions_linux,0.006,0.03,ubuntu-latest
