run_id,run_number,workflow,event,actor_login,actor_type,class,job_id,job_name,started_at,completed_at,minutes,sku,rate_usd_per_min,cost_usd,runner_labels
36990293513,36,Push on main,dynamic,Paraphern,User,human,110784674284,Analyze (actions),2026-10-02T09:31:46Z,2026-10-02T09:32:29Z,1,actions_linux,0.006,0.006,ubuntu-latest
36990293513,36,Push on main,dynamic,Paraphern,User,human,110784674523,Analyze (javascript-typescript),2026-10-02T09:31:46Z,2026-10-02T09:32:56Z,2,actions_linux,0.006,0.012,ubuntu-latest
36990293513,36,Push on main,dynamic,Paraphern,User,human,110784674744,Analyze (python),2026-10-02T09:31:47Z,2026-10-02T09:32:29Z,1,actions_linux,0.006,0.006,ubuntu-latest
36990293001,20,canary,push,Paraphern,User,human,110784667157,replay,2026-10-02T09:31:46Z,2026-10-02T09:32:03Z,1,actions_linux,0.006,0.006,ubuntu-latest
36990292944,70,ci,push,Paraphern,User,human,110784666591,field-repro,2026-10-02T09:31:44Z,2026-10-02T09:31:55Z,1,actions_linux,0.006,0.006,ubuntu-latest
36990292944,70,ci,push,Paraphern,User,human,110784666863,dogfood,2026-10-02T09:31:45Z,2026-10-02T09:31:53Z,1,actions_linux,0.006,0.006,ubuntu-latest
36990292944,70,ci,push,Paraphern,User,human,110784666923,"test (windows-latest, 22)",2026-10-02T09:31:45Z,2026-10-02T09:32:17Z,1,actions_windows,0.01,0.01,windows-latest
36990292944,70,ci,push,Paraphern,User,human,110784667043,"test (ubuntu-latest, 20)",2026-10-02T09:31:44Z,2026-10-02T09:31:56Z,1,actions_linux,0.006,0.006,ubuntu-latest
36990292944,70,ci,push,Paraphern,User,human,110784667069,"test (windows-latest, 18)",2026-10-02T09:31:45Z,2026-10-02T09:32:09Z,1,actions_windows,0.01,0.01,windows-latest
36990292944,70,ci,push,Paraphern,User,human,110784667111,"test (ubuntu-latest, 22)",2026-10-02T09:31:50Z,2026-10-02T09:31:59Z,1,actions_linux,0.006,0.006,ubuntu-latest
36990292944,70,ci,push,Paraphern,User,human,110784667128,"test (ubuntu-latest, 18)",2026-10-02T09:31:44Z,2026-10-02T09:31:56Z,1,actions_linux,0.006,0.006,ubuntu-latest
36990292944,70,ci,push,Paraphern,User,human,110784667233,"test (windows-latest, 20)",2026-10-02T09:31:47Z,2026-10-02T09:32:18Z,1,actions_windows,0.01,0.01,windows-latest
36990100003,69,ci,push,Paraphern,User,human,110784056144,dogfood,2026-10-02T09:29:48Z,2026-10-02T09:29:53Z,1,actions_linux,0.006,0.006,ubuntu-latest
36990100003,69,ci,push,Paraphern,User,human,110784056307,field-repro,2026-10-02T09:29:49Z,2026-10-02T09:30:02Z,1,actions_linux,0.006,0.006,ubuntu-latest
36990100003,69,ci,push,Paraphern,User,human,110784056383,"test (windows-latest, 22)",2026-10-02T09:29:50Z,2026-10-02T09:30:13Z,1,actions_windows,0.01,0.01,windows-latest
36990100003,69,ci,push,Paraphern,User,human,110784056400,"test (ubuntu-latest, 22)",2026-10-02T09:29:49Z,2026-10-02T09:29:57Z,1,actions_linux,0.006,0.006,ubuntu-latest
36990100003,69,ci,push,Paraphern,User,human,110784056414,"test (windows-latest, 18)",2026-10-02T09:29:49Z,2026-10-02T09:30:13Z,1,actions_windows,0.01,0.01,windows-latest
36990100003,69,ci,push,Paraphern,User,human,110784056422,"test (ubuntu-latest, 18)",2026-10-02T09:29:49Z,2026-10-02T09:30:02Z,1,actions_linux,0.006,0.006,ubuntu-latest
36990100003,69,ci,push,Paraphern,User,human,110784056428,"test (windows-latest, 20)",2026-10-02T09:29:50Z,2026-10-02T09:30:21Z,1,actions_windows,0.01,0.01,windows-latest
36990100003,69,ci,push,Paraphern,User,human,110784056462,"test (ubuntu-latest, 20)",2026-10-02T09:29:48Z,2026-10-02T09:29:59Z,1,actions_linux,0.006,0.006,ubuntu-latest
36990099842,19,canary,push,Paraphern,User,human,110784055202,replay,2026-10-02T09:29:48Z,2026-10-02T09:30:04Z,1,actions_linux,0.006,0.006,ubuntu-latest
36990099548,35,Push on main,dynamic,Paraphern,User,human,110784060260,Analyze (javascript-typescript),2026-10-02T09:29:50Z,2026-10-02T09:31:06Z,2,actions_linux,0.006,0.012,ubuntu-latest
36990099548,35,Push on main,dynamic,Paraphern,User,human,110784060588,Analyze (actions),2026-10-02T09:29:49Z,2026-10-02T09:30:29Z,1,actions_linux,0.006,0.006,ubuntu-latest
36990099548,35,Push on main,dynamic,Paraphern,User,human,110784060682,Analyze (python),2026-10-02T09:29:49Z,2026-10-02T09:30:30Z,1,actions_linux,0.006,0.006,ubuntu-latest
36989484173,68,ci,pull_request,Paraphern,User,human,110782090586,dogfood,2026-10-02T09:23:24Z,2026-10-02T09:23:33Z,1,actions_linux,0.006,0.006,ubuntu-latest
36989484173,68,ci,pull_request,Paraphern,User,human,110782090796,field-repro,2026-10-02T09:23:24Z,2026-10-02T09:23:36Z,1,actions_linux,0.006,0.006,ubuntu-latest
36989484173,68,ci,pull_request,Paraphern,User,human,110782090854,"test (ubuntu-latest, 22)",2026-10-02T09:23:25Z,2026-10-02T09:23:34Z,1,actions_linux,0.006,0.006,ubuntu-latest
36989484173,68,ci,pull_request,Paraphern,User,human,110782090897,"test (windows-latest, 20)",2026-10-02T09:23:24Z,2026-10-02T09:23:48Z,1,actions_windows,0.01,0.01,windows-latest
36989484173,68,ci,pull_request,Paraphern,User,human,110782090922,"test (windows-latest, 18)",2026-10-02T09:23:24Z,2026-10-02T09:23:46Z,1,actions_windows,0.01,0.01,windows-latest
36989484173,68,ci,pull_request,Paraphern,User,human,110782090926,"test (windows-latest, 22)",2026-10-02T09:23:25Z,2026-10-02T09:23:47Z,1,actions_windows,0.01,0.01,windows-latest
36989484173,68,ci,pull_request,Paraphern,User,human,110782090960,"test (ubuntu-latest, 20)",2026-10-02T09:23:23Z,2026-10-02T09:23:35Z,1,actions_linux,0.006,0.006,ubuntu-latest
36989484173,68,ci,pull_request,Paraphern,User,human,110782091004,"test (ubuntu-latest, 18)",2026-10-02T09:23:23Z,2026-10-02T09:23:36Z,1,actions_linux,0.006,0.006,ubuntu-latest
36989482137,34,PR #3,dynamic,Paraphern,User,human,110782089523,Analyze (actions),2026-10-02T09:23:24Z,2026-10-02T09:24:02Z,1,actions_linux,0.006,0.006,ubuntu-latest
36989482137,34,PR #3,dynamic,Paraphern,User,human,110782089695,Analyze (javascript-typescript),2026-10-02T09:23:25Z,2026-10-02T09:24:25Z,1,actions_linux,0.006,0.006,ubuntu-latest
36989482137,34,PR #3,dynamic,Paraphern,User,human,110782089787,Analyze (python),2026-10-02T09:23:24Z,2026-10-02T09:24:03Z,1,actions_linux,0.006,0.006,ubuntu-latest
36989324579,18,canary,push,Paraphern,User,human,110781581256,replay,2026-10-02T09:21:42Z,2026-10-02T09:21:58Z,1,actions_linux,0.006,0.006,ubuntu-latest
36989324557,67,ci,push,Paraphern,User,human,110781580920,field-repro,2026-10-02T09:21:42Z,2026-10-02T09:21:55Z,1,actions_linux,0.006,0.006,ubuntu-latest
36989324557,67,ci,push,Paraphern,User,human,110781581190,"test (ubuntu-latest, 22)",2026-10-02T09:21:44Z,2026-10-02T09:21:51Z,1,actions_linux,0.006,0.006,ubuntu-latest
36989324557,67,ci,push,Paraphern,User,human,110781581193,"test (ubuntu-latest, 20)",2026-10-02T09:21:42Z,2026-10-02T09:21:55Z,1,actions_linux,0.006,0.006,ubuntu-latest
36989324557,67,ci,push,Paraphern,User,human,110781581204,"test (windows-latest, 18)",2026-10-02T09:21:42Z,2026-10-02T09:22:04Z,1,actions_windows,0.01,0.01,windows-latest
36989324557,67,ci,push,Paraphern,User,human,110781581206,"test (windows-latest, 20)",2026-10-02T09:21:43Z,2026-10-02T09:22:07Z,1,actions_windows,0.01,0.01,windows-latest
36989324557,67,ci,push,Paraphern,User,human,110781581212,"test (windows-latest, 22)",2026-10-02T09:21:42Z,2026-10-02T09:22:00Z,1,actions_windows,0.01,0.01,windows-latest
36989324557,67,ci,push,Paraphern,User,human,110781581274,"test (ubuntu-latest, 18)",2026-10-02T09:21:42Z,2026-10-02T09:21:55Z,1,actions_linux,0.006,0.006,ubuntu-latest
36989324557,67,ci,push,Paraphern,User,human,110781581375,dogfood,2026-10-02T09:21:43Z,2026-10-02T09:21:50Z,1,actions_linux,0.006,0.006,ubuntu-latest
36989323849,33,Push on main,dynamic,Paraphern,User,human,110781584876,Analyze (python),2026-10-02T09:21:44Z,2026-10-02T09:22:36Z,1,actions_linux,0.006,0.006,ubuntu-latest
36989323849,33,Push on main,dynamic,Paraphern,User,human,110781584929,Analyze (actions),2026-10-02T09:21:43Z,2026-10-02T09:22:28Z,1,actions_linux,0.006,0.006,ubuntu-latest
36989323849,33,Push on main,dynamic,Paraphern,User,human,110781584959,Analyze (javascript-typescript),2026-10-02T09:22:19Z,2026-10-02T09:23:32Z,2,actions_linux,0.006,0.012,ubuntu-latest
36989153587,66,ci,push,Paraphern,User,human,110781040951,dogfood,2026-10-02T09:19:56Z,2026-10-02T09:20:00Z,1,actions_linux,0.006,0.006,ubuntu-latest
36989153587,66,ci,push,Paraphern,User,human,110781041144,"test (ubuntu-latest, 18)",2026-10-02T09:19:57Z,2026-10-02T09:20:10Z,1,actions_linux,0.006,0.006,ubuntu-latest
36989153587,66,ci,push,Paraphern,User,human,110781041161,"test (windows-latest, 18)",2026-10-02T09:19:56Z,2026-10-02T09:20:20Z,1,actions_windows,0.01,0.01,windows-latest
36989153587,66,ci,push,Paraphern,User,human,110781041173,"test (windows-latest, 20)",2026-10-02T09:19:58Z,2026-10-02T09:20:27Z,1,actions_windows,0.01,0.01,windows-latest
36989153587,66,ci,push,Paraphern,User,human,110781041179,"test (ubuntu-latest, 20)",2026-10-02T09:19:56Z,2026-10-02T09:20:09Z,1,actions_linux,0.006,0.006,ubuntu-latest
36989153587,66,ci,push,Paraphern,User,human,110781041240,field-repro,2026-10-02T09:19:56Z,2026-10-02T09:20:05Z,1,actions_linux,0.006,0.006,ubuntu-latest
36989153587,66,ci,push,Paraphern,User,human,110781041279,"test (ubuntu-latest, 22)",2026-10-02T09:19:57Z,2026-10-02T09:20:06Z,1,actions_linux,0.006,0.006,ubuntu-latest
36989153587,66,ci,push,Paraphern,User,human,110781041299,"test (windows-latest, 22)",2026-10-02T09:19:56Z,2026-10-02T09:20:17Z,1,actions_windows,0.01,0.01,windows-latest
36989153501,17,canary,push,Paraphern,User,human,110781040638,replay,2026-10-02T09:19:56Z,2026-10-02T09:20:17Z,1,actions_linux,0.006,0.006,ubuntu-latest
36989153459,32,Push on main,dynamic,Paraphern,User,human,110781046615,Analyze (actions),2026-10-02T09:19:58Z,2026-10-02T09:20:47Z,1,actions_linux,0.006,0.006,ubuntu-latest
36989153459,32,Push on main,dynamic,Paraphern,User,human,110781046753,Analyze (javascript-typescript),2026-10-02T09:19:58Z,2026-10-02T09:21:07Z,2,actions_linux,0.006,0.012,ubuntu-latest
36989153459,32,Push on main,dynamic,Paraphern,User,human,110781046808,Analyze (python),2026-10-02T09:19:58Z,2026-10-02T09:20:45Z,1,actions_linux,0.006,0.006,ubuntu-latest
36988769507,65,ci,push,Paraphern,User,human,110779796555,field-repro,2026-10-02T09:16:30Z,2026-10-02T09:16:43Z,1,actions_linux,0.006,0.006,ubuntu-latest
36988769507,65,ci,push,Paraphern,User,human,110779796656,"test (ubuntu-latest, 18)",2026-10-02T09:16:28Z,2026-10-02T09:16:42Z,1,actions_linux,0.006,0.006,ubuntu-latest
36988769507,65,ci,push,Paraphern,User,human,110779796668,dogfood,2026-10-02T09:16:30Z,2026-10-02T09:16:39Z,1,actions_linux,0.006,0.006,ubuntu-latest
36988769507,65,ci,push,Paraphern,User,human,110779796696,"test (ubuntu-latest, 20)",2026-10-02T09:16:27Z,2026-10-02T09:16:38Z,1,actions_linux,0.006,0.006,ubuntu-latest
36988769507,65,ci,push,Paraphern,User,human,110779796716,"test (windows-latest, 22)",2026-10-02T09:16:31Z,2026-10-02T09:16:55Z,1,actions_windows,0.01,0.01,windows-latest
36988769507,65,ci,push,Paraphern,User,human,110779796720,"test (windows-latest, 20)",2026-10-02T09:16:09Z,2026-10-02T09:16:33Z,1,actions_windows,0.01,0.01,windows-latest
36988769507,65,ci,push,Paraphern,User,human,110779796770,"test (windows-latest, 18)",2026-10-02T09:16:29Z,2026-10-02T09:16:59Z,1,actions_windows,0.01,0.01,windows-latest
36988769507,65,ci,push,Paraphern,User,human,110779796785,"test (ubuntu-latest, 22)",2026-10-02T09:16:35Z,2026-10-02T09:16:42Z,1,actions_linux,0.006,0.006,ubuntu-latest
36988769498,16,canary,push,Paraphern,User,human,110779796249,replay,2026-10-02T09:16:02Z,2026-10-02T09:16:18Z,1,actions_linux,0.006,0.006,ubuntu-latest
36988768983,31,Push on main,dynamic,Paraphern,User,human,110779801493,Analyze (actions),2026-10-02T09:16:13Z,2026-10-02T09:17:04Z,1,actions_linux,0.006,0.006,ubuntu-latest
36988768983,31,Push on main,dynamic,Paraphern,User,human,110779801700,Analyze (javascript-typescript),2026-10-02T09:16:37Z,2026-10-02T09:17:51Z,2,actions_linux,0.006,0.012,ubuntu-latest
36988768983,31,Push on main,dynamic,Paraphern,User,human,110779801783,Analyze (python),2026-10-02T09:16:17Z,2026-10-02T09:17:01Z,1,actions_linux,0.006,0.006,ubuntu-latest
36988737781,15,canary,push,Paraphern,User,human,110779696953,replay,2026-10-02T09:16:29Z,2026-10-02T09:16:44Z,1,actions_linux,0.006,0.006,ubuntu-latest
36988737577,64,ci,push,Paraphern,User,human,110779696181,field-repro,2026-10-02T09:16:22Z,2026-10-02T09:16:35Z,1,actions_linux,0.006,0.006,ubuntu-latest
36988737577,64,ci,push,Paraphern,User,human,110779696339,"test (windows-latest, 22)",2026-10-02T09:15:52Z,2026-10-02T09:16:25Z,1,actions_windows,0.01,0.01,windows-latest
36988737577,64,ci,push,Paraphern,User,human,110779696357,"test (ubuntu-latest, 20)",2026-10-02T09:16:15Z,2026-10-02T09:16:28Z,1,actions_linux,0.006,0.006,ubuntu-latest
36988737577,64,ci,push,Paraphern,User,human,110779696372,"test (windows-latest, 18)",2026-10-02T09:15:52Z,2026-10-02T09:16:13Z,1,actions_windows,0.01,0.01,windows-latest
36988737577,64,ci,push,Paraphern,User,human,110779696375,"test (ubuntu-latest, 18)",2026-10-02T09:16:15Z,2026-10-02T09:16:25Z,1,actions_linux,0.006,0.006,ubuntu-latest
36988737577,64,ci,push,Paraphern,User,human,110779696414,dogfood,2026-10-02T09:16:21Z,2026-10-02T09:16:27Z,1,actions_linux,0.006,0.006,ubuntu-latest
36988737577,64,ci,push,Paraphern,User,human,110779696443,"test (windows-latest, 20)",2026-10-02T09:15:43Z,2026-10-02T09:16:28Z,1,actions_windows,0.01,0.01,windows-latest
36988737577,64,ci,push,Paraphern,User,human,110779696466,"test (ubuntu-latest, 22)",2026-10-02T09:16:27Z,2026-10-02T09:16:35Z,1,actions_linux,0.006,0.006,ubuntu-latest
36988737323,30,Push on main,dynamic,Paraphern,User,human,110779702658,Analyze (actions),2026-10-02T09:16:03Z,2026-10-02T09:16:44Z,1,actions_linux,0.006,0.006,ubuntu-latest
36988737323,30,Push on main,dynamic,Paraphern,User,human,110779702982,Analyze (javascript-typescript),2026-10-02T09:16:10Z,2026-10-02T09:17:22Z,2,actions_linux,0.006,0.012,ubuntu-latest
36988737323,30,Push on main,dynamic,Paraphern,User,human,110779703002,Analyze (python),2026-10-02T09:16:08Z,2026-10-02T09:16:50Z,1,actions_linux,0.006,0.006,ubuntu-latest
36988734948,29,Push on main,dynamic,Paraphern,User,human,110779692514,Analyze (javascript-typescript),2026-10-02T09:15:57Z,2026-10-02T09:17:13Z,2,actions_linux,0.006,0.012,ubuntu-latest
36988734948,29,Push on main,dynamic,Paraphern,User,human,110779692654,Analyze (actions),2026-10-02T09:15:53Z,2026-10-02T09:16:37Z,1,actions_linux,0.006,0.006,ubuntu-latest
36988734948,29,Push on main,dynamic,Paraphern,User,human,110779692834,Analyze (python),2026-10-02T09:16:00Z,2026-10-02T09:16:34Z,1,actions_linux,0.006,0.006,ubuntu-latest
36988734831,14,canary,push,Paraphern,User,human,110779687173,replay,2026-10-02T09:15:41Z,2026-10-02T09:15:58Z,1,actions_linux,0.006,0.006,ubuntu-latest
36988734809,63,ci,push,Paraphern,User,human,110779687437,field-repro,2026-10-02T09:15:58Z,2026-10-02T09:16:15Z,1,actions_linux,0.006,0.006,ubuntu-latest
36988734809,63,ci,push,Paraphern,User,human,110779687474,"test (ubuntu-latest, 20)",2026-10-02T09:15:38Z,2026-10-02T09:15:51Z,1,actions_linux,0.006,0.006,ubuntu-latest
36988734809,63,ci,push,Paraphern,User,human,110779687601,dogfood,2026-10-02T09:15:45Z,2026-10-02T09:15:50Z,1,actions_linux,0.006,0.006,ubuntu-latest
36988734809,63,ci,push,Paraphern,User,human,110779687617,"test (ubuntu-latest, 18)",2026-10-02T09:15:44Z,2026-10-02T09:15:57Z,1,actions_linux,0.006,0.006,ubuntu-latest
36988734809,63,ci,push,Paraphern,User,human,110779687693,"test (windows-latest, 22)",2026-10-02T09:15:43Z,2026-10-02T09:16:07Z,1,actions_windows,0.01,0.01,windows-latest
36988734809,63,ci,push,Paraphern,User,human,110779687807,"test (ubuntu-latest, 22)",2026-10-02T09:16:00Z,2026-10-02T09:16:08Z,1,actions_linux,0.006,0.006,ubuntu-latest
36988734809,63,ci,push,Paraphern,User,human,110779687886,"test (windows-latest, 20)",2026-10-02T09:15:43Z,2026-10-02T09:16:05Z,1,actions_windows,0.01,0.01,windows-latest
36988734809,63,ci,push,Paraphern,User,human,110779687901,"test (windows-latest, 18)",2026-10-02T09:15:44Z,2026-10-02T09:16:11Z,1,actions_windows,0.01,0.01,windows-latest
36988733327,13,canary,push,Paraphern,User,human,110779681941,replay,2026-10-02T09:15:40Z,2026-10-02T09:15:55Z,1,actions_linux,0.006,0.006,ubuntu-latest
36988733167,62,ci,push,Paraphern,User,human,110779681741,dogfood,2026-10-02T09:15:30Z,2026-10-02T09:15:37Z,1,actions_linux,0.006,0.006,ubuntu-latest
36988733167,62,ci,push,Paraphern,User,human,110779681885,"test (ubuntu-latest, 18)",2026-10-02T09:15:30Z,2026-10-02T09:15:40Z,1,actions_linux,0.006,0.006,ubuntu-latest
36988733167,62,ci,push,Paraphern,User,human,110779681938,field-repro,2026-10-02T09:15:29Z,2026-10-02T09:15:41Z,1,actions_linux,0.006,0.006,ubuntu-latest
36988733167,62,ci,push,Paraphern,User,human,110779681939,"test (windows-latest, 22)",2026-10-02T09:15:29Z,2026-10-02T09:16:01Z,1,actions_windows,0.01,0.01,windows-latest
36988733167,62,ci,push,Paraphern,User,human,110779681957,"test (windows-latest, 20)",2026-10-02T09:15:29Z,2026-10-02T09:15:51Z,1,actions_windows,0.01,0.01,windows-latest
36988733167,62,ci,push,Paraphern,User,human,110779681987,"test (ubuntu-latest, 22)",2026-10-02T09:15:29Z,2026-10-02T09:15:38Z,1,actions_linux,0.006,0.006,ubuntu-latest
36988733167,62,ci,push,Paraphern,User,human,110779682009,"test (windows-latest, 18)",2026-10-02T09:15:29Z,2026-10-02T09:15:53Z,1,actions_windows,0.01,0.01,windows-latest
36988733167,62,ci,push,Paraphern,User,human,110779682058,"test (ubuntu-latest, 20)",2026-10-02T09:15:29Z,2026-10-02T09:15:41Z,1,actions_linux,0.006,0.006,ubuntu-latest
36988732845,28,Push on main,dynamic,Paraphern,User,human,110779686704,Analyze (actions),2026-10-02T09:15:37Z,2026-10-02T09:16:13Z,1,actions_linux,0.006,0.006,ubuntu-latest
36988732845,28,Push on main,dynamic,Paraphern,User,human,110779687021,Analyze (python),2026-10-02T09:15:42Z,2026-10-02T09:16:27Z,1,actions_linux,0.006,0.006,ubuntu-latest
36988732845,28,Push on main,dynamic,Paraphern,User,human,110779687101,Analyze (javascript-typescript),2026-10-02T09:15:52Z,2026-10-02T09:17:01Z,2,actions_linux,0.006,0.012,ubuntu-latest
36988730853,61,ci,push,Paraphern,User,human,110779674529,dogfood,2026-10-02T09:15:28Z,2026-10-02T09:15:35Z,1,actions_linux,0.006,0.006,ubuntu-latest
36988730853,61,ci,push,Paraphern,User,human,110779674844,"test (ubuntu-latest, 18)",2026-10-02T09:15:28Z,2026-10-02T09:15:41Z,1,actions_linux,0.006,0.006,ubuntu-latest
36988730853,61,ci,push,Paraphern,User,human,110779674867,field-repro,2026-10-02T09:15:29Z,2026-10-02T09:15:40Z,1,actions_linux,0.006,0.006,ubuntu-latest
36988730853,61,ci,push,Paraphern,User,human,110779674875,"test (ubuntu-latest, 20)",2026-10-02T09:15:28Z,2026-10-02T09:15:39Z,1,actions_linux,0.006,0.006,ubuntu-latest
36988730853,61,ci,push,Paraphern,User,human,110779674910,"test (windows-latest, 18)",2026-10-02T09:15:28Z,2026-10-02T09:15:50Z,1,actions_windows,0.01,0.01,windows-latest
36988730853,61,ci,push,Paraphern,User,human,110779674977,"test (windows-latest, 20)",2026-10-02T09:15:28Z,2026-10-02T09:15:51Z,1,actions_windows,0.01,0.01,windows-latest
36988730853,61,ci,push,Paraphern,User,human,110779674985,"test (ubuntu-latest, 22)",2026-10-02T09:15:28Z,2026-10-02T09:15:39Z,1,actions_linux,0.006,0.006,ubuntu-latest
36988730853,61,ci,push,Paraphern,User,human,110779674992,"test (windows-latest, 22)",2026-10-02T09:15:29Z,2026-10-02T09:15:54Z,1,actions_windows,0.01,0.01,windows-latest
36988730691,12,canary,push,Paraphern,User,human,110779674202,replay,2026-10-02T09:15:28Z,2026-10-02T09:15:43Z,1,actions_linux,0.006,0.006,ubuntu-latest
36988730015,27,Push on main,dynamic,Paraphern,User,human,110779677154,Analyze (javascript-typescript),2026-10-02T09:15:30Z,2026-10-02T09:16:47Z,2,actions_linux,0.006,0.012,ubuntu-latest
36988730015,27,Push on main,dynamic,Paraphern,User,human,110779677495,Analyze (python),2026-10-02T09:15:29Z,2026-10-02T09:16:26Z,1,actions_linux,0.006,0.006,ubuntu-latest
36988730015,27,Push on main,dynamic,Paraphern,User,human,110779677501,Analyze (actions),2026-10-02T09:15:29Z,2026-10-02T09:16:20Z,1,actions_linux,0.006,0.006,ubuntu-latest
36984923600,11,canary,push,Paraphern,User,human,110767653110,replay,2026-10-02T08:35:45Z,2026-10-02T08:36:03Z,1,actions_linux,0.006,0.006,ubuntu-latest
36984923585,60,ci,push,Paraphern,User,human,110767653075,field-repro,2026-10-02T08:35:44Z,2026-10-02T08:35:57Z,1,actions_linux,0.006,0.006,ubuntu-latest
36984923585,60,ci,push,Paraphern,User,human,110767653238,dogfood,2026-10-02T08:35:44Z,2026-10-02T08:35:48Z,1,actions_linux,0.006,0.006,ubuntu-latest
36984923585,60,ci,push,Paraphern,User,human,110767653284,"test (ubuntu-latest, 18)",2026-10-02T08:35:45Z,2026-10-02T08:35:56Z,1,actions_linux,0.006,0.006,ubuntu-latest
36984923585,60,ci,push,Paraphern,User,human,110767653423,"test (windows-latest, 22)",2026-10-02T08:35:44Z,2026-10-02T08:36:04Z,1,actions_windows,0.01,0.01,windows-latest
36984923585,60,ci,push,Paraphern,User,human,110767653501,"test (ubuntu-latest, 20)",2026-10-02T08:35:44Z,2026-10-02T08:35:56Z,1,actions_linux,0.006,0.006,ubuntu-latest
36984923585,60,ci,push,Paraphern,User,human,110767653517,"test (ubuntu-latest, 22)",2026-10-02T08:35:44Z,2026-10-02T08:35:59Z,1,actions_linux,0.006,0.006,ubuntu-latest
36984923585,60,ci,push,Paraphern,User,human,110767653528,"test (windows-latest, 18)",2026-10-02T08:35:44Z,2026-10-02T08:36:07Z,1,actions_windows,0.01,0.01,windows-latest
36984923585,60,ci,push,Paraphern,User,human,110767653534,"test (windows-latest, 20)",2026-10-02T08:35:44Z,2026-10-02T08:36:10Z,1,actions_windows,0.01,0.01,windows-latest
36984923471,26,Push on main,dynamic,Paraphern,User,human,110767657935,Analyze (actions),2026-10-02T08:35:45Z,2026-10-02T08:36:20Z,1,actions_linux,0.006,0.006,ubuntu-latest
36984923471,26,Push on main,dynamic,Paraphern,User,human,110767658068,Analyze (javascript-typescript),2026-10-02T08:35:45Z,2026-10-02T08:37:00Z,2,actions_linux,0.006,0.012,ubuntu-latest
36984923471,26,Push on main,dynamic,Paraphern,User,human,110767658075,Analyze (python),2026-10-02T08:35:45Z,2026-10-02T08:36:20Z,1,actions_linux,0.006,0.006,ubuntu-latest
36922339510,59,ci,push,Paraphern,User,human,110571184648,field-repro,2026-10-01T20:32:40Z,2026-10-01T20:32:52Z,1,actions_linux,0.006,0.006,ubuntu-latest
36922339510,59,ci,push,Paraphern,User,human,110571184941,"test (windows-latest, 22)",2026-10-01T20:32:40Z,2026-10-01T20:32:59Z,1,actions_windows,0.01,0.01,windows-latest
36922339510,59,ci,push,Paraphern,User,human,110571185115,dogfood,2026-10-01T20:32:40Z,2026-10-01T20:32:47Z,1,actions_linux,0.006,0.006,ubuntu-latest
36922339510,59,ci,push,Paraphern,User,human,110571185372,"test (windows-latest, 18)",2026-10-01T20:32:43Z,2026-10-01T20:33:07Z,1,actions_windows,0.01,0.01,windows-latest
36922339510,59,ci,push,Paraphern,User,human,110571185391,"test (ubuntu-latest, 20)",2026-10-01T20:32:41Z,2026-10-01T20:32:55Z,1,actions_linux,0.006,0.006,ubuntu-latest
36922339510,59,ci,push,Paraphern,User,human,110571185398,"test (ubuntu-latest, 18)",2026-10-01T20:32:40Z,2026-10-01T20:32:52Z,1,actions_linux,0.006,0.006,ubuntu-latest
36922339510,59,ci,push,Paraphern,User,human,110571185402,"test (windows-latest, 20)",2026-10-01T20:32:42Z,2026-10-01T20:33:09Z,1,actions_windows,0.01,0.01,windows-latest
36922339510,59,ci,push,Paraphern,User,human,110571185430,"test (ubuntu-latest, 22)",2026-10-01T20:32:40Z,2026-10-01T20:32:48Z,1,actions_linux,0.006,0.006,ubuntu-latest
36922339490,10,canary,push,Paraphern,User,human,110571185177,replay,2026-10-01T20:32:41Z,2026-10-01T20:33:01Z,1,actions_linux,0.006,0.006,ubuntu-latest
36922338510,25,Push on main,dynamic,Paraphern,User,human,110571187612,Analyze (actions),2026-10-01T20:32:42Z,2026-10-01T20:33:22Z,1,actions_linux,0.006,0.006,ubuntu-latest
36922338510,25,Push on main,dynamic,Paraphern,User,human,110571187716,Analyze (python),2026-10-01T20:32:42Z,2026-10-01T20:33:36Z,1,actions_linux,0.006,0.006,ubuntu-latest
36922338510,25,Push on main,dynamic,Paraphern,User,human,110571187915,Analyze (javascript-typescript),2026-10-01T20:32:43Z,2026-10-01T20:33:49Z,2,actions_linux,0.006,0.012,ubuntu-latest
36911907433,58,ci,push,Paraphern,User,human,110536343929,dogfood,2026-10-01T19:07:07Z,2026-10-01T19:07:15Z,1,actions_linux,0.006,0.006,ubuntu-latest
36911907433,58,ci,push,Paraphern,User,human,110536344049,"test (ubuntu-latest, 20)",2026-10-01T19:07:08Z,2026-10-01T19:07:22Z,1,actions_linux,0.006,0.006,ubuntu-latest
36911907433,58,ci,push,Paraphern,User,human,110536344119,"test (windows-latest, 18)",2026-10-01T19:07:08Z,2026-10-01T19:07:34Z,1,actions_windows,0.01,0.01,windows-latest
36911907433,58,ci,push,Paraphern,User,human,110536344237,"test (ubuntu-latest, 22)",2026-10-01T19:07:08Z,2026-10-01T19:07:20Z,1,actions_linux,0.006,0.006,ubuntu-latest
36911907433,58,ci,push,Paraphern,User,human,110536344259,field-repro,2026-10-01T19:07:09Z,2026-10-01T19:07:22Z,1,actions_linux,0.006,0.006,ubuntu-latest
36911907433,58,ci,push,Paraphern,User,human,110536344296,"test (ubuntu-latest, 18)",2026-10-01T19:07:08Z,2026-10-01T19:07:22Z,1,actions_linux,0.006,0.006,ubuntu-latest
36911907433,58,ci,push,Paraphern,User,human,110536344356,"test (windows-latest, 20)",2026-10-01T19:07:09Z,2026-10-01T19:07:35Z,1,actions_windows,0.01,0.01,windows-latest
36911907433,58,ci,push,Paraphern,User,human,110536344710,"test (windows-latest, 22)",2026-10-01T19:07:09Z,2026-10-01T19:07:42Z,1,actions_windows,0.01,0.01,windows-latest
36911907326,9,canary,push,Paraphern,User,human,110536343702,replay,2026-10-01T19:07:07Z,2026-10-01T19:07:23Z,1,actions_linux,0.006,0.006,ubuntu-latest
36911907062,24,Push on main,dynamic,Paraphern,User,human,110536351937,Analyze (actions),2026-10-01T19:07:10Z,2026-10-01T19:08:27Z,2,actions_linux,0.006,0.012,ubuntu-latest
36911907062,24,Push on main,dynamic,Paraphern,User,human,110536352288,Analyze (javascript-typescript),2026-10-01T19:07:10Z,2026-10-01T19:08:23Z,2,actions_linux,0.006,0.012,ubuntu-latest
36911907062,24,Push on main,dynamic,Paraphern,User,human,110536352351,Analyze (python),2026-10-01T19:07:10Z,2026-10-01T19:07:59Z,1,actions_linux,0.006,0.006,ubuntu-latest
36911193936,8,canary,push,Paraphern,User,human,110533949883,replay,2026-10-01T19:01:17Z,2026-10-01T19:01:34Z,1,actions_linux,0.006,0.006,ubuntu-latest
36911193882,57,ci,push,Paraphern,User,human,110533949776,field-repro,2026-10-01T19:01:18Z,2026-10-01T19:01:33Z,1,actions_linux,0.006,0.006,ubuntu-latest
36911193882,57,ci,push,Paraphern,User,human,110533950005,dogfood,2026-10-01T19:01:18Z,2026-10-01T19:01:28Z,1,actions_linux,0.006,0.006,ubuntu-latest
36911193882,57,ci,push,Paraphern,User,human,110533950139,"test (ubuntu-latest, 18)",2026-10-01T19:01:18Z,2026-10-01T19:01:32Z,1,actions_linux,0.006,0.006,ubuntu-latest
36911193882,57,ci,push,Paraphern,User,human,110533950180,"test (ubuntu-latest, 20)",2026-10-01T19:01:17Z,2026-10-01T19:01:29Z,1,actions_linux,0.006,0.006,ubuntu-latest
36911193882,57,ci,push,Paraphern,User,human,110533950193,"test (windows-latest, 18)",2026-10-01T19:01:20Z,2026-10-01T19:01:59Z,1,actions_windows,0.01,0.01,windows-latest
36911193882,57,ci,push,Paraphern,User,human,110533950330,"test (ubuntu-latest, 22)",2026-10-01T19:01:19Z,2026-10-01T19:01:34Z,1,actions_linux,0.006,0.006,ubuntu-latest
36911193882,57,ci,push,Paraphern,User,human,110533950444,"test (windows-latest, 20)",2026-10-01T19:01:18Z,2026-10-01T19:01:41Z,1,actions_windows,0.01,0.01,windows-latest
36911193882,57,ci,push,Paraphern,User,human,110533950463,"test (windows-latest, 22)",2026-10-01T19:01:18Z,2026-10-01T19:01:40Z,1,actions_windows,0.01,0.01,windows-latest
36911192991,23,Push on main,dynamic,Paraphern,User,human,110533954685,Analyze (actions),2026-10-01T19:01:19Z,2026-10-01T19:02:01Z,1,actions_linux,0.006,0.006,ubuntu-latest
36911192991,23,Push on main,dynamic,Paraphern,User,human,110533954817,Analyze (python),2026-10-01T19:01:19Z,2026-10-01T19:02:09Z,1,actions_linux,0.006,0.006,ubuntu-latest
36911192991,23,Push on main,dynamic,Paraphern,User,human,110533955069,Analyze (javascript-typescript),2026-10-01T19:01:21Z,2026-10-01T19:02:41Z,2,actions_linux,0.006,0.012,ubuntu-latest
36904379701,7,canary,push,Paraphern,User,human,110511125328,replay,2026-10-01T18:06:44Z,2026-10-01T18:07:18Z,1,actions_linux,0.006,0.006,ubuntu-latest
36904379698,56,ci,push,Paraphern,User,human,110511125491,dogfood,2026-10-01T18:06:44Z,2026-10-01T18:07:00Z,1,actions_linux,0.006,0.006,ubuntu-latest
36904379698,56,ci,push,Paraphern,User,human,110511125655,field-repro,2026-10-01T18:06:44Z,2026-10-01T18:06:58Z,1,actions_linux,0.006,0.006,ubuntu-latest
36904379698,56,ci,push,Paraphern,User,human,110511125666,"test (ubuntu-latest, 18)",2026-10-01T18:06:44Z,2026-10-01T18:06:57Z,1,actions_linux,0.006,0.006,ubuntu-latest
36904379698,56,ci,push,Paraphern,User,human,110511125693,"test (windows-latest, 20)",2026-10-01T18:06:44Z,2026-10-01T18:07:15Z,1,actions_windows,0.01,0.01,windows-latest
36904379698,56,ci,push,Paraphern,User,human,110511125728,"test (ubuntu-latest, 20)",2026-10-01T18:06:44Z,2026-10-01T18:07:27Z,1,actions_linux,0.006,0.006,ubuntu-latest
36904379698,56,ci,push,Paraphern,User,human,110511125761,"test (windows-latest, 18)",2026-10-01T18:06:44Z,2026-10-01T18:07:19Z,1,actions_windows,0.01,0.01,windows-latest
36904379698,56,ci,push,Paraphern,User,human,110511125792,"test (ubuntu-latest, 22)",2026-10-01T18:06:45Z,2026-10-01T18:07:00Z,1,actions_linux,0.006,0.006,ubuntu-latest
36904379698,56,ci,push,Paraphern,User,human,110511125933,"test (windows-latest, 22)",2026-10-01T18:06:46Z,2026-10-01T18:07:23Z,1,actions_windows,0.01,0.01,windows-latest
36904378896,22,Push on main,dynamic,Paraphern,User,human,110511132671,Analyze (javascript-typescript),2026-10-01T18:06:45Z,2026-10-01T18:07:54Z,2,actions_linux,0.006,0.012,ubuntu-latest
36904378896,22,Push on main,dynamic,Paraphern,User,human,110511132995,Analyze (python),2026-10-01T18:06:45Z,2026-10-01T18:07:42Z,1,actions_linux,0.006,0.006,ubuntu-latest
36904378896,22,Push on main,dynamic,Paraphern,User,human,110511133021,Analyze (actions),2026-10-01T18:06:45Z,2026-10-01T18:07:26Z,1,actions_linux,0.006,0.006,ubuntu-latest
36892774224,6,canary,push,Paraphern,User,human,110472225090,replay,2026-10-01T16:32:37Z,2026-10-01T16:32:55Z,1,actions_linux,0.006,0.006,ubuntu-latest
36892774155,55,ci,push,Paraphern,User,human,110472225185,dogfood,2026-10-01T16:32:38Z,2026-10-01T16:32:48Z,1,actions_linux,0.006,0.006,ubuntu-latest
36892774155,55,ci,push,Paraphern,User,human,110472225316,"test (ubuntu-latest, 18)",2026-10-01T16:32:37Z,2026-10-01T16:32:49Z,1,actions_linux,0.006,0.006,ubuntu-latest
36892774155,55,ci,push,Paraphern,User,human,110472225530,"test (ubuntu-latest, 22)",2026-10-01T16:32:37Z,2026-10-01T16:32:53Z,1,actions_linux,0.006,0.006,ubuntu-latest
36892774155,55,ci,push,Paraphern,User,human,110472225605,"test (ubuntu-latest, 20)",2026-10-01T16:32:37Z,2026-10-01T16:32:52Z,1,actions_linux,0.006,0.006,ubuntu-latest
36892774155,55,ci,push,Paraphern,User,human,110472225669,"test (windows-latest, 20)",2026-10-01T16:32:38Z,2026-10-01T16:33:04Z,1,actions_windows,0.01,0.01,windows-latest
36892774155,55,ci,push,Paraphern,User,human,110472225715,"test (windows-latest, 22)",2026-10-01T16:32:38Z,2026-10-01T16:32:58Z,1,actions_windows,0.01,0.01,windows-latest
36892774155,55,ci,push,Paraphern,User,human,110472225786,field-repro,2026-10-01T16:32:38Z,2026-10-01T16:32:53Z,1,actions_linux,0.006,0.006,ubuntu-latest
36892774155,55,ci,push,Paraphern,User,human,110472225836,"test (windows-latest, 18)",2026-10-01T16:32:38Z,2026-10-01T16:33:21Z,1,actions_windows,0.01,0.01,windows-latest
36892772927,21,Push on main,dynamic,Paraphern,User,human,110472227652,Analyze (javascript-typescript),2026-10-01T16:32:38Z,2026-10-01T16:33:52Z,2,actions_linux,0.006,0.012,ubuntu-latest
36892772927,21,Push on main,dynamic,Paraphern,User,human,110472228059,Analyze (actions),2026-10-01T16:32:38Z,2026-10-01T16:33:16Z,1,actions_linux,0.006,0.006,ubuntu-latest
36892772927,21,Push on main,dynamic,Paraphern,User,human,110472228101,Analyze (python),2026-10-01T16:32:38Z,2026-10-01T16:33:24Z,1,actions_linux,0.006,0.006,ubuntu-latest
36884576321,20,CodeQL,dynamic,github-advanced-security[bot],Bot,bot,110444496104,Analyze (actions),2026-10-01T15:28:54Z,2026-10-01T15:29:31Z,1,actions_linux,0.006,0.006,ubuntu-latest
36884576321,20,CodeQL,dynamic,github-advanced-security[bot],Bot,bot,110444496526,Analyze (python),2026-10-01T15:28:51Z,2026-10-01T15:29:36Z,1,actions_linux,0.006,0.006,ubuntu-latest
36884576321,20,CodeQL,dynamic,github-advanced-security[bot],Bot,bot,110444496677,Analyze (javascript-typescript),2026-10-01T15:28:57Z,2026-10-01T15:31:11Z,3,actions_linux,0.006,0.018000000000000002,ubuntu-latest
36884576321,20,CodeQL,dynamic,github-advanced-security[bot],Bot,bot,110445556356,Upload Results,2026-10-01T15:31:20Z,2026-10-01T15:31:34Z,1,actions_linux,0.006,0.006,ubuntu-latest
36884559828,5,canary,push,Paraphern,User,human,110444429093,replay,2026-10-01T15:28:44Z,2026-10-01T15:28:58Z,1,actions_linux,0.006,0.006,ubuntu-latest
36884559813,54,ci,push,Paraphern,User,human,110444428822,dogfood,2026-10-01T15:28:42Z,2026-10-01T15:28:48Z,1,actions_linux,0.006,0.006,ubuntu-latest
36884559813,54,ci,push,Paraphern,User,human,110444429138,"test (windows-latest, 22)",2026-10-01T15:28:43Z,2026-10-01T15:29:04Z,1,actions_windows,0.01,0.01,windows-latest
36884559813,54,ci,push,Paraphern,User,human,110444429143,field-repro,2026-10-01T15:28:45Z,2026-10-01T15:29:10Z,1,actions_linux,0.006,0.006,ubuntu-latest
36884559813,54,ci,push,Paraphern,User,human,110444429210,"test (ubuntu-latest, 18)",2026-10-01T15:28:46Z,2026-10-01T15:29:01Z,1,actions_linux,0.006,0.006,ubuntu-latest
36884559813,54,ci,push,Paraphern,User,human,110444429298,"test (windows-latest, 18)",2026-10-01T15:28:50Z,2026-10-01T15:29:15Z,1,actions_windows,0.01,0.01,windows-latest
36884559813,54,ci,push,Paraphern,User,human,110444429414,"test (windows-latest, 20)",2026-10-01T15:28:46Z,2026-10-01T15:29:14Z,1,actions_windows,0.01,0.01,windows-latest
36884559813,54,ci,push,Paraphern,User,human,110444429419,"test (ubuntu-latest, 22)",2026-10-01T15:28:44Z,2026-10-01T15:29:00Z,1,actions_linux,0.006,0.006,ubuntu-latest
36884559813,54,ci,push,Paraphern,User,human,110444429576,"test (ubuntu-latest, 20)",2026-10-01T15:28:45Z,2026-10-01T15:28:58Z,1,actions_linux,0.006,0.006,ubuntu-latest
36884558677,19,Push on main,dynamic,Paraphern,User,human,110444433832,Analyze (javascript-typescript),2026-10-01T15:28:45Z,2026-10-01T15:29:59Z,2,actions_linux,0.006,0.012,ubuntu-latest
36884558677,19,Push on main,dynamic,Paraphern,User,human,110444434122,Analyze (actions),2026-10-01T15:28:43Z,2026-10-01T15:29:22Z,1,actions_linux,0.006,0.006,ubuntu-latest
36879350288,4,canary,push,Paraphern,User,human,110426839041,replay,2026-10-01T14:49:14Z,2026-10-01T14:49:31Z,1,actions_linux,0.006,0.006,ubuntu-latest
36879350235,53,ci,push,Paraphern,User,human,110426837235,dogfood,2026-10-01T14:49:13Z,2026-10-01T14:49:18Z,1,actions_linux,0.006,0.006,ubuntu-latest
36879350235,53,ci,push,Paraphern,User,human,110426837741,"test (windows-latest, 22)",2026-10-01T14:49:17Z,2026-10-01T14:49:39Z,1,actions_windows,0.01,0.01,windows-latest
36879350235,53,ci,push,Paraphern,User,human,110426837799,"test (ubuntu-latest, 20)",2026-10-01T14:49:13Z,2026-10-01T14:49:23Z,1,actions_linux,0.006,0.006,ubuntu-latest
36879350235,53,ci,push,Paraphern,User,human,110426837904,field-repro,2026-10-01T14:49:14Z,2026-10-01T14:49:27Z,1,actions_linux,0.006,0.006,ubuntu-latest
36879350235,53,ci,push,Paraphern,User,human,110426837954,"test (windows-latest, 20)",2026-10-01T14:49:14Z,2026-10-01T14:49:37Z,1,actions_windows,0.01,0.01,windows-latest
36879350235,53,ci,push,Paraphern,User,human,110426837998,"test (ubuntu-latest, 18)",2026-10-01T14:49:13Z,2026-10-01T14:49:24Z,1,actions_linux,0.006,0.006,ubuntu-latest
36879350235,53,ci,push,Paraphern,User,human,110426838007,"test (windows-latest, 18)",2026-10-01T14:49:14Z,2026-10-01T14:49:47Z,1,actions_windows,0.01,0.01,windows-latest
36879350235,53,ci,push,Paraphern,User,human,110426838071,"test (ubuntu-latest, 22)",2026-10-01T14:49:13Z,2026-10-01T14:49:21Z,1,actions_linux,0.006,0.006,ubuntu-latest
36879349046,18,Push on main,dynamic,Paraphern,User,human,110426842467,Analyze (actions),2026-10-01T14:49:15Z,2026-10-01T14:49:58Z,1,actions_linux,0.006,0.006,ubuntu-latest
36879349046,18,Push on main,dynamic,Paraphern,User,human,110426843046,Analyze (javascript-typescript),2026-10-01T14:49:14Z,2026-10-01T14:50:08Z,1,actions_linux,0.006,0.006,ubuntu-latest
36878413428,52,ci,push,Paraphern,User,human,110423678438,dogfood,2026-10-01T14:42:12Z,2026-10-01T14:42:17Z,1,actions_linux,0.006,0.006,ubuntu-latest
36878413428,52,ci,push,Paraphern,User,human,110423678653,"test (ubuntu-latest, 18)",2026-10-01T14:42:11Z,2026-10-01T14:42:22Z,1,actions_linux,0.006,0.006,ubuntu-latest
36878413428,52,ci,push,Paraphern,User,human,110423678778,field-repro,2026-10-01T14:42:12Z,2026-10-01T14:42:27Z,1,actions_linux,0.006,0.006,ubuntu-latest
36878413428,52,ci,push,Paraphern,User,human,110423678902,"test (windows-latest, 22)",2026-10-01T14:42:11Z,2026-10-01T14:42:47Z,1,actions_windows,0.01,0.01,windows-latest
36878413428,52,ci,push,Paraphern,User,human,110423678988,"test (windows-latest, 18)",2026-10-01T14:42:13Z,2026-10-01T14:42:36Z,1,actions_windows,0.01,0.01,windows-latest
36878413428,52,ci,push,Paraphern,User,human,110423678996,"test (windows-latest, 20)",2026-10-01T14:42:12Z,2026-10-01T14:42:37Z,1,actions_windows,0.01,0.01,windows-latest
36878413428,52,ci,push,Paraphern,User,human,110423679163,"test (ubuntu-latest, 20)",2026-10-01T14:42:11Z,2026-10-01T14:42:23Z,1,actions_linux,0.006,0.006,ubuntu-latest
36878413428,52,ci,push,Paraphern,User,human,110423679167,"test (ubuntu-latest, 22)",2026-10-01T14:42:13Z,2026-10-01T14:42:22Z,1,actions_linux,0.006,0.006,ubuntu-latest
36878413417,3,canary,push,Paraphern,User,human,110423678435,replay,2026-10-01T14:42:12Z,2026-10-01T14:42:32Z,1,actions_linux,0.006,0.006,ubuntu-latest
36878412810,17,Push on main,dynamic,Paraphern,User,human,110423684098,Analyze (actions),2026-10-01T14:42:12Z,2026-10-01T14:42:48Z,1,actions_linux,0.006,0.006,ubuntu-latest
36878412810,17,Push on main,dynamic,Paraphern,User,human,110423684687,Analyze (javascript-typescript),2026-10-01T14:42:13Z,2026-10-01T14:43:30Z,2,actions_linux,0.006,0.012,ubuntu-latest
36876046836,51,ci,push,Paraphern,User,human,110415628033,dogfood,2026-10-01T14:24:14Z,2026-10-01T14:24:19Z,1,actions_linux,0.006,0.006,ubuntu-latest
36876046836,51,ci,push,Paraphern,User,human,110415628156,field-repro,2026-10-01T14:24:14Z,2026-10-01T14:24:27Z,1,actions_linux,0.006,0.006,ubuntu-latest
36876046836,51,ci,push,Paraphern,User,human,110415628244,"test (windows-latest, 22)",2026-10-01T14:24:14Z,2026-10-01T14:24:49Z,1,actions_windows,0.01,0.01,windows-latest
36876046836,51,ci,push,Paraphern,User,human,110415628488,"test (windows-latest, 20)",2026-10-01T14:24:16Z,2026-10-01T14:24:43Z,1,actions_windows,0.01,0.01,windows-latest
36876046836,51,ci,push,Paraphern,User,human,110415628551,"test (ubuntu-latest, 22)",2026-10-01T14:24:14Z,2026-10-01T14:24:22Z,1,actions_linux,0.006,0.006,ubuntu-latest
36876046836,51,ci,push,Paraphern,User,human,110415628616,"test (ubuntu-latest, 18)",2026-10-01T14:24:14Z,2026-10-01T14:24:26Z,1,actions_linux,0.006,0.006,ubuntu-latest
36876046836,51,ci,push,Paraphern,User,human,110415628689,"test (windows-latest, 18)",2026-10-01T14:24:14Z,2026-10-01T14:24:45Z,1,actions_windows,0.01,0.01,windows-latest
36876046836,51,ci,push,Paraphern,User,human,110415628727,"test (ubuntu-latest, 20)",2026-10-01T14:24:15Z,2026-10-01T14:24:29Z,1,actions_linux,0.006,0.006,ubuntu-latest
36876046790,2,canary,push,Paraphern,User,human,110415628150,replay,2026-10-01T14:24:14Z,2026-10-01T14:24:36Z,1,actions_linux,0.006,0.006,ubuntu-latest
36876046110,16,Push on main,dynamic,Paraphern,User,human,110415633475,Analyze (actions),2026-10-01T14:24:15Z,2026-10-01T14:25:00Z,1,actions_linux,0.006,0.006,ubuntu-latest
36876046110,16,Push on main,dynamic,Paraphern,User,human,110415634121,Analyze (javascript-typescript),2026-10-01T14:24:15Z,2026-10-01T14:25:23Z,2,actions_linux,0.006,0.012,ubuntu-latest
36874655064,50,ci,push,Paraphern,User,human,110410871373,dogfood,2026-10-01T14:13:32Z,2026-10-01T14:13:40Z,1,actions_linux,0.006,0.006,ubuntu-latest
36874655064,50,ci,push,Paraphern,User,human,110410871674,"test (ubuntu-latest, 22)",2026-10-01T14:13:32Z,2026-10-01T14:13:41Z,1,actions_linux,0.006,0.006,ubuntu-latest
36874655064,50,ci,push,Paraphern,User,human,110410871690,"test (windows-latest, 18)",2026-10-01T14:13:34Z,2026-10-01T14:13:56Z,1,actions_windows,0.01,0.01,windows-latest
36874655064,50,ci,push,Paraphern,User,human,110410871723,"test (ubuntu-latest, 20)",2026-10-01T14:13:33Z,2026-10-01T14:13:46Z,1,actions_linux,0.006,0.006,ubuntu-latest
36874655064,50,ci,push,Paraphern,User,human,110410871834,field-repro,2026-10-01T14:13:32Z,2026-10-01T14:13:46Z,1,actions_linux,0.006,0.006,ubuntu-latest
36874655064,50,ci,push,Paraphern,User,human,110410871836,"test (windows-latest, 20)",2026-10-01T14:13:35Z,2026-10-01T14:14:02Z,1,actions_windows,0.01,0.01,windows-latest
36874655064,50,ci,push,Paraphern,User,human,110410871924,"test (windows-latest, 22)",2026-10-01T14:13:32Z,2026-10-01T14:14:19Z,1,actions_windows,0.01,0.01,windows-latest
36874655064,50,ci,push,Paraphern,User,human,110410872291,"test (ubuntu-latest, 18)",2026-10-01T14:13:32Z,2026-10-01T14:13:42Z,1,actions_linux,0.006,0.006,ubuntu-latest
36874654972,1,canary,push,Paraphern,User,human,110410870433,replay,2026-10-01T14:13:33Z,2026-10-01T14:13:52Z,1,actions_linux,0.006,0.006,ubuntu-latest
36874654289,15,Push on main,dynamic,Paraphern,User,human,110410875918,Analyze (actions),2026-10-01T14:13:33Z,2026-10-01T14:14:14Z,1,actions_linux,0.006,0.006,ubuntu-latest
36874654289,15,Push on main,dynamic,Paraphern,User,human,110410876194,Analyze (python),2026-10-01T14:13:33Z,2026-10-01T14:14:10Z,1,actions_linux,0.006,0.006,ubuntu-latest
36874654289,15,Push on main,dynamic,Paraphern,User,human,110410876242,Analyze (javascript-typescript),2026-10-01T14:13:33Z,2026-10-01T14:14:41Z,2,actions_linux,0.006,0.012,ubuntu-latest
36871868848,49,ci,push,Paraphern,User,human,110401391383,dogfood,2026-10-01T13:51:56Z,2026-10-01T13:52:02Z,1,actions_linux,0.006,0.006,ubuntu-latest
36871868848,49,ci,push,Paraphern,User,human,110401391821,"test (windows-latest, 18)",2026-10-01T13:51:57Z,2026-10-01T13:52:38Z,1,actions_windows,0.01,0.01,windows-latest
36871868848,49,ci,push,Paraphern,User,human,110401391867,"test (windows-latest, 22)",2026-10-01T13:51:56Z,2026-10-01T13:52:17Z,1,actions_windows,0.01,0.01,windows-latest
36871868848,49,ci,push,Paraphern,User,human,110401391895,"test (windows-latest, 20)",2026-10-01T13:51:55Z,2026-10-01T13:52:20Z,1,actions_windows,0.01,0.01,windows-latest
36871868848,49,ci,push,Paraphern,User,human,110401392050,"test (ubuntu-latest, 20)",2026-10-01T13:51:56Z,2026-10-01T13:52:10Z,1,actions_linux,0.006,0.006,ubuntu-latest
36871868848,49,ci,push,Paraphern,User,human,110401392065,"test (ubuntu-latest, 18)",2026-10-01T13:51:58Z,2026-10-01T13:52:11Z,1,actions_linux,0.006,0.006,ubuntu-latest
36871868848,49,ci,push,Paraphern,User,human,110401392103,"test (ubuntu-latest, 22)",2026-10-01T13:51:56Z,2026-10-01T13:52:03Z,1,actions_linux,0.006,0.006,ubuntu-latest
36871868848,49,ci,push,Paraphern,User,human,110401392156,field-repro,2026-10-01T13:51:56Z,2026-10-01T13:52:10Z,1,actions_linux,0.006,0.006,ubuntu-latest
36871868145,14,Push on main,dynamic,Paraphern,User,human,110401397491,Analyze (actions),2026-10-01T13:51:57Z,2026-10-01T13:52:39Z,1,actions_linux,0.006,0.006,ubuntu-latest
36871868145,14,Push on main,dynamic,Paraphern,User,human,110401397824,Analyze (javascript-typescript),2026-10-01T13:51:56Z,2026-10-01T13:53:23Z,2,actions_linux,0.006,0.012,ubuntu-latest
36871868145,14,Push on main,dynamic,Paraphern,User,human,110401397970,Analyze (python),2026-10-01T13:51:57Z,2026-10-01T13:52:55Z,1,actions_linux,0.006,0.006,ubuntu-latest
36858145915,4,drift-feed,schedule,Paraphern,User,human,110355474908,scan,2026-10-01T11:52:56Z,2026-10-01T11:53:18Z,1,actions_linux,0.006,0.006,ubuntu-latest
36857186621,48,ci,push,Paraphern,User,human,110352385382,field-repro,2026-10-01T11:43:51Z,2026-10-01T11:44:04Z,1,actions_linux,0.006,0.006,ubuntu-latest
36857186621,48,ci,push,Paraphern,User,human,110352385506,dogfood,2026-10-01T11:43:51Z,2026-10-01T11:43:56Z,1,actions_linux,0.006,0.006,ubuntu-latest
36857186621,48,ci,push,Paraphern,User,human,110352385591,"test (windows-latest, 18)",2026-10-01T11:43:53Z,2026-10-01T11:44:21Z,1,actions_windows,0.01,0.01,windows-latest
36857186621,48,ci,push,Paraphern,User,human,110352385592,"test (ubuntu-latest, 20)",2026-10-01T11:43:51Z,2026-10-01T11:44:03Z,1,actions_linux,0.006,0.006,ubuntu-latest
36857186621,48,ci,push,Paraphern,User,human,110352385638,"test (windows-latest, 20)",2026-10-01T11:43:50Z,2026-10-01T11:44:14Z,1,actions_windows,0.01,0.01,windows-latest
36857186621,48,ci,push,Paraphern,User,human,110352385644,"test (ubuntu-latest, 18)",2026-10-01T11:43:51Z,2026-10-01T11:44:10Z,1,actions_linux,0.006,0.006,ubuntu-latest
36857186621,48,ci,push,Paraphern,User,human,110352385653,"test (ubuntu-latest, 22)",2026-10-01T11:43:51Z,2026-10-01T11:44:01Z,1,actions_linux,0.006,0.006,ubuntu-latest
36857186621,48,ci,push,Paraphern,User,human,110352385701,"test (windows-latest, 22)",2026-10-01T11:43:51Z,2026-10-01T11:44:44Z,1,actions_windows,0.01,0.01,windows-latest
36857186107,13,Push on main,dynamic,Paraphern,User,human,110352388573,Analyze (javascript-typescript),2026-10-01T11:43:52Z,2026-10-01T11:45:04Z,2,actions_linux,0.006,0.012,ubuntu-latest
36857186107,13,Push on main,dynamic,Paraphern,User,human,110352388795,Analyze (actions),2026-10-01T11:43:52Z,2026-10-01T11:44:36Z,1,actions_linux,0.006,0.006,ubuntu-latest
36857186107,13,Push on main,dynamic,Paraphern,User,human,110352388871,Analyze (python),2026-10-01T11:43:51Z,2026-10-01T11:44:47Z,1,actions_linux,0.006,0.006,ubuntu-latest
36784162903,12,CodeQL,dynamic,github-advanced-security[bot],Bot,bot,110121439146,Analyze (python),2026-09-30T22:12:08Z,2026-09-30T22:13:05Z,1,actions_linux,0.006,0.006,ubuntu-latest
36784162903,12,CodeQL,dynamic,github-advanced-security[bot],Bot,bot,110121439400,Analyze (javascript-typescript),2026-09-30T22:12:08Z,2026-09-30T22:13:27Z,2,actions_linux,0.006,0.012,ubuntu-latest
36784162903,12,CodeQL,dynamic,github-advanced-security[bot],Bot,bot,110121439417,Analyze (actions),2026-09-30T22:12:09Z,2026-09-30T22:12:51Z,1,actions_linux,0.006,0.006,ubuntu-latest
36784162903,12,CodeQL,dynamic,github-advanced-security[bot],Bot,bot,110121882697,Upload Results,2026-09-30T22:13:30Z,2026-09-30T22:13:47Z,1,actions_linux,0.006,0.006,ubuntu-latest
36784151219,47,ci,push,Paraphern,User,human,110121396599,dogfood,2026-09-30T22:12:00Z,2026-09-30T22:12:06Z,1,actions_linux,0.006,0.006,ubuntu-latest
36784151219,47,ci,push,Paraphern,User,human,110121396853,field-repro,2026-09-30T22:12:00Z,2026-09-30T22:12:17Z,1,actions_linux,0.006,0.006,ubuntu-latest
36784151219,47,ci,push,Paraphern,User,human,110121397007,"test (windows-latest, 20)",2026-09-30T22:12:00Z,2026-09-30T22:12:24Z,1,actions_windows,0.01,0.01,windows-latest
36784151219,47,ci,push,Paraphern,User,human,110121397053,"test (ubuntu-latest, 22)",2026-09-30T22:12:01Z,2026-09-30T22:12:07Z,1,actions_linux,0.006,0.006,ubuntu-latest
36784151219,47,ci,push,Paraphern,User,human,110121397112,"test (ubuntu-latest, 18)",2026-09-30T22:12:01Z,2026-09-30T22:12:13Z,1,actions_linux,0.006,0.006,ubuntu-latest
36784151219,47,ci,push,Paraphern,User,human,110121397113,"test (windows-latest, 22)",2026-09-30T22:12:01Z,2026-09-30T22:12:28Z,1,actions_windows,0.01,0.01,windows-latest
36784151219,47,ci,push,Paraphern,User,human,110121397116,"test (ubuntu-latest, 20)",2026-09-30T22:12:01Z,2026-09-30T22:12:15Z,1,actions_linux,0.006,0.006,ubuntu-latest
36784151219,47,ci,push,Paraphern,User,human,110121397306,"test (windows-latest, 18)",2026-09-30T22:12:01Z,2026-09-30T22:12:30Z,1,actions_windows,0.01,0.01,windows-latest
36784149441,11,Push on main,dynamic,Paraphern,User,human,110121394678,Analyze (actions),2026-09-30T22:12:00Z,2026-09-30T22:12:50Z,1,actions_linux,0.006,0.006,ubuntu-latest
36784149441,11,Push on main,dynamic,Paraphern,User,human,110121394857,Analyze (javascript-typescript),2026-09-30T22:12:00Z,2026-09-30T22:13:18Z,2,actions_linux,0.006,0.012,ubuntu-latest
36783173872,46,ci,push,Paraphern,User,human,110118184511,dogfood,2026-09-30T22:02:19Z,2026-09-30T22:02:25Z,1,actions_linux,0.006,0.006,ubuntu-latest
36783173872,46,ci,push,Paraphern,User,human,110118184658,field-repro,2026-09-30T22:02:19Z,2026-09-30T22:02:36Z,1,actions_linux,0.006,0.006,ubuntu-latest
36783173872,46,ci,push,Paraphern,User,human,110118184659,"test (windows-latest, 20)",2026-09-30T22:02:21Z,2026-09-30T22:02:50Z,1,actions_windows,0.01,0.01,windows-latest
36783173872,46,ci,push,Paraphern,User,human,110118184669,"test (windows-latest, 18)",2026-09-30T22:02:19Z,2026-09-30T22:02:45Z,1,actions_windows,0.01,0.01,windows-latest
36783173872,46,ci,push,Paraphern,User,human,110118184760,"test (ubuntu-latest, 20)",2026-09-30T22:02:54Z,2026-09-30T22:03:05Z,1,actions_linux,0.006,0.006,ubuntu-latest
36783173872,46,ci,push,Paraphern,User,human,110118184837,"test (ubuntu-latest, 22)",2026-09-30T22:02:19Z,2026-09-30T22:02:27Z,1,actions_linux,0.006,0.006,ubuntu-latest
36783173872,46,ci,push,Paraphern,User,human,110118184864,"test (windows-latest, 22)",2026-09-30T22:02:22Z,2026-09-30T22:02:49Z,1,actions_windows,0.01,0.01,windows-latest
36783173872,46,ci,push,Paraphern,User,human,110118184912,"test (ubuntu-latest, 18)",2026-09-30T22:02:19Z,2026-09-30T22:02:30Z,1,actions_linux,0.006,0.006,ubuntu-latest
36783173003,10,Push on main,dynamic,Paraphern,User,human,110118187026,Analyze (javascript-typescript),2026-09-30T22:02:20Z,2026-09-30T22:03:38Z,2,actions_linux,0.006,0.012,ubuntu-latest
36783173003,10,Push on main,dynamic,Paraphern,User,human,110118187161,Analyze (actions),2026-09-30T22:02:20Z,2026-09-30T22:03:03Z,1,actions_linux,0.006,0.006,ubuntu-latest
36780088607,45,ci,push,Paraphern,User,human,110107862710,"test (windows-latest, 20)",2026-09-30T21:32:31Z,2026-09-30T21:32:55Z,1,actions_windows,0.01,0.01,windows-latest
36780088607,45,ci,push,Paraphern,User,human,110107862828,field-repro,2026-09-30T21:32:31Z,2026-09-30T21:32:49Z,1,actions_linux,0.006,0.006,ubuntu-latest
36780088607,45,ci,push,Paraphern,User,human,110107862835,"test (ubuntu-latest, 22)",2026-09-30T21:32:31Z,2026-09-30T21:32:38Z,1,actions_linux,0.006,0.006,ubuntu-latest
36780088607,45,ci,push,Paraphern,User,human,110107862903,"test (ubuntu-latest, 18)",2026-09-30T21:32:31Z,2026-09-30T21:32:42Z,1,actions_linux,0.006,0.006,ubuntu-latest
36780088607,45,ci,push,Paraphern,User,human,110107862917,"test (ubuntu-latest, 20)",2026-09-30T21:32:32Z,2026-09-30T21:32:45Z,1,actions_linux,0.006,0.006,ubuntu-latest
36780088607,45,ci,push,Paraphern,User,human,110107862949,"test (windows-latest, 18)",2026-09-30T21:32:32Z,2026-09-30T21:32:55Z,1,actions_windows,0.01,0.01,windows-latest
36780088607,45,ci,push,Paraphern,User,human,110107862978,"test (windows-latest, 22)",2026-09-30T21:33:05Z,2026-09-30T21:33:25Z,1,actions_windows,0.01,0.01,windows-latest
36780088607,45,ci,push,Paraphern,User,human,110107864754,dogfood,2026-09-30T21:32:32Z,2026-09-30T21:32:37Z,1,actions_linux,0.006,0.006,ubuntu-latest
36780088383,9,Push on main,dynamic,Paraphern,User,human,110107867649,Analyze (actions),2026-09-30T21:32:32Z,2026-09-30T21:33:18Z,1,actions_linux,0.006,0.006,ubuntu-latest
36780088383,9,Push on main,dynamic,Paraphern,User,human,110107867862,Analyze (javascript-typescript),2026-09-30T21:32:33Z,2026-09-30T21:33:45Z,2,actions_linux,0.006,0.012,ubuntu-latest
36779294205,44,ci,push,Paraphern,User,human,110105025871,dogfood,2026-09-30T21:25:47Z,2026-09-30T21:25:52Z,1,actions_linux,0.006,0.006,ubuntu-latest
36779294205,44,ci,push,Paraphern,User,human,110105026132,"test (ubuntu-latest, 20)",2026-09-30T21:25:12Z,2026-09-30T21:25:25Z,1,actions_linux,0.006,0.006,ubuntu-latest
36779294205,44,ci,push,Paraphern,User,human,110105026215,field-repro,2026-09-30T21:25:12Z,2026-09-30T21:25:27Z,1,actions_linux,0.006,0.006,ubuntu-latest
36779294205,44,ci,push,Paraphern,User,human,110105026473,"test (ubuntu-latest, 18)",2026-09-30T21:25:12Z,2026-09-30T21:25:24Z,1,actions_linux,0.006,0.006,ubuntu-latest
36779294205,44,ci,push,Paraphern,User,human,110105026509,"test (windows-latest, 18)",2026-09-30T21:25:12Z,2026-09-30T21:25:35Z,1,actions_windows,0.01,0.01,windows-latest
36779294205,44,ci,push,Paraphern,User,human,110105026575,"test (ubuntu-latest, 22)",2026-09-30T21:25:12Z,2026-09-30T21:25:19Z,1,actions_linux,0.006,0.006,ubuntu-latest
36779294205,44,ci,push,Paraphern,User,human,110105026580,"test (windows-latest, 22)",2026-09-30T21:25:13Z,2026-09-30T21:25:39Z,1,actions_windows,0.01,0.01,windows-latest
36779294205,44,ci,push,Paraphern,User,human,110105026628,"test (windows-latest, 20)",2026-09-30T21:25:13Z,2026-09-30T21:25:36Z,1,actions_windows,0.01,0.01,windows-latest
36779292075,8,Push on main,dynamic,Paraphern,User,human,110105024168,Analyze (actions),2026-09-30T21:25:11Z,2026-09-30T21:25:57Z,1,actions_linux,0.006,0.006,ubuntu-latest
36779292075,8,Push on main,dynamic,Paraphern,User,human,110105024409,Analyze (javascript-typescript),2026-09-30T21:25:12Z,2026-09-30T21:26:25Z,2,actions_linux,0.006,0.012,ubuntu-latest
36777261543,43,ci,push,Paraphern,User,human,110098187183,dogfood,2026-09-30T21:06:40Z,2026-09-30T21:06:47Z,1,actions_linux,0.006,0.006,ubuntu-latest
36777261543,43,ci,push,Paraphern,User,human,110098187456,field-repro,2026-09-30T21:06:41Z,2026-09-30T21:06:55Z,1,actions_linux,0.006,0.006,ubuntu-latest
36777261543,43,ci,push,Paraphern,User,human,110098187601,"test (windows-latest, 20)",2026-09-30T21:06:42Z,2026-09-30T21:07:06Z,1,actions_windows,0.01,0.01,windows-latest
36777261543,43,ci,push,Paraphern,User,human,110098187614,"test (ubuntu-latest, 22)",2026-09-30T21:06:40Z,2026-09-30T21:06:48Z,1,actions_linux,0.006,0.006,ubuntu-latest
36777261543,43,ci,push,Paraphern,User,human,110098187649,"test (ubuntu-latest, 18)",2026-09-30T21:06:40Z,2026-09-30T21:06:52Z,1,actions_linux,0.006,0.006,ubuntu-latest
36777261543,43,ci,push,Paraphern,User,human,110098187656,"test (windows-latest, 18)",2026-09-30T21:06:40Z,2026-09-30T21:07:02Z,1,actions_windows,0.01,0.01,windows-latest
36777261543,43,ci,push,Paraphern,User,human,110098187658,"test (windows-latest, 22)",2026-09-30T21:06:42Z,2026-09-30T21:07:18Z,1,actions_windows,0.01,0.01,windows-latest
36777261543,43,ci,push,Paraphern,User,human,110098187956,"test (ubuntu-latest, 20)",2026-09-30T21:06:41Z,2026-09-30T21:06:53Z,1,actions_linux,0.006,0.006,ubuntu-latest
36777258349,7,Push on main,dynamic,Paraphern,User,human,110098182806,Analyze (actions),2026-09-30T21:06:40Z,2026-09-30T21:07:23Z,1,actions_linux,0.006,0.006,ubuntu-latest
36777258349,7,Push on main,dynamic,Paraphern,User,human,110098183209,Analyze (javascript-typescript),2026-09-30T21:06:40Z,2026-09-30T21:07:54Z,2,actions_linux,0.006,0.012,ubuntu-latest
36770045839,42,ci,push,Paraphern,User,human,110073819738,field-repro,2026-09-30T20:04:22Z,2026-09-30T20:04:36Z,1,actions_linux,0.006,0.006,ubuntu-latest
36770045839,42,ci,push,Paraphern,User,human,110073820017,dogfood,2026-09-30T20:04:22Z,2026-09-30T20:04:31Z,1,actions_linux,0.006,0.006,ubuntu-latest
36770045839,42,ci,push,Paraphern,User,human,110073820211,"test (ubuntu-latest, 22)",2026-09-30T20:04:22Z,2026-09-30T20:04:29Z,1,actions_linux,0.006,0.006,ubuntu-latest
36770045839,42,ci,push,Paraphern,User,human,110073820265,"test (ubuntu-latest, 20)",2026-09-30T20:04:58Z,2026-09-30T20:05:08Z,1,actions_linux,0.006,0.006,ubuntu-latest
36770045839,42,ci,push,Paraphern,User,human,110073820298,"test (windows-latest, 20)",2026-09-30T20:04:22Z,2026-09-30T20:04:45Z,1,actions_windows,0.01,0.01,windows-latest
36770045839,42,ci,push,Paraphern,User,human,110073820309,"test (windows-latest, 22)",2026-09-30T20:04:22Z,2026-09-30T20:04:56Z,1,actions_windows,0.01,0.01,windows-latest
36770045839,42,ci,push,Paraphern,User,human,110073820363,"test (windows-latest, 18)",2026-09-30T20:04:55Z,2026-09-30T20:05:18Z,1,actions_windows,0.01,0.01,windows-latest
36770045839,42,ci,push,Paraphern,User,human,110073820601,"test (ubuntu-latest, 18)",2026-09-30T20:04:22Z,2026-09-30T20:04:33Z,1,actions_linux,0.006,0.006,ubuntu-latest
36770045725,6,Push on main,dynamic,Paraphern,User,human,110073826772,Analyze (javascript-typescript),2026-09-30T20:04:23Z,2026-09-30T20:05:38Z,2,actions_linux,0.006,0.012,ubuntu-latest
36770045725,6,Push on main,dynamic,Paraphern,User,human,110073827044,Analyze (actions),2026-09-30T20:04:23Z,2026-09-30T20:05:04Z,1,actions_linux,0.006,0.006,ubuntu-latest
36746175802,41,ci,push,Paraphern,User,human,109992822632,field-repro,2026-09-30T16:42:37Z,2026-09-30T16:42:51Z,1,actions_linux,0.006,0.006,ubuntu-latest
36746175802,41,ci,push,Paraphern,User,human,109992822935,dogfood,2026-09-30T16:42:36Z,2026-09-30T16:42:41Z,1,actions_linux,0.006,0.006,ubuntu-latest
36746175802,41,ci,push,Paraphern,User,human,109992823022,"test (ubuntu-latest, 18)",2026-09-30T16:42:38Z,2026-09-30T16:42:51Z,1,actions_linux,0.006,0.006,ubuntu-latest
36746175802,41,ci,push,Paraphern,User,human,109992823085,"test (windows-latest, 20)",2026-09-30T16:42:38Z,2026-09-30T16:43:12Z,1,actions_windows,0.01,0.01,windows-latest
36746175802,41,ci,push,Paraphern,User,human,109992823183,"test (ubuntu-latest, 22)",2026-09-30T16:42:37Z,2026-09-30T16:42:46Z,1,actions_linux,0.006,0.006,ubuntu-latest
36746175802,41,ci,push,Paraphern,User,human,109992823309,"test (windows-latest, 18)",2026-09-30T16:42:37Z,2026-09-30T16:42:55Z,1,actions_windows,0.01,0.01,windows-latest
36746175802,41,ci,push,Paraphern,User,human,109992823313,"test (ubuntu-latest, 20)",2026-09-30T16:42:37Z,2026-09-30T16:42:49Z,1,actions_linux,0.006,0.006,ubuntu-latest
36746175802,41,ci,push,Paraphern,User,human,109992823449,"test (windows-latest, 22)",2026-09-30T16:42:37Z,2026-09-30T16:44:22Z,2,actions_windows,0.01,0.02,windows-latest
36746174701,5,Push on main,dynamic,Paraphern,User,human,109992825745,Analyze (actions),2026-09-30T16:42:38Z,2026-09-30T16:43:24Z,1,actions_linux,0.006,0.006,ubuntu-latest
36746174701,5,Push on main,dynamic,Paraphern,User,human,109992825917,Analyze (javascript-typescript),2026-09-30T16:42:38Z,2026-09-30T16:43:51Z,2,actions_linux,0.006,0.012,ubuntu-latest
36732936846,40,ci,push,Paraphern,User,human,109947051977,dogfood,2026-09-30T14:56:41Z,2026-09-30T14:56:48Z,1,actions_linux,0.006,0.006,ubuntu-latest
36732936846,40,ci,push,Paraphern,User,human,109947052083,field-repro,2026-09-30T14:56:41Z,2026-09-30T14:56:55Z,1,actions_linux,0.006,0.006,ubuntu-latest
36732936846,40,ci,push,Paraphern,User,human,109947052101,"test (ubuntu-latest, 20)",2026-09-30T14:56:41Z,2026-09-30T14:56:52Z,1,actions_linux,0.006,0.006,ubuntu-latest
36732936846,40,ci,push,Paraphern,User,human,109947052103,"test (windows-latest, 22)",2026-09-30T14:56:40Z,2026-09-30T14:57:01Z,1,actions_windows,0.01,0.01,windows-latest
36732936846,40,ci,push,Paraphern,User,human,109947052192,"test (ubuntu-latest, 22)",2026-09-30T14:56:41Z,2026-09-30T14:56:49Z,1,actions_linux,0.006,0.006,ubuntu-latest
36732936846,40,ci,push,Paraphern,User,human,109947052265,"test (ubuntu-latest, 18)",2026-09-30T14:56:41Z,2026-09-30T14:56:56Z,1,actions_linux,0.006,0.006,ubuntu-latest
36732936846,40,ci,push,Paraphern,User,human,109947052337,"test (windows-latest, 20)",2026-09-30T14:56:41Z,2026-09-30T14:57:01Z,1,actions_windows,0.01,0.01,windows-latest
36732936846,40,ci,push,Paraphern,User,human,109947052629,"test (windows-latest, 18)",2026-09-30T14:56:41Z,2026-09-30T14:57:07Z,1,actions_windows,0.01,0.01,windows-latest
36732935316,4,Push on main,dynamic,Paraphern,User,human,109947056368,Analyze (actions),2026-09-30T14:56:43Z,2026-09-30T14:57:29Z,1,actions_linux,0.006,0.006,ubuntu-latest
36732935316,4,Push on main,dynamic,Paraphern,User,human,109947056738,Analyze (javascript-typescript),2026-09-30T14:56:42Z,2026-09-30T14:57:43Z,2,actions_linux,0.006,0.012,ubuntu-latest
36730598607,39,ci,push,Paraphern,User,human,109938857430,field-repro,2026-09-30T14:38:12Z,2026-09-30T14:38:24Z,1,actions_linux,0.006,0.006,ubuntu-latest
36730598607,39,ci,push,Paraphern,User,human,109938857533,"test (windows-latest, 18)",2026-09-30T14:38:12Z,2026-09-30T14:38:41Z,1,actions_windows,0.01,0.01,windows-latest
36730598607,39,ci,push,Paraphern,User,human,109938857606,dogfood,2026-09-30T14:38:16Z,2026-09-30T14:38:24Z,1,actions_linux,0.006,0.006,ubuntu-latest
36730598607,39,ci,push,Paraphern,User,human,109938857723,"test (ubuntu-latest, 22)",2026-09-30T14:38:11Z,2026-09-30T14:38:22Z,1,actions_linux,0.006,0.006,ubuntu-latest
36730598607,39,ci,push,Paraphern,User,human,109938857877,"test (ubuntu-latest, 18)",2026-09-30T14:38:11Z,2026-09-30T14:38:23Z,1,actions_linux,0.006,0.006,ubuntu-latest
36730598607,39,ci,push,Paraphern,User,human,109938857902,"test (windows-latest, 20)",2026-09-30T14:38:11Z,2026-09-30T14:38:41Z,1,actions_windows,0.01,0.01,windows-latest
36730598607,39,ci,push,Paraphern,User,human,109938858126,"test (ubuntu-latest, 20)",2026-09-30T14:38:11Z,2026-09-30T14:38:23Z,1,actions_linux,0.006,0.006,ubuntu-latest
36730598607,39,ci,push,Paraphern,User,human,109938858300,"test (windows-latest, 22)",2026-09-30T14:38:11Z,2026-09-30T14:38:30Z,1,actions_windows,0.01,0.01,windows-latest
36730597851,3,Push on main,dynamic,Paraphern,User,human,109938862954,Analyze (javascript-typescript),2026-09-30T14:38:12Z,2026-09-30T14:39:29Z,2,actions_linux,0.006,0.012,ubuntu-latest
36730597851,3,Push on main,dynamic,Paraphern,User,human,109938863347,Analyze (actions),2026-09-30T14:38:13Z,2026-09-30T14:38:55Z,1,actions_linux,0.006,0.006,ubuntu-latest
36729908684,38,ci,push,Paraphern,User,human,109936447062,field-repro,2026-09-30T14:32:43Z,2026-09-30T14:32:58Z,1,actions_linux,0.006,0.006,ubuntu-latest
36729908684,38,ci,push,Paraphern,User,human,109936447361,dogfood,2026-09-30T14:32:43Z,2026-09-30T14:32:50Z,1,actions_linux,0.006,0.006,ubuntu-latest
36729908684,38,ci,push,Paraphern,User,human,109936447427,"test (windows-latest, 22)",2026-09-30T14:32:43Z,2026-09-30T14:33:02Z,1,actions_windows,0.01,0.01,windows-latest
36729908684,38,ci,push,Paraphern,User,human,109936447480,"test (windows-latest, 18)",2026-09-30T14:32:43Z,2026-09-30T14:33:09Z,1,actions_windows,0.01,0.01,windows-latest
36729908684,38,ci,push,Paraphern,User,human,109936447522,"test (windows-latest, 20)",2026-09-30T14:32:43Z,2026-09-30T14:33:09Z,1,actions_windows,0.01,0.01,windows-latest
36729908684,38,ci,push,Paraphern,User,human,109936447532,"test (ubuntu-latest, 18)",2026-09-30T14:32:43Z,2026-09-30T14:32:55Z,1,actions_linux,0.006,0.006,ubuntu-latest
36729908684,38,ci,push,Paraphern,User,human,109936447603,"test (ubuntu-latest, 22)",2026-09-30T14:32:43Z,2026-09-30T14:32:54Z,1,actions_linux,0.006,0.006,ubuntu-latest
36729908684,38,ci,push,Paraphern,User,human,109936447611,"test (ubuntu-latest, 20)",2026-09-30T14:32:43Z,2026-09-30T14:32:56Z,1,actions_linux,0.006,0.006,ubuntu-latest
36729907900,2,Push on main,dynamic,Paraphern,User,human,109936452208,Analyze (javascript-typescript),2026-09-30T14:33:04Z,2026-09-30T14:34:29Z,2,actions_linux,0.006,0.012,ubuntu-latest
36729907900,2,Push on main,dynamic,Paraphern,User,human,109936452655,Analyze (actions),2026-09-30T14:32:44Z,2026-09-30T14:33:40Z,1,actions_linux,0.006,0.006,ubuntu-latest
36727828387,1,CodeQL Setup,dynamic,Paraphern,User,human,109929189806,Analyze (javascript-typescript),2026-09-30T14:16:15Z,2026-09-30T14:17:26Z,2,actions_linux,0.006,0.012,ubuntu-latest
36727828387,1,CodeQL Setup,dynamic,Paraphern,User,human,109929190259,Analyze (actions),2026-09-30T14:16:16Z,2026-09-30T14:17:14Z,1,actions_linux,0.006,0.006,ubuntu-latest
36727828387,1,CodeQL Setup,dynamic,Paraphern,User,human,109929735700,Adjust Configuration,2026-09-30T14:17:27Z,2026-09-30T14:17:26Z,1,actions_linux,0.006,0.006,ubuntu-latest
36725753789,37,ci,push,Paraphern,User,human,109922077226,dogfood,2026-09-30T13:59:56Z,2026-09-30T14:00:02Z,1,actions_linux,0.006,0.006,ubuntu-latest
36725753789,37,ci,push,Paraphern,User,human,109922077354,"test (ubuntu-latest, 22)",2026-09-30T13:59:56Z,2026-09-30T14:00:05Z,1,actions_linux,0.006,0.006,ubuntu-latest
36725753789,37,ci,push,Paraphern,User,human,109922077481,"test (ubuntu-latest, 20)",2026-09-30T13:59:56Z,2026-09-30T14:00:09Z,1,actions_linux,0.006,0.006,ubuntu-latest
36725753789,37,ci,push,Paraphern,User,human,109922077482,field-repro,2026-09-30T13:59:56Z,2026-09-30T14:00:09Z,1,actions_linux,0.006,0.006,ubuntu-latest
36725753789,37,ci,push,Paraphern,User,human,109922077567,"test (windows-latest, 18)",2026-09-30T13:59:56Z,2026-09-30T14:00:21Z,1,actions_windows,0.01,0.01,windows-latest
36725753789,37,ci,push,Paraphern,User,human,109922077583,"test (windows-latest, 20)",2026-09-30T13:59:56Z,2026-09-30T14:00:32Z,1,actions_windows,0.01,0.01,windows-latest
36725753789,37,ci,push,Paraphern,User,human,109922077676,"test (windows-latest, 22)",2026-09-30T13:59:56Z,2026-09-30T14:00:24Z,1,actions_windows,0.01,0.01,windows-latest
36725753789,37,ci,push,Paraphern,User,human,109922077757,"test (ubuntu-latest, 18)",2026-09-30T13:59:56Z,2026-09-30T14:00:07Z,1,actions_linux,0.006,0.006,ubuntu-latest
36724104066,36,ci,push,Paraphern,User,human,109916398542,field-repro,2026-09-30T13:46:31Z,2026-09-30T13:46:50Z,1,actions_linux,0.006,0.006,ubuntu-latest
36724104066,36,ci,push,Paraphern,User,human,109916398729,"test (windows-latest, 18)",2026-09-30T13:46:32Z,2026-09-30T13:46:56Z,1,actions_windows,0.01,0.01,windows-latest
36724104066,36,ci,push,Paraphern,User,human,109916398812,"test (windows-latest, 20)",2026-09-30T13:46:31Z,2026-09-30T13:46:52Z,1,actions_windows,0.01,0.01,windows-latest
36724104066,36,ci,push,Paraphern,User,human,109916398978,"test (ubuntu-latest, 20)",2026-09-30T13:46:32Z,2026-09-30T13:46:46Z,1,actions_linux,0.006,0.006,ubuntu-latest
36724104066,36,ci,push,Paraphern,User,human,109916398981,dogfood,2026-09-30T13:46:31Z,2026-09-30T13:46:41Z,1,actions_linux,0.006,0.006,ubuntu-latest
36724104066,36,ci,push,Paraphern,User,human,109916398995,"test (windows-latest, 22)",2026-09-30T13:46:31Z,2026-09-30T13:46:52Z,1,actions_windows,0.01,0.01,windows-latest
36724104066,36,ci,push,Paraphern,User,human,109916399007,"test (ubuntu-latest, 18)",2026-09-30T13:46:32Z,2026-09-30T13:46:46Z,1,actions_linux,0.006,0.006,ubuntu-latest
36724104066,36,ci,push,Paraphern,User,human,109916399152,"test (ubuntu-latest, 22)",2026-09-30T13:46:32Z,2026-09-30T13:46:39Z,1,actions_linux,0.006,0.006,ubuntu-latest
36722858746,35,ci,push,Paraphern,User,human,109912143526,field-repro,2026-09-30T13:36:29Z,2026-09-30T13:36:42Z,1,actions_linux,0.006,0.006,ubuntu-latest
36722858746,35,ci,push,Paraphern,User,human,109912143882,"test (windows-latest, 22)",2026-09-30T13:36:29Z,2026-09-30T13:36:47Z,1,actions_windows,0.01,0.01,windows-latest
36722858746,35,ci,push,Paraphern,User,human,109912143925,"test (ubuntu-latest, 20)",2026-09-30T13:36:29Z,2026-09-30T13:36:39Z,1,actions_linux,0.006,0.006,ubuntu-latest
36722858746,35,ci,push,Paraphern,User,human,109912144007,"test (ubuntu-latest, 18)",2026-09-30T13:36:41Z,2026-09-30T13:36:56Z,1,actions_linux,0.006,0.006,ubuntu-latest
36722858746,35,ci,push,Paraphern,User,human,109912144053,"test (ubuntu-latest, 22)",2026-09-30T13:36:31Z,2026-09-30T13:36:39Z,1,actions_linux,0.006,0.006,ubuntu-latest
36722858746,35,ci,push,Paraphern,User,human,109912144102,"test (windows-latest, 20)",2026-09-30T13:36:30Z,2026-09-30T13:36:51Z,1,actions_windows,0.01,0.01,windows-latest
36722858746,35,ci,push,Paraphern,User,human,109912144151,"test (windows-latest, 18)",2026-09-30T13:36:30Z,2026-09-30T13:36:53Z,1,actions_windows,0.01,0.01,windows-latest
36722858746,35,ci,push,Paraphern,User,human,109912144155,dogfood,2026-09-30T13:36:31Z,2026-09-30T13:36:38Z,1,actions_linux,0.006,0.006,ubuntu-latest
36720466594,34,ci,push,Paraphern,User,human,109903961935,field-repro,2026-09-30T13:16:39Z,2026-09-30T13:16:52Z,1,actions_linux,0.006,0.006,ubuntu-latest
36720466594,34,ci,push,Paraphern,User,human,109903962166,"test (windows-latest, 20)",2026-09-30T13:16:40Z,2026-09-30T13:17:06Z,1,actions_windows,0.01,0.01,windows-latest
36720466594,34,ci,push,Paraphern,User,human,109903962399,"test (ubuntu-latest, 20)",2026-09-30T13:16:40Z,2026-09-30T13:16:54Z,1,actions_linux,0.006,0.006,ubuntu-latest
36720466594,34,ci,push,Paraphern,User,human,109903962402,"test (windows-latest, 18)",2026-09-30T13:16:41Z,2026-09-30T13:17:06Z,1,actions_windows,0.01,0.01,windows-latest
36720466594,34,ci,push,Paraphern,User,human,109903962428,"test (ubuntu-latest, 22)",2026-09-30T13:16:39Z,2026-09-30T13:16:46Z,1,actions_linux,0.006,0.006,ubuntu-latest
36720466594,34,ci,push,Paraphern,User,human,109903962453,"test (windows-latest, 22)",2026-09-30T13:16:39Z,2026-09-30T13:16:55Z,1,actions_windows,0.01,0.01,windows-latest
36720466594,34,ci,push,Paraphern,User,human,109903962501,"test (ubuntu-latest, 18)",2026-09-30T13:16:40Z,2026-09-30T13:16:53Z,1,actions_linux,0.006,0.006,ubuntu-latest
36720466594,34,ci,push,Paraphern,User,human,109903963272,dogfood,2026-09-30T13:16:40Z,2026-09-30T13:16:47Z,1,actions_linux,0.006,0.006,ubuntu-latest
36708456547,3,drift-feed,schedule,Paraphern,User,human,109864246898,scan,2026-09-30T11:25:35Z,2026-09-30T11:26:05Z,1,actions_linux,0.006,0.006,ubuntu-latest
36706153384,33,ci,push,Paraphern,User,human,109856771606,dogfood,2026-09-30T11:03:19Z,2026-09-30T11:03:25Z,1,actions_linux,0.006,0.006,ubuntu-latest
36706153384,33,ci,push,Paraphern,User,human,109856771841,field-repro,2026-09-30T11:03:19Z,2026-09-30T11:03:38Z,1,actions_linux,0.006,0.006,ubuntu-latest
36706153384,33,ci,push,Paraphern,User,human,109856771925,"test (ubuntu-latest, 18)",2026-09-30T11:03:19Z,2026-09-30T11:03:32Z,1,actions_linux,0.006,0.006,ubuntu-latest
36706153384,33,ci,push,Paraphern,User,human,109856772057,"test (windows-latest, 22)",2026-09-30T11:03:19Z,2026-09-30T11:03:39Z,1,actions_windows,0.01,0.01,windows-latest
36706153384,33,ci,push,Paraphern,User,human,109856772058,"test (ubuntu-latest, 20)",2026-09-30T11:03:19Z,2026-09-30T11:03:32Z,1,actions_linux,0.006,0.006,ubuntu-latest
36706153384,33,ci,push,Paraphern,User,human,109856772077,"test (windows-latest, 18)",2026-09-30T11:03:19Z,2026-09-30T11:03:41Z,1,actions_windows,0.01,0.01,windows-latest
36706153384,33,ci,push,Paraphern,User,human,109856772106,"test (windows-latest, 20)",2026-09-30T11:03:19Z,2026-09-30T11:03:41Z,1,actions_windows,0.01,0.01,windows-latest
36706153384,33,ci,push,Paraphern,User,human,109856772210,"test (ubuntu-latest, 22)",2026-09-30T11:03:19Z,2026-09-30T11:03:27Z,1,actions_linux,0.006,0.006,ubuntu-latest
36705949872,32,ci,push,Paraphern,User,human,109856108989,field-repro,2026-09-30T11:01:18Z,2026-09-30T11:01:41Z,1,actions_linux,0.006,0.006,ubuntu-latest
36705949872,32,ci,push,Paraphern,User,human,109856109174,dogfood,2026-09-30T11:01:18Z,2026-09-30T11:01:23Z,1,actions_linux,0.006,0.006,ubuntu-latest
36705949872,32,ci,push,Paraphern,User,human,109856109221,"test (windows-latest, 18)",2026-09-30T11:01:18Z,2026-09-30T11:01:42Z,1,actions_windows,0.01,0.01,windows-latest
36705949872,32,ci,push,Paraphern,User,human,109856109250,"test (ubuntu-latest, 20)",2026-09-30T11:01:18Z,2026-09-30T11:01:29Z,1,actions_linux,0.006,0.006,ubuntu-latest
36705949872,32,ci,push,Paraphern,User,human,109856109289,"test (windows-latest, 22)",2026-09-30T11:01:18Z,2026-09-30T11:01:37Z,1,actions_windows,0.01,0.01,windows-latest
36705949872,32,ci,push,Paraphern,User,human,109856109304,"test (ubuntu-latest, 18)",2026-09-30T11:01:19Z,2026-09-30T11:01:30Z,1,actions_linux,0.006,0.006,ubuntu-latest
36705949872,32,ci,push,Paraphern,User,human,109856109359,"test (windows-latest, 20)",2026-09-30T11:01:19Z,2026-09-30T11:01:42Z,1,actions_windows,0.01,0.01,windows-latest
36705949872,32,ci,push,Paraphern,User,human,109856109368,"test (ubuntu-latest, 22)",2026-09-30T11:01:18Z,2026-09-30T11:01:27Z,1,actions_linux,0.006,0.006,ubuntu-latest
36703048632,31,ci,push,Paraphern,User,human,109846724211,dogfood,2026-09-30T10:32:29Z,2026-09-30T10:32:33Z,1,actions_linux,0.006,0.006,ubuntu-latest
36703048632,31,ci,push,Paraphern,User,human,109846724421,field-repro,2026-09-30T10:32:30Z,2026-09-30T10:32:42Z,1,actions_linux,0.006,0.006,ubuntu-latest
36703048632,31,ci,push,Paraphern,User,human,109846724452,"test (windows-latest, 22)",2026-09-30T10:32:29Z,2026-09-30T10:33:01Z,1,actions_windows,0.01,0.01,windows-latest
36703048632,31,ci,push,Paraphern,User,human,109846724501,"test (ubuntu-latest, 18)",2026-09-30T10:32:30Z,2026-09-30T10:32:41Z,1,actions_linux,0.006,0.006,ubuntu-latest
36703048632,31,ci,push,Paraphern,User,human,109846724527,"test (windows-latest, 20)",2026-09-30T10:32:30Z,2026-09-30T10:32:48Z,1,actions_windows,0.01,0.01,windows-latest
36703048632,31,ci,push,Paraphern,User,human,109846724541,"test (ubuntu-latest, 20)",2026-09-30T10:32:30Z,2026-09-30T10:32:41Z,1,actions_linux,0.006,0.006,ubuntu-latest
36703048632,31,ci,push,Paraphern,User,human,109846724575,"test (ubuntu-latest, 22)",2026-09-30T10:32:30Z,2026-09-30T10:32:37Z,1,actions_linux,0.006,0.006,ubuntu-latest
36703048632,31,ci,push,Paraphern,User,human,109846724597,"test (windows-latest, 18)",2026-09-30T10:32:32Z,2026-09-30T10:32:56Z,1,actions_windows,0.01,0.01,windows-latest
36702415042,30,ci,push,Paraphern,User,human,109844702377,dogfood,2026-09-30T10:26:20Z,2026-09-30T10:26:25Z,1,actions_linux,0.006,0.006,ubuntu-latest
36702415042,30,ci,push,Paraphern,User,human,109844702623,"test (ubuntu-latest, 22)",2026-09-30T10:26:21Z,2026-09-30T10:26:29Z,1,actions_linux,0.006,0.006,ubuntu-latest
36702415042,30,ci,push,Paraphern,User,human,109844702656,"test (windows-latest, 18)",2026-09-30T10:26:20Z,2026-09-30T10:26:42Z,1,actions_windows,0.01,0.01,windows-latest
36702415042,30,ci,push,Paraphern,User,human,109844702696,field-repro,2026-09-30T10:26:21Z,2026-09-30T10:26:35Z,1,actions_linux,0.006,0.006,ubuntu-latest
36702415042,30,ci,push,Paraphern,User,human,109844702794,"test (ubuntu-latest, 20)",2026-09-30T10:26:20Z,2026-09-30T10:26:35Z,1,actions_linux,0.006,0.006,ubuntu-latest
36702415042,30,ci,push,Paraphern,User,human,109844702819,"test (windows-latest, 22)",2026-09-30T10:26:21Z,2026-09-30T10:26:41Z,1,actions_windows,0.01,0.01,windows-latest
36702415042,30,ci,push,Paraphern,User,human,109844702869,"test (ubuntu-latest, 18)",2026-09-30T10:26:21Z,2026-09-30T10:26:34Z,1,actions_linux,0.006,0.006,ubuntu-latest
36702415042,30,ci,push,Paraphern,User,human,109844702975,"test (windows-latest, 20)",2026-09-30T10:26:21Z,2026-09-30T10:26:46Z,1,actions_windows,0.01,0.01,windows-latest
36691169532,29,ci,push,Paraphern,User,human,109808481642,dogfood,2026-09-30T08:40:29Z,2026-09-30T08:40:34Z,1,actions_linux,0.006,0.006,ubuntu-latest
36691169532,29,ci,push,Paraphern,User,human,109808481775,"test (windows-latest, 20)",2026-09-30T08:40:30Z,2026-09-30T08:40:52Z,1,actions_windows,0.01,0.01,windows-latest
36691169532,29,ci,push,Paraphern,User,human,109808481876,"test (ubuntu-latest, 18)",2026-09-30T08:40:29Z,2026-09-30T08:40:40Z,1,actions_linux,0.006,0.006,ubuntu-latest
36691169532,29,ci,push,Paraphern,User,human,109808481878,field-repro,2026-09-30T08:40:30Z,2026-09-30T08:40:44Z,1,actions_linux,0.006,0.006,ubuntu-latest
36691169532,29,ci,push,Paraphern,User,human,109808481948,"test (ubuntu-latest, 20)",2026-09-30T08:40:29Z,2026-09-30T08:40:40Z,1,actions_linux,0.006,0.006,ubuntu-latest
36691169532,29,ci,push,Paraphern,User,human,109808482038,"test (ubuntu-latest, 22)",2026-09-30T08:40:30Z,2026-09-30T08:40:37Z,1,actions_linux,0.006,0.006,ubuntu-latest
36691169532,29,ci,push,Paraphern,User,human,109808482040,"test (windows-latest, 22)",2026-09-30T08:40:30Z,2026-09-30T08:40:53Z,1,actions_windows,0.01,0.01,windows-latest
36691169532,29,ci,push,Paraphern,User,human,109808482064,"test (windows-latest, 18)",2026-09-30T08:40:29Z,2026-09-30T08:40:55Z,1,actions_windows,0.01,0.01,windows-latest
36690475354,28,ci,push,Paraphern,User,human,109806225998,dogfood,2026-09-30T08:33:51Z,2026-09-30T08:33:57Z,1,actions_linux,0.006,0.006,ubuntu-latest
36690475354,28,ci,push,Paraphern,User,human,109806226386,"test (windows-latest, 20)",2026-09-30T08:33:50Z,2026-09-30T08:34:13Z,1,actions_windows,0.01,0.01,windows-latest
36690475354,28,ci,push,Paraphern,User,human,109806226523,"test (windows-latest, 22)",2026-09-30T08:33:51Z,2026-09-30T08:34:11Z,1,actions_windows,0.01,0.01,windows-latest
36690475354,28,ci,push,Paraphern,User,human,109806226531,"test (ubuntu-latest, 18)",2026-09-30T08:33:52Z,2026-09-30T08:34:05Z,1,actions_linux,0.006,0.006,ubuntu-latest
36690475354,28,ci,push,Paraphern,User,human,109806226540,"test (windows-latest, 18)",2026-09-30T08:33:53Z,2026-09-30T08:34:24Z,1,actions_windows,0.01,0.01,windows-latest
36690475354,28,ci,push,Paraphern,User,human,109806226565,"test (ubuntu-latest, 22)",2026-09-30T08:33:51Z,2026-09-30T08:33:58Z,1,actions_linux,0.006,0.006,ubuntu-latest
36690475354,28,ci,push,Paraphern,User,human,109806226588,"test (ubuntu-latest, 20)",2026-09-30T08:33:51Z,2026-09-30T08:34:03Z,1,actions_linux,0.006,0.006,ubuntu-latest
36690475354,28,ci,push,Paraphern,User,human,109806226779,field-repro,2026-09-30T08:33:51Z,2026-09-30T08:34:02Z,1,actions_linux,0.006,0.006,ubuntu-latest
36688603347,27,ci,push,Paraphern,User,human,109800191765,field-repro,2026-09-30T08:15:40Z,2026-09-30T08:15:53Z,1,actions_linux,0.006,0.006,ubuntu-latest
36688603347,27,ci,push,Paraphern,User,human,109800192017,"test (windows-latest, 18)",2026-09-30T08:15:42Z,2026-09-30T08:16:03Z,1,actions_windows,0.01,0.01,windows-latest
36688603347,27,ci,push,Paraphern,User,human,109800192030,"test (windows-latest, 20)",2026-09-30T08:15:41Z,2026-09-30T08:16:07Z,1,actions_windows,0.01,0.01,windows-latest
36688603347,27,ci,push,Paraphern,User,human,109800192061,dogfood,2026-09-30T08:15:41Z,2026-09-30T08:15:47Z,1,actions_linux,0.006,0.006,ubuntu-latest
36688603347,27,ci,push,Paraphern,User,human,109800192068,"test (windows-latest, 22)",2026-09-30T08:15:42Z,2026-09-30T08:16:09Z,1,actions_windows,0.01,0.01,windows-latest
36688603347,27,ci,push,Paraphern,User,human,109800192092,"test (ubuntu-latest, 18)",2026-09-30T08:15:40Z,2026-09-30T08:15:51Z,1,actions_linux,0.006,0.006,ubuntu-latest
36688603347,27,ci,push,Paraphern,User,human,109800192093,"test (ubuntu-latest, 20)",2026-09-30T08:15:41Z,2026-09-30T08:15:54Z,1,actions_linux,0.006,0.006,ubuntu-latest
36688603347,27,ci,push,Paraphern,User,human,109800192140,"test (ubuntu-latest, 22)",2026-09-30T08:15:40Z,2026-09-30T08:15:47Z,1,actions_linux,0.006,0.006,ubuntu-latest
36686731064,26,ci,push,Paraphern,User,human,109794212235,field-repro,2026-09-30T07:57:28Z,2026-09-30T07:57:46Z,1,actions_linux,0.006,0.006,ubuntu-latest
36686731064,26,ci,push,Paraphern,User,human,109794212538,"test (windows-latest, 18)",2026-09-30T07:57:28Z,2026-09-30T07:57:50Z,1,actions_windows,0.01,0.01,windows-latest
36686731064,26,ci,push,Paraphern,User,human,109794212580,"test (ubuntu-latest, 22)",2026-09-30T07:57:28Z,2026-09-30T07:57:37Z,1,actions_linux,0.006,0.006,ubuntu-latest
36686731064,26,ci,push,Paraphern,User,human,109794212628,"test (ubuntu-latest, 18)",2026-09-30T07:57:28Z,2026-09-30T07:57:42Z,1,actions_linux,0.006,0.006,ubuntu-latest
36686731064,26,ci,push,Paraphern,User,human,109794212630,"test (windows-latest, 22)",2026-09-30T07:57:29Z,2026-09-30T07:57:50Z,1,actions_windows,0.01,0.01,windows-latest
36686731064,26,ci,push,Paraphern,User,human,109794212658,"test (windows-latest, 20)",2026-09-30T07:57:29Z,2026-09-30T07:57:54Z,1,actions_windows,0.01,0.01,windows-latest
36686731064,26,ci,push,Paraphern,User,human,109794212782,"test (ubuntu-latest, 20)",2026-09-30T07:57:28Z,2026-09-30T07:57:39Z,1,actions_linux,0.006,0.006,ubuntu-latest
36686731064,26,ci,push,Paraphern,User,human,109794213009,dogfood,2026-09-30T07:57:28Z,2026-09-30T07:57:33Z,1,actions_linux,0.006,0.006,ubuntu-latest
36686228227,25,ci,push,Paraphern,User,human,109792615659,dogfood,2026-09-30T07:52:25Z,2026-09-30T07:52:31Z,1,actions_linux,0.006,0.006,ubuntu-latest
36686228227,25,ci,push,Paraphern,User,human,109792615935,"test (ubuntu-latest, 22)",2026-09-30T07:52:25Z,2026-09-30T07:52:35Z,1,actions_linux,0.006,0.006,ubuntu-latest
36686228227,25,ci,push,Paraphern,User,human,109792615942,field-repro,2026-09-30T07:52:24Z,2026-09-30T07:52:38Z,1,actions_linux,0.006,0.006,ubuntu-latest
36686228227,25,ci,push,Paraphern,User,human,109792616006,"test (windows-latest, 18)",2026-09-30T07:52:26Z,2026-09-30T07:52:46Z,1,actions_windows,0.01,0.01,windows-latest
36686228227,25,ci,push,Paraphern,User,human,109792616025,"test (ubuntu-latest, 18)",2026-09-30T07:52:25Z,2026-09-30T07:52:37Z,1,actions_linux,0.006,0.006,ubuntu-latest
36686228227,25,ci,push,Paraphern,User,human,109792616032,"test (ubuntu-latest, 20)",2026-09-30T07:52:25Z,2026-09-30T07:52:36Z,1,actions_linux,0.006,0.006,ubuntu-latest
36686228227,25,ci,push,Paraphern,User,human,109792616038,"test (windows-latest, 22)",2026-09-30T07:52:25Z,2026-09-30T07:52:52Z,1,actions_windows,0.01,0.01,windows-latest
36686228227,25,ci,push,Paraphern,User,human,109792616095,"test (windows-latest, 20)",2026-09-30T07:52:26Z,2026-09-30T07:52:52Z,1,actions_windows,0.01,0.01,windows-latest
36685103797,24,ci,push,Paraphern,User,human,109789033174,field-repro,2026-09-30T07:40:59Z,2026-09-30T07:41:12Z,1,actions_linux,0.006,0.006,ubuntu-latest
36685103797,24,ci,push,Paraphern,User,human,109789033434,dogfood,2026-09-30T07:40:59Z,2026-09-30T07:41:08Z,1,actions_linux,0.006,0.006,ubuntu-latest
36685103797,24,ci,push,Paraphern,User,human,109789033510,"test (ubuntu-latest, 18)",2026-09-30T07:40:59Z,2026-09-30T07:41:12Z,1,actions_linux,0.006,0.006,ubuntu-latest
36685103797,24,ci,push,Paraphern,User,human,109789033582,"test (windows-latest, 20)",2026-09-30T07:41:01Z,2026-09-30T07:41:22Z,1,actions_windows,0.01,0.01,windows-latest
36685103797,24,ci,push,Paraphern,User,human,109789033593,"test (ubuntu-latest, 22)",2026-09-30T07:40:59Z,2026-09-30T07:41:07Z,1,actions_linux,0.006,0.006,ubuntu-latest
36685103797,24,ci,push,Paraphern,User,human,109789033653,"test (windows-latest, 22)",2026-09-30T07:40:59Z,2026-09-30T07:41:20Z,1,actions_windows,0.01,0.01,windows-latest
36685103797,24,ci,push,Paraphern,User,human,109789033701,"test (ubuntu-latest, 20)",2026-09-30T07:40:59Z,2026-09-30T07:41:10Z,1,actions_linux,0.006,0.006,ubuntu-latest
36685103797,24,ci,push,Paraphern,User,human,109789033711,"test (windows-latest, 18)",2026-09-30T07:40:59Z,2026-09-30T07:41:23Z,1,actions_windows,0.01,0.01,windows-latest
36627959339,23,ci,push,Paraphern,User,human,109609682057,field-repro,2026-09-29T20:40:07Z,2026-09-29T20:40:20Z,1,actions_linux,0.006,0.006,ubuntu-latest
36627959339,23,ci,push,Paraphern,User,human,109609682397,"test (windows-latest, 20)",2026-09-29T20:40:10Z,2026-09-29T20:40:34Z,1,actions_windows,0.01,0.01,windows-latest
36627959339,23,ci,push,Paraphern,User,human,109609682456,dogfood,2026-09-29T20:40:08Z,2026-09-29T20:40:14Z,1,actions_linux,0.006,0.006,ubuntu-latest
36627959339,23,ci,push,Paraphern,User,human,109609682502,"test (windows-latest, 18)",2026-09-29T20:40:08Z,2026-09-29T20:40:30Z,1,actions_windows,0.01,0.01,windows-latest
36627959339,23,ci,push,Paraphern,User,human,109609682533,"test (ubuntu-latest, 20)",2026-09-29T20:40:08Z,2026-09-29T20:40:18Z,1,actions_linux,0.006,0.006,ubuntu-latest
36627959339,23,ci,push,Paraphern,User,human,109609682589,"test (ubuntu-latest, 22)",2026-09-29T20:40:08Z,2026-09-29T20:40:19Z,1,actions_linux,0.006,0.006,ubuntu-latest
36627959339,23,ci,push,Paraphern,User,human,109609682660,"test (ubuntu-latest, 18)",2026-09-29T20:40:08Z,2026-09-29T20:40:18Z,1,actions_linux,0.006,0.006,ubuntu-latest
36627959339,23,ci,push,Paraphern,User,human,109609682805,"test (windows-latest, 22)",2026-09-29T20:40:08Z,2026-09-29T20:40:28Z,1,actions_windows,0.01,0.01,windows-latest
36627958031,22,ci,push,Paraphern,User,human,109609677571,field-repro,2026-09-29T20:40:07Z,2026-09-29T20:40:18Z,1,actions_linux,0.006,0.006,ubuntu-latest
36627958031,22,ci,push,Paraphern,User,human,109609677742,dogfood,2026-09-29T20:40:08Z,2026-09-29T20:40:15Z,1,actions_linux,0.006,0.006,ubuntu-latest
36627958031,22,ci,push,Paraphern,User,human,109609677817,"test (windows-latest, 22)",2026-09-29T20:40:07Z,2026-09-29T20:40:27Z,1,actions_windows,0.01,0.01,windows-latest
36627958031,22,ci,push,Paraphern,User,human,109609677936,"test (windows-latest, 20)",2026-09-29T20:40:07Z,2026-09-29T20:40:31Z,1,actions_windows,0.01,0.01,windows-latest
36627958031,22,ci,push,Paraphern,User,human,109609677984,"test (ubuntu-latest, 22)",2026-09-29T20:40:07Z,2026-09-29T20:40:13Z,1,actions_linux,0.006,0.006,ubuntu-latest
36627958031,22,ci,push,Paraphern,User,human,109609677993,"test (ubuntu-latest, 18)",2026-09-29T20:40:07Z,2026-09-29T20:40:21Z,1,actions_linux,0.006,0.006,ubuntu-latest
36627958031,22,ci,push,Paraphern,User,human,109609678017,"test (ubuntu-latest, 20)",2026-09-29T20:40:07Z,2026-09-29T20:40:20Z,1,actions_linux,0.006,0.006,ubuntu-latest
36627958031,22,ci,push,Paraphern,User,human,109609678023,"test (windows-latest, 18)",2026-09-29T20:40:07Z,2026-09-29T20:40:28Z,1,actions_windows,0.01,0.01,windows-latest
36626960512,21,ci,push,Paraphern,User,human,109606308096,field-repro,2026-09-29T20:31:44Z,2026-09-29T20:31:58Z,1,actions_linux,0.006,0.006,ubuntu-latest
36626960512,21,ci,push,Paraphern,User,human,109606308572,dogfood,2026-09-29T20:31:42Z,2026-09-29T20:31:55Z,1,actions_linux,0.006,0.006,ubuntu-latest
36626960512,21,ci,push,Paraphern,User,human,109606308577,"test (windows-latest, 18)",2026-09-29T20:31:44Z,2026-09-29T20:32:14Z,1,actions_windows,0.01,0.01,windows-latest
36626960512,21,ci,push,Paraphern,User,human,109606308602,"test (windows-latest, 20)",2026-09-29T20:31:42Z,2026-09-29T20:32:04Z,1,actions_windows,0.01,0.01,windows-latest
36626960512,21,ci,push,Paraphern,User,human,109606308610,"test (windows-latest, 22)",2026-09-29T20:31:42Z,2026-09-29T20:32:07Z,1,actions_windows,0.01,0.01,windows-latest
36626960512,21,ci,push,Paraphern,User,human,109606308644,"test (ubuntu-latest, 18)",2026-09-29T20:31:43Z,2026-09-29T20:31:55Z,1,actions_linux,0.006,0.006,ubuntu-latest
36626960512,21,ci,push,Paraphern,User,human,109606308729,"test (ubuntu-latest, 22)",2026-09-29T20:31:42Z,2026-09-29T20:31:51Z,1,actions_linux,0.006,0.006,ubuntu-latest
36626960512,21,ci,push,Paraphern,User,human,109606308742,"test (ubuntu-latest, 20)",2026-09-29T20:31:43Z,2026-09-29T20:31:53Z,1,actions_linux,0.006,0.006,ubuntu-latest
36626959603,2,drift-feed,workflow_dispatch,Paraphern,User,human,109606311223,scan,2026-09-29T20:31:43Z,2026-09-29T20:32:04Z,1,actions_linux,0.006,0.006,ubuntu-latest
36626529537,1,drift-feed,workflow_dispatch,Paraphern,User,human,109604843550,scan,2026-09-29T20:28:05Z,2026-09-29T20:28:10Z,1,actions_linux,0.006,0.006,ubuntu-latest
36626335093,20,ci,push,Paraphern,User,human,109604153840,dogfood,2026-09-29T20:26:21Z,2026-09-29T20:26:26Z,1,actions_linux,0.006,0.006,ubuntu-latest
36626335093,20,ci,push,Paraphern,User,human,109604153949,"test (ubuntu-latest, 20)",2026-09-29T20:26:22Z,2026-09-29T20:26:34Z,1,actions_linux,0.006,0.006,ubuntu-latest
36626335093,20,ci,push,Paraphern,User,human,109604154197,field-repro,2026-09-29T20:26:21Z,2026-09-29T20:26:39Z,1,actions_linux,0.006,0.006,ubuntu-latest
36626335093,20,ci,push,Paraphern,User,human,109604154277,"test (windows-latest, 20)",2026-09-29T20:26:22Z,2026-09-29T20:26:48Z,1,actions_windows,0.01,0.01,windows-latest
36626335093,20,ci,push,Paraphern,User,human,109604154335,"test (windows-latest, 22)",2026-09-29T20:26:20Z,2026-09-29T20:26:40Z,1,actions_windows,0.01,0.01,windows-latest
36626335093,20,ci,push,Paraphern,User,human,109604154393,"test (ubuntu-latest, 22)",2026-09-29T20:26:21Z,2026-09-29T20:26:27Z,1,actions_linux,0.006,0.006,ubuntu-latest
36626335093,20,ci,push,Paraphern,User,human,109604154414,"test (windows-latest, 18)",2026-09-29T20:26:22Z,2026-09-29T20:26:43Z,1,actions_windows,0.01,0.01,windows-latest
36626335093,20,ci,push,Paraphern,User,human,109604154445,"test (ubuntu-latest, 18)",2026-09-29T20:26:21Z,2026-09-29T20:26:33Z,1,actions_linux,0.006,0.006,ubuntu-latest
36625717511,19,ci,push,Paraphern,User,human,109602042763,dogfood,2026-09-29T20:21:04Z,2026-09-29T20:21:12Z,1,actions_linux,0.006,0.006,ubuntu-latest
36625717511,19,ci,push,Paraphern,User,human,109602043049,"test (windows-latest, 18)",2026-09-29T20:21:04Z,2026-09-29T20:21:27Z,1,actions_windows,0.01,0.01,windows-latest
36625717511,19,ci,push,Paraphern,User,human,109602043056,field-repro,2026-09-29T20:21:03Z,2026-09-29T20:21:17Z,1,actions_linux,0.006,0.006,ubuntu-latest
36625717511,19,ci,push,Paraphern,User,human,109602043069,"test (ubuntu-latest, 22)",2026-09-29T20:21:03Z,2026-09-29T20:21:09Z,1,actions_linux,0.006,0.006,ubuntu-latest
36625717511,19,ci,push,Paraphern,User,human,109602043084,"test (ubuntu-latest, 18)",2026-09-29T20:21:03Z,2026-09-29T20:21:16Z,1,actions_linux,0.006,0.006,ubuntu-latest
36625717511,19,ci,push,Paraphern,User,human,109602043110,"test (windows-latest, 20)",2026-09-29T20:21:03Z,2026-09-29T20:21:24Z,1,actions_windows,0.01,0.01,windows-latest
36625717511,19,ci,push,Paraphern,User,human,109602043173,"test (windows-latest, 22)",2026-09-29T20:21:04Z,2026-09-29T20:21:31Z,1,actions_windows,0.01,0.01,windows-latest
36625717511,19,ci,push,Paraphern,User,human,109602043802,"test (ubuntu-latest, 20)",2026-09-29T20:21:04Z,2026-09-29T20:21:16Z,1,actions_linux,0.006,0.006,ubuntu-latest
36624570231,18,ci,push,Paraphern,User,human,109598138473,dogfood,2026-09-29T20:11:27Z,2026-09-29T20:11:33Z,1,actions_linux,0.006,0.006,ubuntu-latest
36624570231,18,ci,push,Paraphern,User,human,109598138672,field-repro,2026-09-29T20:11:28Z,2026-09-29T20:11:41Z,1,actions_linux,0.006,0.006,ubuntu-latest
36624570231,18,ci,push,Paraphern,User,human,109598138695,"test (ubuntu-latest, 20)",2026-09-29T20:11:27Z,2026-09-29T20:11:39Z,1,actions_linux,0.006,0.006,ubuntu-latest
36624570231,18,ci,push,Paraphern,User,human,109598138736,"test (windows-latest, 18)",2026-09-29T20:11:28Z,2026-09-29T20:12:00Z,1,actions_windows,0.01,0.01,windows-latest
36624570231,18,ci,push,Paraphern,User,human,109598138738,"test (windows-latest, 20)",2026-09-29T20:11:28Z,2026-09-29T20:11:56Z,1,actions_windows,0.01,0.01,windows-latest
36624570231,18,ci,push,Paraphern,User,human,109598138803,"test (ubuntu-latest, 18)",2026-09-29T20:11:28Z,2026-09-29T20:11:39Z,1,actions_linux,0.006,0.006,ubuntu-latest
36624570231,18,ci,push,Paraphern,User,human,109598138866,"test (ubuntu-latest, 22)",2026-09-29T20:11:28Z,2026-09-29T20:11:38Z,1,actions_linux,0.006,0.006,ubuntu-latest
36624570231,18,ci,push,Paraphern,User,human,109598138931,"test (windows-latest, 22)",2026-09-29T20:11:28Z,2026-09-29T20:11:47Z,1,actions_windows,0.01,0.01,windows-latest
36623379752,17,ci,push,Paraphern,User,human,109594108472,field-repro,2026-09-29T20:01:32Z,2026-09-29T20:01:50Z,1,actions_linux,0.006,0.006,ubuntu-latest
36623379752,17,ci,push,Paraphern,User,human,109594108878,"test (windows-latest, 18)",2026-09-29T20:01:33Z,2026-09-29T20:02:02Z,1,actions_windows,0.01,0.01,windows-latest
36623379752,17,ci,push,Paraphern,User,human,109594108932,"test (ubuntu-latest, 22)",2026-09-29T20:01:32Z,2026-09-29T20:01:42Z,1,actions_linux,0.006,0.006,ubuntu-latest
36623379752,17,ci,push,Paraphern,User,human,109594108958,dogfood,2026-09-29T20:01:32Z,2026-09-29T20:01:39Z,1,actions_linux,0.006,0.006,ubuntu-latest
36623379752,17,ci,push,Paraphern,User,human,109594109031,"test (ubuntu-latest, 18)",2026-09-29T20:02:09Z,2026-09-29T20:02:22Z,1,actions_linux,0.006,0.006,ubuntu-latest
36623379752,17,ci,push,Paraphern,User,human,109594109040,"test (windows-latest, 20)",2026-09-29T20:01:33Z,2026-09-29T20:01:52Z,1,actions_windows,0.01,0.01,windows-latest
36623379752,17,ci,push,Paraphern,User,human,109594109156,"test (windows-latest, 22)",2026-09-29T20:01:34Z,2026-09-29T20:01:59Z,1,actions_windows,0.01,0.01,windows-latest
36623379752,17,ci,push,Paraphern,User,human,109594109171,"test (ubuntu-latest, 20)",2026-09-29T20:01:32Z,2026-09-29T20:01:43Z,1,actions_linux,0.006,0.006,ubuntu-latest
36622613509,16,ci,push,Paraphern,User,human,109591539927,field-repro,2026-09-29T19:55:10Z,2026-09-29T19:55:45Z,1,actions_linux,0.006,0.006,ubuntu-latest
36622613509,16,ci,push,Paraphern,User,human,109591540171,"test (ubuntu-latest, 18)",2026-09-29T19:55:10Z,2026-09-29T19:55:22Z,1,actions_linux,0.006,0.006,ubuntu-latest
36622613509,16,ci,push,Paraphern,User,human,109591540214,dogfood,2026-09-29T19:55:11Z,2026-09-29T19:55:17Z,1,actions_linux,0.006,0.006,ubuntu-latest
36622613509,16,ci,push,Paraphern,User,human,109591540215,"test (ubuntu-latest, 20)",2026-09-29T19:55:09Z,2026-09-29T19:55:20Z,1,actions_linux,0.006,0.006,ubuntu-latest
36622613509,16,ci,push,Paraphern,User,human,109591540234,"test (windows-latest, 20)",2026-09-29T19:55:10Z,2026-09-29T19:55:34Z,1,actions_windows,0.01,0.01,windows-latest
36622613509,16,ci,push,Paraphern,User,human,109591540247,"test (windows-latest, 18)",2026-09-29T19:55:09Z,2026-09-29T19:55:32Z,1,actions_windows,0.01,0.01,windows-latest
36622613509,16,ci,push,Paraphern,User,human,109591540482,"test (windows-latest, 22)",2026-09-29T19:55:09Z,2026-09-29T19:55:26Z,1,actions_windows,0.01,0.01,windows-latest
36622613509,16,ci,push,Paraphern,User,human,109591540679,"test (ubuntu-latest, 22)",2026-09-29T19:55:10Z,2026-09-29T19:55:18Z,1,actions_linux,0.006,0.006,ubuntu-latest
36622071957,15,ci,push,Paraphern,User,human,109589688973,dogfood,2026-09-29T19:50:28Z,2026-09-29T19:50:33Z,1,actions_linux,0.006,0.006,ubuntu-latest
36622071957,15,ci,push,Paraphern,User,human,109589689260,field-repro,2026-09-29T19:50:28Z,2026-09-29T19:50:41Z,1,actions_linux,0.006,0.006,ubuntu-latest
36622071957,15,ci,push,Paraphern,User,human,109589689268,"test (windows-latest, 22)",2026-09-29T19:50:28Z,2026-09-29T19:50:48Z,1,actions_windows,0.01,0.01,windows-latest
36622071957,15,ci,push,Paraphern,User,human,109589689411,"test (windows-latest, 20)",2026-09-29T19:50:29Z,2026-09-29T19:50:57Z,1,actions_windows,0.01,0.01,windows-latest
36622071957,15,ci,push,Paraphern,User,human,109589689431,"test (ubuntu-latest, 20)",2026-09-29T19:50:28Z,2026-09-29T19:50:40Z,1,actions_linux,0.006,0.006,ubuntu-latest
36622071957,15,ci,push,Paraphern,User,human,109589689442,"test (ubuntu-latest, 18)",2026-09-29T19:50:28Z,2026-09-29T19:50:40Z,1,actions_linux,0.006,0.006,ubuntu-latest
36622071957,15,ci,push,Paraphern,User,human,109589689464,"test (ubuntu-latest, 22)",2026-09-29T19:50:29Z,2026-09-29T19:50:38Z,1,actions_linux,0.006,0.006,ubuntu-latest
36622071957,15,ci,push,Paraphern,User,human,109589689652,"test (windows-latest, 18)",2026-09-29T19:50:28Z,2026-09-29T19:50:48Z,1,actions_windows,0.01,0.01,windows-latest
36619337565,2,pr-diff (tool contract review),pull_request,Paraphern,User,human,109580417268,contract-diff,2026-09-29T19:27:13Z,2026-09-29T19:27:23Z,1,actions_linux,0.006,0.006,ubuntu-latest
36619337482,14,ci,pull_request,Paraphern,User,human,109580417030,field-repro,2026-09-29T19:27:13Z,2026-09-29T19:27:27Z,1,actions_linux,0.006,0.006,ubuntu-latest
36619337482,14,ci,pull_request,Paraphern,User,human,109580417431,dogfood,2026-09-29T19:27:13Z,2026-09-29T19:27:20Z,1,actions_linux,0.006,0.006,ubuntu-latest
36619337482,14,ci,pull_request,Paraphern,User,human,109580417576,"test (ubuntu-latest, 22)",2026-09-29T19:27:13Z,2026-09-29T19:27:22Z,1,actions_linux,0.006,0.006,ubuntu-latest
36619337482,14,ci,pull_request,Paraphern,User,human,109580417614,"test (windows-latest, 22)",2026-09-29T19:27:13Z,2026-09-29T19:27:31Z,1,actions_windows,0.01,0.01,windows-latest
36619337482,14,ci,pull_request,Paraphern,User,human,109580417652,"test (ubuntu-latest, 18)",2026-09-29T19:27:13Z,2026-09-29T19:27:27Z,1,actions_linux,0.006,0.006,ubuntu-latest
36619337482,14,ci,pull_request,Paraphern,User,human,109580417687,"test (windows-latest, 18)",2026-09-29T19:27:13Z,2026-09-29T19:27:36Z,1,actions_windows,0.01,0.01,windows-latest
36619337482,14,ci,pull_request,Paraphern,User,human,109580417732,"test (windows-latest, 20)",2026-09-29T19:27:13Z,2026-09-29T19:27:39Z,1,actions_windows,0.01,0.01,windows-latest
36619337482,14,ci,pull_request,Paraphern,User,human,109580417804,"test (ubuntu-latest, 20)",2026-09-29T19:27:13Z,2026-09-29T19:27:24Z,1,actions_linux,0.006,0.006,ubuntu-latest
36619136626,13,ci,push,Paraphern,User,human,109579726261,field-repro,2026-09-29T19:25:31Z,2026-09-29T19:25:44Z,1,actions_linux,0.006,0.006,ubuntu-latest
36619136626,13,ci,push,Paraphern,User,human,109579726310,"test (ubuntu-latest, 22)",2026-09-29T19:25:30Z,2026-09-29T19:25:37Z,1,actions_linux,0.006,0.006,ubuntu-latest
36619136626,13,ci,push,Paraphern,User,human,109579726378,"test (ubuntu-latest, 18)",2026-09-29T19:25:30Z,2026-09-29T19:25:40Z,1,actions_linux,0.006,0.006,ubuntu-latest
36619136626,13,ci,push,Paraphern,User,human,109579726414,"test (windows-latest, 20)",2026-09-29T19:25:30Z,2026-09-29T19:25:49Z,1,actions_windows,0.01,0.01,windows-latest
36619136626,13,ci,push,Paraphern,User,human,109579726474,"test (windows-latest, 22)",2026-09-29T19:25:30Z,2026-09-29T19:26:23Z,1,actions_windows,0.01,0.01,windows-latest
36619136626,13,ci,push,Paraphern,User,human,109579726533,dogfood,2026-09-29T19:25:31Z,2026-09-29T19:25:38Z,1,actions_linux,0.006,0.006,ubuntu-latest
36619136626,13,ci,push,Paraphern,User,human,109579726635,"test (windows-latest, 18)",2026-09-29T19:25:30Z,2026-09-29T19:26:00Z,1,actions_windows,0.01,0.01,windows-latest
36619136626,13,ci,push,Paraphern,User,human,109579726696,"test (ubuntu-latest, 20)",2026-09-29T19:25:38Z,2026-09-29T19:25:51Z,1,actions_linux,0.006,0.006,ubuntu-latest
36618786515,1,pr-diff (tool contract review),pull_request,Paraphern,User,human,109578546647,contract-diff,2026-09-29T19:22:34Z,2026-09-29T19:22:39Z,1,actions_linux,0.006,0.006,ubuntu-latest
36618786509,12,ci,pull_request,Paraphern,User,human,109578547349,field-repro,2026-09-29T19:22:35Z,2026-09-29T19:22:48Z,1,actions_linux,0.006,0.006,ubuntu-latest
36618786509,12,ci,pull_request,Paraphern,User,human,109578547493,dogfood,2026-09-29T19:22:34Z,2026-09-29T19:22:40Z,1,actions_linux,0.006,0.006,ubuntu-latest
36618786509,12,ci,pull_request,Paraphern,User,human,109578547498,"test (ubuntu-latest, 22)",2026-09-29T19:22:34Z,2026-09-29T19:22:49Z,1,actions_linux,0.006,0.006,ubuntu-latest
36618786509,12,ci,pull_request,Paraphern,User,human,109578547525,"test (windows-latest, 18)",2026-09-29T19:22:35Z,2026-09-29T19:22:56Z,1,actions_windows,0.01,0.01,windows-latest
36618786509,12,ci,pull_request,Paraphern,User,human,109578547533,"test (ubuntu-latest, 20)",2026-09-29T19:22:34Z,2026-09-29T19:22:47Z,1,actions_linux,0.006,0.006,ubuntu-latest
36618786509,12,ci,pull_request,Paraphern,User,human,109578547605,"test (windows-latest, 20)",2026-09-29T19:22:35Z,2026-09-29T19:22:56Z,1,actions_windows,0.01,0.01,windows-latest
36618786509,12,ci,pull_request,Paraphern,User,human,109578547704,"test (windows-latest, 22)",2026-09-29T19:22:34Z,2026-09-29T19:22:55Z,1,actions_windows,0.01,0.01,windows-latest
36618786509,12,ci,pull_request,Paraphern,User,human,109578547707,"test (ubuntu-latest, 18)",2026-09-29T19:22:35Z,2026-09-29T19:22:56Z,1,actions_linux,0.006,0.006,ubuntu-latest
36618617248,11,ci,push,Paraphern,User,human,109577966529,dogfood,2026-09-29T19:21:10Z,2026-09-29T19:21:15Z,1,actions_linux,0.006,0.006,ubuntu-latest
36618617248,11,ci,push,Paraphern,User,human,109577966604,field-repro,2026-09-29T19:21:10Z,2026-09-29T19:21:23Z,1,actions_linux,0.006,0.006,ubuntu-latest
36618617248,11,ci,push,Paraphern,User,human,109577966768,"test (ubuntu-latest, 20)",2026-09-29T19:21:10Z,2026-09-29T19:21:21Z,1,actions_linux,0.006,0.006,ubuntu-latest
36618617248,11,ci,push,Paraphern,User,human,109577966807,"test (ubuntu-latest, 22)",2026-09-29T19:21:09Z,2026-09-29T19:21:17Z,1,actions_linux,0.006,0.006,ubuntu-latest
36618617248,11,ci,push,Paraphern,User,human,109577966812,"test (windows-latest, 18)",2026-09-29T19:21:10Z,2026-09-29T19:21:32Z,1,actions_windows,0.01,0.01,windows-latest
36618617248,11,ci,push,Paraphern,User,human,109577966829,"test (windows-latest, 22)",2026-09-29T19:21:10Z,2026-09-29T19:21:27Z,1,actions_windows,0.01,0.01,windows-latest
36618617248,11,ci,push,Paraphern,User,human,109577966830,"test (ubuntu-latest, 18)",2026-09-29T19:21:10Z,2026-09-29T19:21:21Z,1,actions_linux,0.006,0.006,ubuntu-latest
36618617248,11,ci,push,Paraphern,User,human,109577967154,"test (windows-latest, 20)",2026-09-29T19:21:10Z,2026-09-29T19:21:34Z,1,actions_windows,0.01,0.01,windows-latest
36616159164,10,ci,push,Paraphern,User,human,109569569284,field-repro,2026-09-29T19:00:38Z,2026-09-29T19:00:55Z,1,actions_linux,0.006,0.006,ubuntu-latest
36616159164,10,ci,push,Paraphern,User,human,109569569636,"test (ubuntu-latest, 20)",2026-09-29T19:00:37Z,2026-09-29T19:00:48Z,1,actions_linux,0.006,0.006,ubuntu-latest
36616159164,10,ci,push,Paraphern,User,human,109569569723,dogfood,2026-09-29T19:00:38Z,2026-09-29T19:00:46Z,1,actions_linux,0.006,0.006,ubuntu-latest
36616159164,10,ci,push,Paraphern,User,human,109569569831,"test (windows-latest, 22)",2026-09-29T19:00:38Z,2026-09-29T19:01:00Z,1,actions_windows,0.01,0.01,windows-latest
36616159164,10,ci,push,Paraphern,User,human,109569569836,"test (windows-latest, 18)",2026-09-29T19:00:38Z,2026-09-29T19:00:59Z,1,actions_windows,0.01,0.01,windows-latest
36616159164,10,ci,push,Paraphern,User,human,109569569982,"test (windows-latest, 20)",2026-09-29T19:00:37Z,2026-09-29T19:00:59Z,1,actions_windows,0.01,0.01,windows-latest
36616159164,10,ci,push,Paraphern,User,human,109569570083,"test (ubuntu-latest, 22)",2026-09-29T19:00:38Z,2026-09-29T19:00:47Z,1,actions_linux,0.006,0.006,ubuntu-latest
36616159164,10,ci,push,Paraphern,User,human,109569570186,"test (ubuntu-latest, 18)",2026-09-29T19:00:38Z,2026-09-29T19:00:50Z,1,actions_linux,0.006,0.006,ubuntu-latest
36610241670,9,ci,push,Paraphern,User,human,109549504172,field-repro,2026-09-29T18:11:11Z,2026-09-29T18:11:27Z,1,actions_linux,0.006,0.006,ubuntu-latest
36610241670,9,ci,push,Paraphern,User,human,109549504601,"test (windows-latest, 18)",2026-09-29T18:11:11Z,2026-09-29T18:11:34Z,1,actions_windows,0.01,0.01,windows-latest
36610241670,9,ci,push,Paraphern,User,human,109549504637,dogfood,2026-09-29T18:11:12Z,2026-09-29T18:11:18Z,1,actions_linux,0.006,0.006,ubuntu-latest
36610241670,9,ci,push,Paraphern,User,human,109549504643,"test (windows-latest, 20)",2026-09-29T18:11:11Z,2026-09-29T18:11:45Z,1,actions_windows,0.01,0.01,windows-latest
36610241670,9,ci,push,Paraphern,User,human,109549504647,"test (ubuntu-latest, 20)",2026-09-29T18:11:11Z,2026-09-29T18:11:22Z,1,actions_linux,0.006,0.006,ubuntu-latest
36610241670,9,ci,push,Paraphern,User,human,109549504648,"test (windows-latest, 22)",2026-09-29T18:11:13Z,2026-09-29T18:11:32Z,1,actions_windows,0.01,0.01,windows-latest
36610241670,9,ci,push,Paraphern,User,human,109549504689,"test (ubuntu-latest, 18)",2026-09-29T18:11:11Z,2026-09-29T18:11:22Z,1,actions_linux,0.006,0.006,ubuntu-latest
36610241670,9,ci,push,Paraphern,User,human,109549504712,"test (ubuntu-latest, 22)",2026-09-29T18:11:11Z,2026-09-29T18:11:19Z,1,actions_linux,0.006,0.006,ubuntu-latest
36609714790,8,ci,push,Paraphern,User,human,109547708347,dogfood,2026-09-29T18:06:47Z,2026-09-29T18:06:53Z,1,actions_linux,0.006,0.006,ubuntu-latest
36609714790,8,ci,push,Paraphern,User,human,109547708440,"test (ubuntu-latest, 22)",2026-09-29T18:06:45Z,2026-09-29T18:06:53Z,1,actions_linux,0.006,0.006,ubuntu-latest
36609714790,8,ci,push,Paraphern,User,human,109547708526,"test (windows-latest, 18)",2026-09-29T18:06:46Z,2026-09-29T18:07:08Z,1,actions_windows,0.01,0.01,windows-latest
36609714790,8,ci,push,Paraphern,User,human,109547708597,"test (ubuntu-latest, 18)",2026-09-29T18:06:46Z,2026-09-29T18:06:56Z,1,actions_linux,0.006,0.006,ubuntu-latest
36609714790,8,ci,push,Paraphern,User,human,109547708712,"test (windows-latest, 20)",2026-09-29T18:06:47Z,2026-09-29T18:07:09Z,1,actions_windows,0.01,0.01,windows-latest
36609714790,8,ci,push,Paraphern,User,human,109547708729,"test (windows-latest, 22)",2026-09-29T18:06:46Z,2026-09-29T18:07:06Z,1,actions_windows,0.01,0.01,windows-latest
36609714790,8,ci,push,Paraphern,User,human,109547708734,"test (ubuntu-latest, 20)",2026-09-29T18:06:46Z,2026-09-29T18:06:58Z,1,actions_linux,0.006,0.006,ubuntu-latest
36608669817,7,ci,push,Paraphern,User,human,109544169823,dogfood,2026-09-29T17:58:03Z,2026-09-29T17:58:10Z,1,actions_linux,0.006,0.006,ubuntu-latest
36608669817,7,ci,push,Paraphern,User,human,109544170142,"test (windows-latest, 22)",2026-09-29T17:58:02Z,2026-09-29T17:58:21Z,1,actions_windows,0.01,0.01,windows-latest
36608669817,7,ci,push,Paraphern,User,human,109544170236,"test (ubuntu-latest, 20)",2026-09-29T17:58:02Z,2026-09-29T17:58:11Z,1,actions_linux,0.006,0.006,ubuntu-latest
36608669817,7,ci,push,Paraphern,User,human,109544170307,"test (ubuntu-latest, 22)",2026-09-29T17:58:03Z,2026-09-29T17:58:17Z,1,actions_linux,0.006,0.006,ubuntu-latest
36608669817,7,ci,push,Paraphern,User,human,109544170323,"test (windows-latest, 18)",2026-09-29T17:58:03Z,2026-09-29T17:58:29Z,1,actions_windows,0.01,0.01,windows-latest
36608669817,7,ci,push,Paraphern,User,human,109544170370,"test (ubuntu-latest, 18)",2026-09-29T17:58:03Z,2026-09-29T17:58:16Z,1,actions_linux,0.006,0.006,ubuntu-latest
36608669817,7,ci,push,Paraphern,User,human,109544170922,"test (windows-latest, 20)",2026-09-29T17:58:03Z,2026-09-29T17:58:23Z,1,actions_windows,0.01,0.01,windows-latest
36608288686,6,ci,push,Paraphern,User,human,109542871499,dogfood,2026-09-29T17:54:50Z,2026-09-29T17:54:57Z,1,actions_linux,0.006,0.006,ubuntu-latest
36608288686,6,ci,push,Paraphern,User,human,109542872049,"test (windows-latest, 22)",2026-09-29T17:54:52Z,2026-09-29T17:55:14Z,1,actions_windows,0.01,0.01,windows-latest
36608288686,6,ci,push,Paraphern,User,human,109542872112,"test (windows-latest, 18)",2026-09-29T17:54:50Z,2026-09-29T17:55:12Z,1,actions_windows,0.01,0.01,windows-latest
36608288686,6,ci,push,Paraphern,User,human,109542872113,"test (ubuntu-latest, 22)",2026-09-29T17:54:50Z,2026-09-29T17:54:57Z,1,actions_linux,0.006,0.006,ubuntu-latest
36608288686,6,ci,push,Paraphern,User,human,109542872166,"test (ubuntu-latest, 18)",2026-09-29T17:54:50Z,2026-09-29T17:55:00Z,1,actions_linux,0.006,0.006,ubuntu-latest
36608288686,6,ci,push,Paraphern,User,human,109542872247,"test (ubuntu-latest, 20)",2026-09-29T17:54:50Z,2026-09-29T17:54:59Z,1,actions_linux,0.006,0.006,ubuntu-latest
36608288686,6,ci,push,Paraphern,User,human,109542873080,"test (windows-latest, 20)",2026-09-29T17:54:51Z,2026-09-29T17:55:11Z,1,actions_windows,0.01,0.01,windows-latest
36606414983,5,ci,push,Paraphern,User,human,109536467996,dogfood,2026-09-29T17:38:52Z,2026-09-29T17:38:56Z,1,actions_linux,0.006,0.006,ubuntu-latest
36606414983,5,ci,push,Paraphern,User,human,109536468105,"test (ubuntu-latest, 20)",2026-09-29T17:38:52Z,2026-09-29T17:39:04Z,1,actions_linux,0.006,0.006,ubuntu-latest
36606414983,5,ci,push,Paraphern,User,human,109536468200,"test (windows-latest, 22)",2026-09-29T17:38:52Z,2026-09-29T17:39:08Z,1,actions_windows,0.01,0.01,windows-latest
36606414983,5,ci,push,Paraphern,User,human,109536468208,"test (windows-latest, 20)",2026-09-29T17:38:52Z,2026-09-29T17:39:11Z,1,actions_windows,0.01,0.01,windows-latest
36606414983,5,ci,push,Paraphern,User,human,109536468221,"test (windows-latest, 18)",2026-09-29T17:38:52Z,2026-09-29T17:39:13Z,1,actions_windows,0.01,0.01,windows-latest
36606414983,5,ci,push,Paraphern,User,human,109536468283,"test (ubuntu-latest, 18)",2026-09-29T17:38:52Z,2026-09-29T17:38:59Z,1,actions_linux,0.006,0.006,ubuntu-latest
36606414983,5,ci,push,Paraphern,User,human,109536468408,"test (ubuntu-latest, 22)",2026-09-29T17:38:52Z,2026-09-29T17:39:01Z,1,actions_linux,0.006,0.006,ubuntu-latest
36605108221,4,ci,push,Paraphern,User,human,109532019140,dogfood,2026-09-29T17:27:57Z,2026-09-29T17:28:04Z,1,actions_linux,0.006,0.006,ubuntu-latest
36605108221,4,ci,push,Paraphern,User,human,109532019479,"test (windows-latest, 20)",2026-09-29T17:27:58Z,2026-09-29T17:28:18Z,1,actions_windows,0.01,0.01,windows-latest
36605108221,4,ci,push,Paraphern,User,human,109532019776,"test (ubuntu-latest, 20)",2026-09-29T17:27:57Z,2026-09-29T17:28:06Z,1,actions_linux,0.006,0.006,ubuntu-latest
36605108221,4,ci,push,Paraphern,User,human,109532019879,"test (ubuntu-latest, 22)",2026-09-29T17:27:57Z,2026-09-29T17:28:05Z,1,actions_linux,0.006,0.006,ubuntu-latest
36605108221,4,ci,push,Paraphern,User,human,109532019917,"test (windows-latest, 18)",2026-09-29T17:27:58Z,2026-09-29T17:28:18Z,1,actions_windows,0.01,0.01,windows-latest
36605108221,4,ci,push,Paraphern,User,human,109532020070,"test (ubuntu-latest, 18)",2026-09-29T17:27:57Z,2026-09-29T17:28:08Z,1,actions_linux,0.006,0.006,ubuntu-latest
36605108221,4,ci,push,Paraphern,User,human,109532020161,"test (windows-latest, 22)",2026-09-29T17:27:57Z,2026-09-29T17:28:26Z,1,actions_windows,0.01,0.01,windows-latest
36603394577,3,ci,push,Paraphern,User,human,109526169732,dogfood,2026-09-29T17:13:20Z,2026-09-29T17:13:25Z,1,actions_linux,0.006,0.006,ubuntu-latest
36603394577,3,ci,push,Paraphern,User,human,109526170042,"test (windows-latest, 20)",2026-09-29T17:13:20Z,2026-09-29T17:13:51Z,1,actions_windows,0.01,0.01,windows-latest
36603394577,3,ci,push,Paraphern,User,human,109526170061,"test (windows-latest, 18)",2026-09-29T17:13:20Z,2026-09-29T17:13:44Z,1,actions_windows,0.01,0.01,windows-latest
36603394577,3,ci,push,Paraphern,User,human,109526170068,"test (windows-latest, 22)",2026-09-29T17:13:21Z,2026-09-29T17:13:44Z,1,actions_windows,0.01,0.01,windows-latest
36603394577,3,ci,push,Paraphern,User,human,109526170200,"test (ubuntu-latest, 20)",2026-09-29T17:13:20Z,2026-09-29T17:13:33Z,1,actions_linux,0.006,0.006,ubuntu-latest
36603394577,3,ci,push,Paraphern,User,human,109526170317,"test (ubuntu-latest, 22)",2026-09-29T17:13:20Z,2026-09-29T17:13:25Z,1,actions_linux,0.006,0.006,ubuntu-latest
36603394577,3,ci,push,Paraphern,User,human,109526170337,"test (ubuntu-latest, 18)",2026-09-29T17:13:20Z,2026-09-29T17:13:29Z,1,actions_linux,0.006,0.006,ubuntu-latest
36602210320,2,ci,push,Paraphern,User,human,109522134583,dogfood,2026-09-29T17:03:27Z,2026-09-29T17:03:31Z,1,actions_linux,0.006,0.006,ubuntu-latest
36602210320,2,ci,push,Paraphern,User,human,109522134654,"test (ubuntu-latest, 18)",2026-09-29T17:03:27Z,2026-09-29T17:03:34Z,1,actions_linux,0.006,0.006,ubuntu-latest
36602210320,2,ci,push,Paraphern,User,human,109522134725,"test (ubuntu-latest, 20)",2026-09-29T17:03:27Z,2026-09-29T17:03:34Z,1,actions_linux,0.006,0.006,ubuntu-latest
36602210320,2,ci,push,Paraphern,User,human,109522134745,"test (windows-latest, 22)",2026-09-29T17:03:27Z,2026-09-29T17:03:46Z,1,actions_windows,0.01,0.01,windows-latest
36602210320,2,ci,push,Paraphern,User,human,109522134767,"test (windows-latest, 18)",2026-09-29T17:03:27Z,2026-09-29T17:03:45Z,1,actions_windows,0.01,0.01,windows-latest
36602210320,2,ci,push,Paraphern,User,human,109522134792,"test (windows-latest, 20)",2026-09-29T17:03:26Z,2026-09-29T17:03:49Z,1,actions_windows,0.01,0.01,windows-latest
36602210320,2,ci,push,Paraphern,User,human,109522134986,"test (ubuntu-latest, 22)",2026-09-29T17:03:27Z,2026-09-29T17:03:32Z,1,actions_linux,0.006,0.006,ubuntu-latest
36583808919,1,ci,push,Paraphern,User,human,109458642921,dogfood,2026-09-29T14:35:33Z,2026-09-29T14:35:42Z,1,actions_linux,0.006,0.006,ubuntu-latest
36583808919,1,ci,push,Paraphern,User,human,109458643126,"test (ubuntu-latest, 18)",2026-09-29T14:35:33Z,2026-09-29T14:35:43Z,1,actions_linux,0.006,0.006,ubuntu-latest
36583808919,1,ci,push,Paraphern,User,human,109458643603,"test (ubuntu-latest, 22)",2026-09-29T14:35:33Z,2026-09-29T14:35:39Z,1,actions_linux,0.006,0.006,ubuntu-latest
36583808919,1,ci,push,Paraphern,User,human,109458643619,"test (windows-latest, 18)",2026-09-29T14:35:33Z,2026-09-29T14:35:51Z,1,actions_windows,0.01,0.01,windows-latest
36583808919,1,ci,push,Paraphern,User,human,109458643644,"test (ubuntu-latest, 20)",2026-09-29T14:35:33Z,2026-09-29T14:35:41Z,1,actions_linux,0.006,0.006,ubuntu-latest
36583808919,1,ci,push,Paraphern,User,human,109458643649,"test (windows-latest, 20)",2026-09-29T14:35:33Z,2026-09-29T14:35:59Z,1,actions_windows,0.01,0.01,windows-latest
36583808919,1,ci,push,Paraphern,User,human,109458643831,"test (windows-latest, 22)",2026-09-29T14:35:33Z,2026-09-29T14:36:02Z,1,actions_windows,0.01,0.01,windows-latest
