run_id,run_number,workflow,event,actor_login,actor_type,class,job_id,job_name,started_at,completed_at,minutes,sku,rate_usd_per_min,cost_usd,runner_labels
36998227728,10079,Poll React Sync,schedule,eps1lon,User,human,110809727231,poll,2026-10-02T10:56:12Z,2026-10-02T10:56:18Z,1,actions_linux,0.006,0.006,ubuntu-latest
36997730552,10078,Poll React Sync,schedule,eps1lon,User,human,110808203041,poll,2026-10-02T10:50:55Z,2026-10-02T10:51:01Z,1,actions_linux,0.006,0.006,ubuntu-latest
36997060165,10077,Poll React Sync,schedule,eps1lon,User,human,110806081018,poll,2026-10-02T10:43:38Z,2026-10-02T10:43:52Z,1,actions_linux,0.006,0.006,ubuntu-latest
36996947679,3964,Allow issue participants to reopen issues,issue_comment,almateu,User,human,110805727364,Handle issue reopening,2026-10-02T10:42:25Z,2026-10-02T10:42:24Z,1,actions_linux,0.006,0.006,ubuntu-latest
36996947655,88617,Triage issues,issue_comment,almateu,User,human,110805725631,Nissuer,2026-10-02T10:42:26Z,2026-10-02T10:42:38Z,1,actions_linux,0.006,0.006,ubuntu-latest
36996034763,10076,Poll React Sync,schedule,eps1lon,User,human,110802837688,poll,2026-10-02T10:32:32Z,2026-10-02T10:32:38Z,1,actions_linux,0.006,0.006,ubuntu-latest
36995522578,88616,Triage issues,issues,jan-kubica,User,human,110801237937,Nissuer,2026-10-02T10:26:59Z,2026-10-02T10:27:12Z,1,actions_linux,0.006,0.006,ubuntu-latest
36995314981,1699,test-e2e-deploy repo version,workflow_dispatch,devjiwonchoi,User,human,110800594885,setup,2026-10-02T10:24:45Z,2026-10-02T10:25:38Z,1,actions_linux,0.006,0.006,ubuntu-latest
36995314981,1699,test-e2e-deploy repo version,workflow_dispatch,devjiwonchoi,User,human,110800863778,Run Deploy Tests (Turbopack) (3/12) / build,2026-10-02T10:25:41Z,2026-10-02T10:56:49Z,32,actions_linux,0.006,0.192,ubuntu-latest
36995314981,1699,test-e2e-deploy repo version,workflow_dispatch,devjiwonchoi,User,human,110800863791,Run Deploy Tests (Turbopack) (7/12) / build,2026-10-02T10:25:41Z,2026-10-02T10:52:51Z,28,actions_linux,0.006,0.168,ubuntu-latest
36995314981,1699,test-e2e-deploy repo version,workflow_dispatch,devjiwonchoi,User,human,110800864040,Run Deploy Adapter Tests (Turbopack) (7/12) / build,2026-10-02T10:25:41Z,2026-10-02T10:54:27Z,29,actions_linux,0.006,0.17400000000000002,ubuntu-latest
36994937717,10075,Poll React Sync,schedule,eps1lon,User,human,110799393621,poll,2026-10-02T10:20:39Z,2026-10-02T10:20:43Z,1,actions_linux,0.006,0.006,ubuntu-latest
36994664704,691,Next Maintainer Auto Close,schedule,marcoshernanz,User,human,110798515759,close-one-verified-issue,2026-10-02T10:17:39Z,2026-10-02T10:17:46Z,1,actions_linux,0.006,0.006,ubuntu-latest
36993814791,88615,Triage issues,issues,bigfree,User,human,110795835630,Nissuer,2026-10-02T10:08:37Z,2026-10-02T10:08:52Z,1,actions_linux,0.006,0.006,ubuntu-latest
36992968568,10074,Poll React Sync,schedule,eps1lon,User,human,110793199527,poll,2026-10-02T09:59:52Z,2026-10-02T09:59:56Z,1,actions_linux,0.006,0.006,ubuntu-latest
36992545451,78032,PR CI Comment,workflow_run,sokra,User,human,110791852896,Comment on PR,2026-10-02T09:55:20Z,2026-10-02T09:55:36Z,1,actions_linux,0.006,0.006,ubuntu-latest
36992474423,10073,Poll React Sync,schedule,eps1lon,User,human,110791627005,poll,2026-10-02T09:54:36Z,2026-10-02T09:54:42Z,1,actions_linux,0.006,0.006,ubuntu-latest
36992208986,88614,Triage issues,issue_comment,mikuni99,User,human,110790774619,Nissuer,2026-10-02T09:51:44Z,2026-10-02T09:51:58Z,1,actions_linux,0.006,0.006,ubuntu-latest
36992208899,3963,Allow issue participants to reopen issues,issue_comment,mikuni99,User,human,110790775854,Handle issue reopening,2026-10-02T09:51:42Z,2026-10-02T09:51:42Z,1,actions_linux,0.006,0.006,ubuntu-latest
36991814209,10072,Poll React Sync,schedule,eps1lon,User,human,110789514122,poll,2026-10-02T09:47:35Z,2026-10-02T09:47:41Z,1,actions_linux,0.006,0.006,ubuntu-latest
36991741988,3962,Allow issue participants to reopen issues,issue_comment,hood,User,human,110789284467,Handle issue reopening,2026-10-02T09:46:48Z,2026-10-02T09:46:47Z,1,actions_linux,0.006,0.006,ubuntu-latest
36991741985,88613,Triage issues,issue_comment,hood,User,human,110789282329,Nissuer,2026-10-02T09:46:50Z,2026-10-02T09:47:04Z,1,actions_linux,0.006,0.006,ubuntu-latest
36991267320,78031,PR CI Comment,workflow_run,devjiwonchoi,User,human,110787789729,Comment on PR,2026-10-02T09:41:56Z,2026-10-02T09:42:15Z,1,actions_linux,0.006,0.006,ubuntu-latest
36990708833,10071,Poll React Sync,schedule,eps1lon,User,human,110786004929,poll,2026-10-02T09:36:02Z,2026-10-02T09:36:12Z,1,actions_linux,0.006,0.006,ubuntu-latest
36990266754,78030,PR CI Comment,workflow_run,unstubbable,User,human,110784584868,Comment on PR,2026-10-02T09:31:26Z,2026-10-02T09:31:26Z,1,actions_linux,0.006,0.006,ubuntu-latest
36990266727,36729,retry-tests,workflow_run,unstubbable,User,human,110784585185,retry failed jobs,2026-10-02T09:31:26Z,2026-10-02T09:31:26Z,1,actions_linux,0.006,0.006,ubuntu-latest
36990266727,36729,retry-tests,workflow_run,unstubbable,User,human,110784585313,report failure to slack,2026-10-02T09:31:26Z,2026-10-02T09:31:26Z,1,actions_linux,0.006,0.006,ubuntu-latest
36990060669,78029,PR CI Comment,workflow_run,sokra,User,human,110783932623,Comment on PR,2026-10-02T09:29:24Z,2026-10-02T09:29:39Z,1,actions_linux,0.006,0.006,ubuntu-latest
36990027955,37856,Sync Canary After Backport Release,workflow_run,unstubbable,User,human,110783829037,dispatch,2026-10-02T09:29:02Z,2026-10-02T09:29:01Z,1,actions_linux,0.006,0.006,ubuntu-latest
36990027955,37856,Sync Canary After Backport Release,workflow_run,unstubbable,User,human,110783872382,evaluate,2026-10-02T09:29:10Z,2026-10-02T09:29:01Z,1,actions_linux,0.006,0.006,ubuntu-latest
36990027923,36728,retry-tests,workflow_run,unstubbable,User,human,110783828760,retry failed jobs,2026-10-02T09:29:01Z,2026-10-02T09:29:01Z,1,actions_linux,0.006,0.006,ubuntu-latest
36990027923,36728,retry-tests,workflow_run,unstubbable,User,human,110783875448,report failure to slack,2026-10-02T09:29:11Z,2026-10-02T09:29:01Z,1,actions_linux,0.006,0.006,ubuntu-latest
36990027852,36098,upload-preview-tarballs,workflow_run,unstubbable,User,human,110783826437,Upload preview tarballs to Blob,2026-10-02T09:29:03Z,2026-10-02T09:29:41Z,1,actions_linux,0.006,0.006,ubuntu-latest
36989971413,36097,upload-preview-tarballs,workflow_run,devjiwonchoi,User,human,110783644502,Upload preview tarballs to Blob,2026-10-02T09:28:28Z,2026-10-02T09:28:48Z,1,actions_linux,0.006,0.006,ubuntu-latest
36989971312,37855,Sync Canary After Backport Release,workflow_run,devjiwonchoi,User,human,110783646144,evaluate,2026-10-02T09:28:26Z,2026-10-02T09:28:26Z,1,actions_linux,0.006,0.006,ubuntu-latest
36989971312,37855,Sync Canary After Backport Release,workflow_run,devjiwonchoi,User,human,110783646777,dispatch,2026-10-02T09:28:26Z,2026-10-02T09:28:26Z,1,actions_linux,0.006,0.006,ubuntu-latest
36989951721,78028,PR CI Comment,workflow_run,abhayymishraa,User,human,110783580796,Comment on PR,2026-10-02T09:28:15Z,2026-10-02T09:28:26Z,1,actions_linux,0.006,0.006,ubuntu-latest
36989934445,88612,Triage issues,issue_comment,abhayymishraa,User,human,110783524504,Nissuer,2026-10-02T09:28:05Z,2026-10-02T09:28:15Z,1,actions_linux,0.006,0.006,ubuntu-latest
36989934395,3961,Allow issue participants to reopen issues,issue_comment,abhayymishraa,User,human,110783526771,Handle issue reopening,2026-10-02T09:28:03Z,2026-10-02T09:28:02Z,1,actions_linux,0.006,0.006,ubuntu-latest
36989826394,78027,PR CI Comment,workflow_run,sokra,User,human,110783179372,Comment on PR,2026-10-02T09:26:59Z,2026-10-02T09:27:19Z,1,actions_linux,0.006,0.006,ubuntu-latest
36989606981,78026,PR CI Comment,workflow_run,sokra,User,human,110782482158,Comment on PR,2026-10-02T09:24:41Z,2026-10-02T09:24:53Z,1,actions_linux,0.006,0.006,ubuntu-latest
36989404993,10070,Poll React Sync,schedule,eps1lon,User,human,110781841458,poll,2026-10-02T09:22:33Z,2026-10-02T09:22:42Z,1,actions_linux,0.006,0.006,ubuntu-latest
36989133753,78025,PR CI Comment,workflow_run,devjiwonchoi,User,human,110780978566,Comment on PR,2026-10-02T09:19:44Z,2026-10-02T09:19:57Z,1,actions_linux,0.006,0.006,ubuntu-latest
36989130209,131708,build-and-test,pull_request,devjiwonchoi,User,human,110780973106,Upload PR CI metadata,2026-10-02T09:19:42Z,2026-10-02T09:19:47Z,1,actions_linux,0.006,0.006,ubuntu-latest
36989130209,131708,build-and-test,pull_request,devjiwonchoi,User,human,110780973373,optimize-ci / PR Stack CI Gate,2026-10-02T09:19:42Z,2026-10-02T09:19:48Z,1,actions_linux,0.006,0.006,ubuntu-latest
36989130209,131708,build-and-test,pull_request,devjiwonchoi,User,human,110781010826,validate-docs-links,2026-10-02T09:19:50Z,2026-10-02T09:20:10Z,1,actions_linux,0.006,0.006,ubuntu-latest
36989130209,131708,build-and-test,pull_request,devjiwonchoi,User,human,110781011014,Determine changes,2026-10-02T09:19:51Z,2026-10-02T09:20:03Z,1,actions_linux,0.006,0.006,ubuntu-latest
36989130209,131708,build-and-test,pull_request,devjiwonchoi,User,human,110781011072,build-next / build,2026-10-02T09:19:50Z,2026-10-02T09:21:27Z,2,linux_16_core,0.026,0.052,ubuntu-latest-16-core-arm-oss
36989130209,131708,build-and-test,pull_request,devjiwonchoi,User,human,110781085742,fetch test timings,2026-10-02T09:20:05Z,2026-10-02T09:20:53Z,1,actions_linux,0.006,0.006,ubuntu-latest
36989130209,131708,build-and-test,pull_request,devjiwonchoi,User,human,110781085800,build-native / build,2026-10-02T09:20:05Z,2026-10-02T09:20:57Z,1,linux_16_core,0.026,0.026,ubuntu-latest-16-core-arm-oss
36989130209,131708,build-and-test,pull_request,devjiwonchoi,User,human,110781085815,Wait for preview tarball,2026-10-02T09:20:05Z,2026-10-02T09:28:51Z,9,actions_linux,0.006,0.054,ubuntu-latest
36989130209,131708,build-and-test,pull_request,devjiwonchoi,User,human,110781085843,test devlow package / build,2026-10-02T09:20:05Z,2026-10-02T09:21:36Z,2,linux_16_core,0.026,0.052,ubuntu-latest-16-core-arm-oss
36989130209,131708,build-and-test,pull_request,devjiwonchoi,User,human,110781085910,build-native-windows / build,2026-10-02T09:20:07Z,2026-10-02T09:21:44Z,2,windows_8_core,0.042,0.084,windows-latest-8-core-oss
36989130209,131708,build-and-test,pull_request,devjiwonchoi,User,human,110781518275,rustdoc check / build,2026-10-02T09:21:32Z,2026-10-02T09:23:36Z,3,linux_16_core,0.026,0.078,ubuntu-latest-16-core-arm-oss
36989130209,131708,build-and-test,pull_request,devjiwonchoi,User,human,110781518428,test cargo benches / Test,2026-10-02T09:21:30Z,2026-10-02T09:27:28Z,6,linux_16_core,0.042,0.252,ubuntu-latest-16-core-oss
36989130209,131708,build-and-test,pull_request,devjiwonchoi,User,human,110781518477,rust check / build,2026-10-02T09:21:31Z,2026-10-02T09:22:11Z,1,linux_16_core,0.026,0.026,ubuntu-latest-16-core-arm-oss
36989130209,131708,build-and-test,pull_request,devjiwonchoi,User,human,110781518478,test cargo unit / build,2026-10-02T09:21:30Z,2026-10-02T09:31:17Z,10,linux_16_core,0.042,0.42000000000000004,ubuntu-latest-16-core-oss
36989130209,131708,build-and-test,pull_request,devjiwonchoi,User,human,110781518482,lint / build,2026-10-02T09:21:30Z,2026-10-02T09:27:02Z,6,linux_16_core,0.026,0.156,ubuntu-latest-16-core-arm-oss
36989130209,131708,build-and-test,pull_request,devjiwonchoi,User,human,110781518503,ast-grep lint,2026-10-02T09:21:30Z,2026-10-02T09:21:46Z,1,actions_linux,0.006,0.006,ubuntu-latest
36989130209,131708,build-and-test,pull_request,devjiwonchoi,User,human,110781518609,types and precompiled / build,2026-10-02T09:21:30Z,2026-10-02T09:23:42Z,3,linux_16_core,0.026,0.078,ubuntu-latest-16-core-arm-oss
36989130209,131708,build-and-test,pull_request,devjiwonchoi,User,human,110781518628,test cargo unit (miri) / build,2026-10-02T09:21:31Z,2026-10-02T09:29:41Z,9,linux_16_core,0.026,0.23399999999999999,ubuntu-latest-16-core-arm-oss
36989130209,131708,build-and-test,pull_request,devjiwonchoi,User,human,110781519759,Run devlow benchmarks,2026-10-02T09:21:28Z,2026-10-02T09:21:28Z,1,actions_linux,0.006,0.006,
36989130209,131708,build-and-test,pull_request,devjiwonchoi,User,human,110781519768,test rspack dev,2026-10-02T09:21:28Z,2026-10-02T09:21:28Z,1,actions_linux,0.006,0.006,
36989130209,131708,build-and-test,pull_request,devjiwonchoi,User,human,110781519931,test firefox and safari / build,2026-10-02T09:21:31Z,2026-10-02T09:26:41Z,6,linux_16_core,0.026,0.156,ubuntu-latest-16-core-arm-oss
36989130209,131708,build-and-test,pull_request,devjiwonchoi,User,human,110781519974,test rspack production,2026-10-02T09:21:28Z,2026-10-02T09:21:28Z,1,actions_linux,0.006,0.006,
36989130209,131708,build-and-test,pull_request,devjiwonchoi,User,human,110781520429,test next-swc wasm / build,2026-10-02T09:22:26Z,2026-10-02T09:24:52Z,3,linux_16_core,0.026,0.078,ubuntu-latest-16-core-arm-oss
36989130209,131708,build-and-test,pull_request,devjiwonchoi,User,human,110781520446,Test new and changed tests for flakes (dev) (1/5) / build,2026-10-02T09:21:31Z,2026-10-02T09:22:13Z,1,linux_16_core,0.026,0.026,ubuntu-latest-16-core-arm-oss
36989130209,131708,build-and-test,pull_request,devjiwonchoi,User,human,110781520483,Test new and changed tests for flakes (dev) (2/5) / build,2026-10-02T09:21:31Z,2026-10-02T09:22:14Z,1,linux_16_core,0.026,0.026,ubuntu-latest-16-core-arm-oss
36989130209,131708,build-and-test,pull_request,devjiwonchoi,User,human,110781520509,test next-swc wasi / build,2026-10-02T09:22:42Z,2026-10-02T09:26:20Z,4,linux_16_core,0.026,0.104,ubuntu-latest-16-core-arm-oss
36989130209,131708,build-and-test,pull_request,devjiwonchoi,User,human,110781520581,Test new and changed tests for flakes (dev) (4/5) / build,2026-10-02T09:21:31Z,2026-10-02T09:22:14Z,1,linux_16_core,0.026,0.026,ubuntu-latest-16-core-arm-oss
36989130209,131708,build-and-test,pull_request,devjiwonchoi,User,human,110781520594,Test new and changed tests for flakes (prod) (2/5) / build,2026-10-02T09:22:30Z,2026-10-02T09:23:08Z,1,linux_16_core,0.026,0.026,ubuntu-latest-16-core-arm-oss
36989130209,131708,build-and-test,pull_request,devjiwonchoi,User,human,110781520595,Test new and changed tests for flakes (prod) (1/5) / build,2026-10-02T09:21:31Z,2026-10-02T09:22:20Z,1,linux_16_core,0.026,0.026,ubuntu-latest-16-core-arm-oss
36989130209,131708,build-and-test,pull_request,devjiwonchoi,User,human,110781520603,Test new and changed tests for flakes (dev) (5/5) / build,2026-10-02T09:21:31Z,2026-10-02T09:22:15Z,1,linux_16_core,0.026,0.026,ubuntu-latest-16-core-arm-oss
36989130209,131708,build-and-test,pull_request,devjiwonchoi,User,human,110781520670,Test new and changed tests for flakes (dev) (3/5) / build,2026-10-02T09:21:31Z,2026-10-02T09:22:16Z,1,linux_16_core,0.026,0.026,ubuntu-latest-16-core-arm-oss
36989130209,131708,build-and-test,pull_request,devjiwonchoi,User,human,110781520739,Test new and changed tests for flakes (prod) (3/5) / build,2026-10-02T09:21:31Z,2026-10-02T09:22:16Z,1,linux_16_core,0.026,0.026,ubuntu-latest-16-core-arm-oss
36989130209,131708,build-and-test,pull_request,devjiwonchoi,User,human,110781520791,test cache components dev (2/6) / build,2026-10-02T09:21:31Z,2026-10-02T09:29:31Z,8,linux_16_core,0.026,0.208,ubuntu-latest-16-core-arm-oss
36989130209,131708,build-and-test,pull_request,devjiwonchoi,User,human,110781520792,test cache components dev (5/6) / build,2026-10-02T09:21:31Z,2026-10-02T09:28:26Z,7,linux_16_core,0.026,0.182,ubuntu-latest-16-core-arm-oss
36989130209,131708,build-and-test,pull_request,devjiwonchoi,User,human,110781520795,Test new and changed tests for flakes (prod) (5/5) / build,2026-10-02T09:21:31Z,2026-10-02T09:22:13Z,1,linux_16_core,0.026,0.026,ubuntu-latest-16-core-arm-oss
36989130209,131708,build-and-test,pull_request,devjiwonchoi,User,human,110781520823,test cache components dev (1/6) / build,2026-10-02T09:22:43Z,2026-10-02T09:33:44Z,12,linux_16_core,0.026,0.312,ubuntu-latest-16-core-arm-oss
36989130209,131708,build-and-test,pull_request,devjiwonchoi,User,human,110781520966,test cache components dev (6/6) / build,2026-10-02T09:21:31Z,2026-10-02T09:37:45Z,17,linux_16_core,0.026,0.442,ubuntu-latest-16-core-arm-oss
36989130209,131708,build-and-test,pull_request,devjiwonchoi,User,human,110781520967,test unit (20) / build,2026-10-02T09:21:31Z,2026-10-02T09:23:36Z,3,linux_16_core,0.026,0.078,ubuntu-latest-16-core-arm-oss
36989130209,131708,build-and-test,pull_request,devjiwonchoi,User,human,110781521013,test dev (6/10) / build,2026-10-02T09:22:15Z,2026-10-02T09:34:20Z,13,linux_16_core,0.026,0.33799999999999997,ubuntu-latest-16-core-arm-oss
36989130209,131708,build-and-test,pull_request,devjiwonchoi,User,human,110781521014,Test new and changed tests for flakes (prod) (4/5) / build,2026-10-02T09:21:31Z,2026-10-02T09:22:13Z,1,linux_16_core,0.026,0.026,ubuntu-latest-16-core-arm-oss
36989130209,131708,build-and-test,pull_request,devjiwonchoi,User,human,110781521043,test cache components dev (3/6) / build,2026-10-02T09:21:31Z,2026-10-02T09:28:50Z,8,linux_16_core,0.026,0.208,ubuntu-latest-16-core-arm-oss
36989130209,131708,build-and-test,pull_request,devjiwonchoi,User,human,110781521055,test cache components dev (4/6) / build,2026-10-02T09:21:31Z,2026-10-02T09:28:55Z,8,linux_16_core,0.026,0.208,ubuntu-latest-16-core-arm-oss
36989130209,131708,build-and-test,pull_request,devjiwonchoi,User,human,110781521148,test unit (22) / build,2026-10-02T09:21:31Z,2026-10-02T09:23:34Z,3,linux_16_core,0.026,0.078,ubuntu-latest-16-core-arm-oss
36989130209,131708,build-and-test,pull_request,devjiwonchoi,User,human,110781521244,test dev (1/10) / build,2026-10-02T09:21:31Z,2026-10-02T09:33:28Z,12,linux_16_core,0.026,0.312,ubuntu-latest-16-core-arm-oss
36989130209,131708,build-and-test,pull_request,devjiwonchoi,User,human,110781521251,test dev (2/10) / build,2026-10-02T09:21:31Z,2026-10-02T09:32:13Z,11,linux_16_core,0.026,0.286,ubuntu-latest-16-core-arm-oss
36989130209,131708,build-and-test,pull_request,devjiwonchoi,User,human,110781521270,test dev (7/10) / build,2026-10-02T09:21:31Z,2026-10-02T09:33:03Z,12,linux_16_core,0.026,0.312,ubuntu-latest-16-core-arm-oss
36989130209,131708,build-and-test,pull_request,devjiwonchoi,User,human,110781521272,test dev (8/10) / build,2026-10-02T09:21:31Z,2026-10-02T09:34:23Z,13,linux_16_core,0.026,0.33799999999999997,ubuntu-latest-16-core-arm-oss
36989130209,131708,build-and-test,pull_request,devjiwonchoi,User,human,110781521356,test dev (4/10) / build,2026-10-02T09:21:31Z,2026-10-02T09:34:08Z,13,linux_16_core,0.026,0.33799999999999997,ubuntu-latest-16-core-arm-oss
36989130209,131708,build-and-test,pull_request,devjiwonchoi,User,human,110781521361,test dev (10/10) / build,2026-10-02T09:21:31Z,2026-10-02T09:28:50Z,8,linux_16_core,0.026,0.208,ubuntu-latest-16-core-arm-oss
36989130209,131708,build-and-test,pull_request,devjiwonchoi,User,human,110781521365,test dev (5/10) / build,2026-10-02T09:21:31Z,2026-10-02T09:32:27Z,11,linux_16_core,0.026,0.286,ubuntu-latest-16-core-arm-oss
36989130209,131708,build-and-test,pull_request,devjiwonchoi,User,human,110781521389,test prod (1/10) / build,2026-10-02T09:21:31Z,2026-10-02T09:38:50Z,18,linux_16_core,0.026,0.46799999999999997,ubuntu-latest-16-core-arm-oss
36989130209,131708,build-and-test,pull_request,devjiwonchoi,User,human,110781521458,test dev (3/10) / build,2026-10-02T09:21:31Z,2026-10-02T09:31:46Z,11,linux_16_core,0.026,0.286,ubuntu-latest-16-core-arm-oss
36989130209,131708,build-and-test,pull_request,devjiwonchoi,User,human,110781521467,test prod (2/10) / build,2026-10-02T09:21:31Z,2026-10-02T09:37:42Z,17,linux_16_core,0.026,0.442,ubuntu-latest-16-core-arm-oss
36989130209,131708,build-and-test,pull_request,devjiwonchoi,User,human,110781521483,test prod (3/10) / build,2026-10-02T09:21:31Z,2026-10-02T09:34:52Z,14,linux_16_core,0.026,0.364,ubuntu-latest-16-core-arm-oss
36989130209,131708,build-and-test,pull_request,devjiwonchoi,User,human,110781521488,test prod (9/10) / build,2026-10-02T09:21:31Z,2026-10-02T09:34:49Z,14,linux_16_core,0.026,0.364,ubuntu-latest-16-core-arm-oss
36989130209,131708,build-and-test,pull_request,devjiwonchoi,User,human,110781521510,test dev (9/10) / build,2026-10-02T09:22:25Z,2026-10-02T09:31:31Z,10,linux_16_core,0.026,0.26,ubuntu-latest-16-core-arm-oss
36989130209,131708,build-and-test,pull_request,devjiwonchoi,User,human,110781521555,test prod (5/10) / build,2026-10-02T09:22:13Z,2026-10-02T09:34:59Z,13,linux_16_core,0.026,0.33799999999999997,ubuntu-latest-16-core-arm-oss
36989130209,131708,build-and-test,pull_request,devjiwonchoi,User,human,110781521575,test prod (4/10) / build,2026-10-02T09:21:31Z,2026-10-02T09:35:59Z,15,linux_16_core,0.026,0.38999999999999996,ubuntu-latest-16-core-arm-oss
36989130209,131708,build-and-test,pull_request,devjiwonchoi,User,human,110781521605,test turbopack production (5/7) / build,2026-10-02T09:21:31Z,2026-10-02T09:32:57Z,12,linux_16_core,0.026,0.312,ubuntu-latest-16-core-arm-oss
36989130209,131708,build-and-test,pull_request,devjiwonchoi,User,human,110781521647,test prod (7/10) / build,2026-10-02T09:21:31Z,2026-10-02T09:36:29Z,15,linux_16_core,0.026,0.38999999999999996,ubuntu-latest-16-core-arm-oss
36989130209,131708,build-and-test,pull_request,devjiwonchoi,User,human,110781521681,test prod (10/10) / build,2026-10-02T09:22:05Z,2026-10-02T09:37:56Z,16,linux_16_core,0.026,0.416,ubuntu-latest-16-core-arm-oss
36989130209,131708,build-and-test,pull_request,devjiwonchoi,User,human,110781521694,test prod (8/10) / build,2026-10-02T09:21:31Z,2026-10-02T09:34:27Z,13,linux_16_core,0.026,0.33799999999999997,ubuntu-latest-16-core-arm-oss
36989130209,131708,build-and-test,pull_request,devjiwonchoi,User,human,110781521696,test turbopack production (4/7) / build,2026-10-02T09:21:31Z,2026-10-02T09:34:26Z,13,linux_16_core,0.026,0.33799999999999997,ubuntu-latest-16-core-arm-oss
36989130209,131708,build-and-test,pull_request,devjiwonchoi,User,human,110781521704,test prod (6/10) / build,2026-10-02T09:22:08Z,2026-10-02T09:40:55Z,19,linux_16_core,0.026,0.494,ubuntu-latest-16-core-arm-oss
36989130209,131708,build-and-test,pull_request,devjiwonchoi,User,human,110781521735,test turbopack production (6/7) / build,2026-10-02T09:22:12Z,2026-10-02T09:34:57Z,13,linux_16_core,0.026,0.33799999999999997,ubuntu-latest-16-core-arm-oss
36989130209,131708,build-and-test,pull_request,devjiwonchoi,User,human,110781521742,test turbopack production (1/7) / build,2026-10-02T09:22:15Z,2026-10-02T09:35:16Z,14,linux_16_core,0.026,0.364,ubuntu-latest-16-core-arm-oss
36989130209,131708,build-and-test,pull_request,devjiwonchoi,User,human,110781521778,test next-config-ts-native-ts dev (22) / build,2026-10-02T09:21:31Z,2026-10-02T09:23:29Z,2,linux_16_core,0.026,0.052,ubuntu-latest-16-core-arm-oss
36989130209,131708,build-and-test,pull_request,devjiwonchoi,User,human,110781521800,test turbopack production (3/7) / build,2026-10-02T09:21:52Z,2026-10-02T09:33:28Z,12,linux_16_core,0.026,0.312,ubuntu-latest-16-core-arm-oss
36989130209,131708,build-and-test,pull_request,devjiwonchoi,User,human,110781521815,test turbopack production (2/7) / build,2026-10-02T09:21:55Z,2026-10-02T09:34:40Z,13,linux_16_core,0.026,0.33799999999999997,ubuntu-latest-16-core-arm-oss
36989130209,131708,build-and-test,pull_request,devjiwonchoi,User,human,110781521841,test turbopack production (7/7) / build,2026-10-02T09:22:43Z,2026-10-02T09:38:51Z,17,linux_16_core,0.026,0.442,ubuntu-latest-16-core-arm-oss
36989130209,131708,build-and-test,pull_request,devjiwonchoi,User,human,110781521883,test next-config-ts-native-ts dev (24.15.0) / build,2026-10-02T09:22:04Z,2026-10-02T09:23:34Z,2,linux_16_core,0.026,0.052,ubuntu-latest-16-core-arm-oss
36989130209,131708,build-and-test,pull_request,devjiwonchoi,User,human,110781521926,test turbopack dev (1/7) / build,2026-10-02T09:22:58Z,2026-10-02T09:41:43Z,19,linux_16_core,0.026,0.494,ubuntu-latest-16-core-arm-oss
36989130209,131708,build-and-test,pull_request,devjiwonchoi,User,human,110781521929,test turbopack dev (4/7) / build,2026-10-02T09:21:56Z,2026-10-02T09:32:01Z,11,linux_16_core,0.026,0.286,ubuntu-latest-16-core-arm-oss
36989130209,131708,build-and-test,pull_request,devjiwonchoi,User,human,110781521938,test next-config-ts-native-ts prod (24.15.0) / build,2026-10-02T09:22:06Z,2026-10-02T09:23:58Z,2,linux_16_core,0.026,0.052,ubuntu-latest-16-core-arm-oss
36989130209,131708,build-and-test,pull_request,devjiwonchoi,User,human,110781521966,test cache components prod (4/7) / build,2026-10-02T09:22:03Z,2026-10-02T09:29:23Z,8,linux_16_core,0.026,0.208,ubuntu-latest-16-core-arm-oss
36989130209,131708,build-and-test,pull_request,devjiwonchoi,User,human,110781521987,test cache components prod (6/7) / build,2026-10-02T09:22:55Z,2026-10-02T09:38:26Z,16,linux_16_core,0.026,0.416,ubuntu-latest-16-core-arm-oss
36989130209,131708,build-and-test,pull_request,devjiwonchoi,User,human,110781521997,test turbopack dev (6/7) / build,2026-10-02T09:22:53Z,2026-10-02T09:34:36Z,12,linux_16_core,0.026,0.312,ubuntu-latest-16-core-arm-oss
36989130209,131708,build-and-test,pull_request,devjiwonchoi,User,human,110781522008,test turbopack dev (3/7) / build,2026-10-02T09:22:57Z,2026-10-02T09:32:51Z,10,linux_16_core,0.026,0.26,ubuntu-latest-16-core-arm-oss
36989130209,131708,build-and-test,pull_request,devjiwonchoi,User,human,110781522044,test turbopack dev (2/7) / build,2026-10-02T09:21:57Z,2026-10-02T09:32:29Z,11,linux_16_core,0.026,0.286,ubuntu-latest-16-core-arm-oss
36989130209,131708,build-and-test,pull_request,devjiwonchoi,User,human,110781522051,test turbopack dev (7/7) / build,2026-10-02T09:22:57Z,2026-10-02T09:34:32Z,12,linux_16_core,0.026,0.312,ubuntu-latest-16-core-arm-oss
36989130209,131708,build-and-test,pull_request,devjiwonchoi,User,human,110781522052,test next-config-ts-native-ts prod (22) / build,2026-10-02T09:22:50Z,2026-10-02T09:24:43Z,2,linux_16_core,0.026,0.052,ubuntu-latest-16-core-arm-oss
36989130209,131708,build-and-test,pull_request,devjiwonchoi,User,human,110781522061,test cache components prod (5/7) / build,2026-10-02T09:21:51Z,2026-10-02T09:28:28Z,7,linux_16_core,0.026,0.182,ubuntu-latest-16-core-arm-oss
36989130209,131708,build-and-test,pull_request,devjiwonchoi,User,human,110781522079,test cache components prod (3/7) / build,2026-10-02T09:22:58Z,2026-10-02T09:30:12Z,8,linux_16_core,0.026,0.208,ubuntu-latest-16-core-arm-oss
36989130209,131708,build-and-test,pull_request,devjiwonchoi,User,human,110781522112,test cache components prod (7/7) / build,2026-10-02T09:22:58Z,2026-10-02T09:30:21Z,8,linux_16_core,0.026,0.208,ubuntu-latest-16-core-arm-oss
36989130209,131708,build-and-test,pull_request,devjiwonchoi,User,human,110781522119,test turbopack dev (5/7) / build,2026-10-02T09:22:53Z,2026-10-02T09:32:23Z,10,linux_16_core,0.026,0.26,ubuntu-latest-16-core-arm-oss
36989130209,131708,build-and-test,pull_request,devjiwonchoi,User,human,110781522120,test cache components prod (2/7) / build,2026-10-02T09:22:57Z,2026-10-02T09:30:26Z,8,linux_16_core,0.026,0.208,ubuntu-latest-16-core-arm-oss
36989130209,131708,build-and-test,pull_request,devjiwonchoi,User,human,110781522151,test cache components prod (1/7) / build,2026-10-02T09:22:55Z,2026-10-02T09:29:38Z,7,linux_16_core,0.026,0.182,ubuntu-latest-16-core-arm-oss
36989130209,131708,build-and-test,pull_request,devjiwonchoi,User,human,110781603982,test integration windows / build,2026-10-02T09:21:47Z,2026-10-02T09:31:29Z,10,windows_8_core,0.042,0.42000000000000004,windows-latest-8-core-oss
36989130209,131708,build-and-test,pull_request,devjiwonchoi,User,human,110781604004,test prod windows / build,2026-10-02T09:21:47Z,2026-10-02T09:27:54Z,7,windows_8_core,0.042,0.29400000000000004,windows-latest-8-core-oss
36989130209,131708,build-and-test,pull_request,devjiwonchoi,User,human,110781604049,test dev windows / build,2026-10-02T09:21:48Z,2026-10-02T09:29:19Z,8,windows_8_core,0.042,0.336,windows-latest-8-core-oss
36989130209,131708,build-and-test,pull_request,devjiwonchoi,User,human,110781604196,test unit windows (22) / build,2026-10-02T09:21:47Z,2026-10-02T09:28:16Z,7,windows_8_core,0.042,0.29400000000000004,windows-latest-8-core-oss
36989130209,131708,build-and-test,pull_request,devjiwonchoi,User,human,110781604508,test unit windows (20) / build,2026-10-02T09:21:47Z,2026-10-02T09:31:20Z,10,windows_8_core,0.042,0.42000000000000004,windows-latest-8-core-oss
36989130209,131708,build-and-test,pull_request,devjiwonchoi,User,human,110783775762,Test new and changed tests when deployed (2/5) / build,2026-10-02T09:28:53Z,2026-10-02T09:29:36Z,1,linux_16_core,0.026,0.026,ubuntu-latest-16-core-arm-oss
36989130209,131708,build-and-test,pull_request,devjiwonchoi,User,human,110783775812,Test new and changed tests when deployed (1/5) / build,2026-10-02T09:28:53Z,2026-10-02T09:29:41Z,1,linux_16_core,0.026,0.026,ubuntu-latest-16-core-arm-oss
36989130209,131708,build-and-test,pull_request,devjiwonchoi,User,human,110783775818,Test new and changed tests when deployed (3/5) / build,2026-10-02T09:28:53Z,2026-10-02T09:29:36Z,1,linux_16_core,0.026,0.026,ubuntu-latest-16-core-arm-oss
36989130209,131708,build-and-test,pull_request,devjiwonchoi,User,human,110783775821,Test new and changed tests when deployed (4/5) / build,2026-10-02T09:28:54Z,2026-10-02T09:29:41Z,1,linux_16_core,0.026,0.026,ubuntu-latest-16-core-arm-oss
36989130209,131708,build-and-test,pull_request,devjiwonchoi,User,human,110783775846,Test new and changed tests when deployed (cache components) (4/5) / build,2026-10-02T09:28:53Z,2026-10-02T09:29:35Z,1,linux_16_core,0.026,0.026,ubuntu-latest-16-core-arm-oss
36989130209,131708,build-and-test,pull_request,devjiwonchoi,User,human,110783775857,Test new and changed tests when deployed (cache components) (2/5) / build,2026-10-02T09:28:54Z,2026-10-02T09:29:37Z,1,linux_16_core,0.026,0.026,ubuntu-latest-16-core-arm-oss
36989130209,131708,build-and-test,pull_request,devjiwonchoi,User,human,110783775930,Test new and changed tests when deployed (cache components) (1/5) / build,2026-10-02T09:28:53Z,2026-10-02T09:29:36Z,1,linux_16_core,0.026,0.026,ubuntu-latest-16-core-arm-oss
36989130209,131708,build-and-test,pull_request,devjiwonchoi,User,human,110783775932,Test new and changed tests when deployed (5/5) / build,2026-10-02T09:28:53Z,2026-10-02T09:29:40Z,1,linux_16_core,0.026,0.026,ubuntu-latest-16-core-arm-oss
36989130209,131708,build-and-test,pull_request,devjiwonchoi,User,human,110783775937,Test new and changed tests when deployed (cache components) (3/5) / build,2026-10-02T09:28:53Z,2026-10-02T09:29:44Z,1,linux_16_core,0.026,0.026,ubuntu-latest-16-core-arm-oss
36989130209,131708,build-and-test,pull_request,devjiwonchoi,User,human,110783775969,Test new and changed tests when deployed (cache components) (5/5) / build,2026-10-02T09:28:53Z,2026-10-02T09:29:36Z,1,linux_16_core,0.026,0.026,ubuntu-latest-16-core-arm-oss
36989130209,131708,build-and-test,pull_request,devjiwonchoi,User,human,110787748953,"thank you, next",2026-10-02T09:41:47Z,2026-10-02T09:41:49Z,1,actions_linux,0.006,0.006,ubuntu-latest
36989129882,148124,build-and-deploy,pull_request,devjiwonchoi,User,human,110780966585,deploy-target,2026-10-02T09:19:41Z,2026-10-02T09:19:58Z,1,actions_linux,0.006,0.006,ubuntu-latest
36989129882,148124,build-and-deploy,pull_request,devjiwonchoi,User,human,110781063604,build,2026-10-02T09:20:02Z,2026-10-02T09:23:35Z,4,actions_linux,0.006,0.024,ubuntu-latest
36989129882,148124,build-and-deploy,pull_request,devjiwonchoi,User,human,110781063623,generate-native-matrix,2026-10-02T09:20:01Z,2026-10-02T09:20:04Z,1,actions_linux,0.006,0.006,ubuntu-latest
36989129882,148124,build-and-deploy,pull_request,devjiwonchoi,User,human,110781063639,build-wasm (web),2026-10-02T09:20:00Z,2026-10-02T09:20:34Z,1,linux_16_core,0.042,0.042,ubuntu-latest-16-core-oss
36989129882,148124,build-and-deploy,pull_request,devjiwonchoi,User,human,110781063678,build-wasm (nodejs),2026-10-02T09:20:00Z,2026-10-02T09:20:32Z,1,linux_16_core,0.042,0.042,ubuntu-latest-16-core-oss
36989129882,148124,build-and-deploy,pull_request,devjiwonchoi,User,human,110781093576,stable - x86_64-unknown-linux-gnu - node@20,2026-10-02T09:20:07Z,2026-10-02T09:25:36Z,6,linux_16_core,0.042,0.252,ubuntu-latest-16-core-oss
36989129882,148124,build-and-deploy,pull_request,devjiwonchoi,User,human,110781112696,Docs Link Validation,2026-10-02T09:20:08Z,2026-10-02T09:20:08Z,1,actions_linux,0.006,0.006,
36989129882,148124,build-and-deploy,pull_request,devjiwonchoi,User,human,110782777383,"thank you, build",2026-10-02T09:25:38Z,2026-10-02T09:25:41Z,1,actions_linux,0.006,0.006,ubuntu-latest
36989129882,148124,build-and-deploy,pull_request,devjiwonchoi,User,human,110782777501,Prepare preview tarball,2026-10-02T09:25:39Z,2026-10-02T09:28:22Z,3,actions_linux,0.006,0.018000000000000002,ubuntu-latest
36989129882,148124,build-and-deploy,pull_request,devjiwonchoi,User,human,110782778554,Potentially publish release,2026-10-02T09:25:37Z,2026-10-02T09:25:37Z,1,actions_linux,0.006,0.006,ubuntu-latest
36989129882,148124,build-and-deploy,pull_request,devjiwonchoi,User,human,110782779256,Upload Turbopack Bytesize metrics to Datadog,2026-10-02T09:25:37Z,2026-10-02T09:25:37Z,1,actions_linux,0.006,0.006,ubuntu-latest
36989129882,148124,build-and-deploy,pull_request,devjiwonchoi,User,human,110782779904,report publish failure to slack,2026-10-02T09:25:37Z,2026-10-02T09:25:37Z,1,actions_linux,0.006,0.006,ubuntu-latest
36989085680,690,Next Maintainer Auto Close,schedule,marcoshernanz,User,human,110780822885,close-one-verified-issue,2026-10-02T09:19:13Z,2026-10-02T09:19:22Z,1,actions_linux,0.006,0.006,ubuntu-latest
36988448007,37854,Sync Canary After Backport Release,workflow_run,sokra,User,human,110778772913,evaluate,2026-10-02T09:12:32Z,2026-10-02T09:12:31Z,1,actions_linux,0.006,0.006,ubuntu-latest
36988448007,37854,Sync Canary After Backport Release,workflow_run,sokra,User,human,110778817780,dispatch,2026-10-02T09:12:40Z,2026-10-02T09:12:31Z,1,actions_linux,0.006,0.006,ubuntu-latest
36988447902,36096,upload-preview-tarballs,workflow_run,sokra,User,human,110778770195,Upload preview tarballs to Blob,2026-10-02T09:12:33Z,2026-10-02T09:12:43Z,1,actions_linux,0.006,0.006,ubuntu-latest
36988291906,36095,upload-preview-tarballs,workflow_run,sokra,User,human,110778269605,Upload preview tarballs to Blob,2026-10-02T09:10:56Z,2026-10-02T09:11:23Z,1,actions_linux,0.006,0.006,ubuntu-latest
36988291700,37853,Sync Canary After Backport Release,workflow_run,sokra,User,human,110778271042,evaluate,2026-10-02T09:10:53Z,2026-10-02T09:10:52Z,1,actions_linux,0.006,0.006,ubuntu-latest
36988291700,37853,Sync Canary After Backport Release,workflow_run,sokra,User,human,110778271786,dispatch,2026-10-02T09:10:53Z,2026-10-02T09:10:53Z,1,actions_linux,0.006,0.006,ubuntu-latest
36988269922,36094,upload-preview-tarballs,workflow_run,sokra,User,human,110778199518,Upload preview tarballs to Blob,2026-10-02T09:10:40Z,2026-10-02T09:10:51Z,1,actions_linux,0.006,0.006,ubuntu-latest
36988269794,37852,Sync Canary After Backport Release,workflow_run,sokra,User,human,110778200776,evaluate,2026-10-02T09:10:39Z,2026-10-02T09:10:39Z,1,actions_linux,0.006,0.006,ubuntu-latest
36988269794,37852,Sync Canary After Backport Release,workflow_run,sokra,User,human,110778201934,dispatch,2026-10-02T09:10:39Z,2026-10-02T09:10:39Z,1,actions_linux,0.006,0.006,ubuntu-latest
36988263736,36093,upload-preview-tarballs,workflow_run,sokra,User,human,110778178755,Upload preview tarballs to Blob,2026-10-02T09:10:37Z,2026-10-02T09:11:02Z,1,actions_linux,0.006,0.006,ubuntu-latest
36988263699,37851,Sync Canary After Backport Release,workflow_run,sokra,User,human,110778181289,dispatch,2026-10-02T09:10:35Z,2026-10-02T09:10:35Z,1,actions_linux,0.006,0.006,ubuntu-latest
36988263699,37851,Sync Canary After Backport Release,workflow_run,sokra,User,human,110778226886,evaluate,2026-10-02T09:10:44Z,2026-10-02T09:10:35Z,1,actions_linux,0.006,0.006,ubuntu-latest
36988006359,78024,PR CI Comment,workflow_run,abhayymishraa,User,human,110777356004,Comment on PR,2026-10-02T09:07:55Z,2026-10-02T09:08:08Z,1,actions_linux,0.006,0.006,ubuntu-latest
36987778177,78023,PR CI Comment,workflow_run,unstubbable,User,human,110776630325,Comment on PR,2026-10-02T09:05:33Z,2026-10-02T09:05:32Z,1,actions_linux,0.006,0.006,ubuntu-latest
36987774573,131706,build-and-test,push,unstubbable,User,human,110776619852,optimize-ci / PR Stack CI Gate,2026-10-02T09:05:32Z,2026-10-02T09:05:39Z,1,actions_linux,0.006,0.006,ubuntu-latest
36987774573,131706,build-and-test,push,unstubbable,User,human,110776621354,Upload PR CI metadata,2026-10-02T09:05:31Z,2026-10-02T09:05:30Z,1,actions_linux,0.006,0.006,ubuntu-latest
36987774573,131706,build-and-test,push,unstubbable,User,human,110776663262,Determine changes,2026-10-02T09:05:41Z,2026-10-02T09:05:52Z,1,actions_linux,0.006,0.006,ubuntu-latest
36987774573,131706,build-and-test,push,unstubbable,User,human,110776663326,validate-docs-links,2026-10-02T09:05:41Z,2026-10-02T09:05:57Z,1,actions_linux,0.006,0.006,ubuntu-latest
36987774573,131706,build-and-test,push,unstubbable,User,human,110776663555,build-next / build,2026-10-02T09:05:58Z,2026-10-02T09:06:49Z,1,linux_16_core,0.026,0.026,ubuntu-latest-16-core-arm-oss
36987774573,131706,build-and-test,push,unstubbable,User,human,110776732084,fetch test timings,2026-10-02T09:05:54Z,2026-10-02T09:06:39Z,1,actions_linux,0.006,0.006,ubuntu-latest
36987774573,131706,build-and-test,push,unstubbable,User,human,110776732164,Wait for preview tarball,2026-10-02T09:05:55Z,2026-10-02T09:29:53Z,24,actions_linux,0.006,0.14400000000000002,ubuntu-latest
36987774573,131706,build-and-test,push,unstubbable,User,human,110776732312,build-native / build,2026-10-02T09:06:13Z,2026-10-02T09:06:48Z,1,linux_16_core,0.026,0.026,ubuntu-latest-16-core-arm-oss
36987774573,131706,build-and-test,push,unstubbable,User,human,110776732377,build-native-windows / build,2026-10-02T09:05:55Z,2026-10-02T09:07:07Z,2,windows_8_core,0.042,0.084,windows-latest-8-core-oss
36987774573,131706,build-and-test,push,unstubbable,User,human,110776732573,test devlow package / build,2026-10-02T09:06:14Z,2026-10-02T09:06:56Z,1,linux_16_core,0.026,0.026,ubuntu-latest-16-core-arm-oss
36987774573,131706,build-and-test,push,unstubbable,User,human,110777026078,ast-grep lint,2026-10-02T09:06:52Z,2026-10-02T09:07:11Z,1,actions_linux,0.006,0.006,ubuntu-latest
36987774573,131706,build-and-test,push,unstubbable,User,human,110777026722,test cargo benches / Test,2026-10-02T09:06:52Z,2026-10-02T09:12:52Z,6,linux_16_core,0.042,0.252,ubuntu-latest-16-core-oss
36987774573,131706,build-and-test,push,unstubbable,User,human,110777026841,test rspack production,2026-10-02T09:06:49Z,2026-10-02T09:06:49Z,1,actions_linux,0.006,0.006,
36987774573,131706,build-and-test,push,unstubbable,User,human,110777026843,types and precompiled / build,2026-10-02T09:06:54Z,2026-10-02T09:08:32Z,2,linux_16_core,0.026,0.052,ubuntu-latest-16-core-arm-oss
36987774573,131706,build-and-test,push,unstubbable,User,human,110777026912,test cargo unit / build,2026-10-02T09:06:52Z,2026-10-02T09:16:40Z,10,linux_16_core,0.042,0.42000000000000004,ubuntu-latest-16-core-oss
36987774573,131706,build-and-test,push,unstubbable,User,human,110777027258,lint / build,2026-10-02T09:07:01Z,2026-10-02T09:12:17Z,6,linux_16_core,0.026,0.156,ubuntu-latest-16-core-arm-oss
36987774573,131706,build-and-test,push,unstubbable,User,human,110777027273,test rspack dev,2026-10-02T09:06:49Z,2026-10-02T09:06:49Z,1,actions_linux,0.006,0.006,
36987774573,131706,build-and-test,push,unstubbable,User,human,110777027592,rustdoc check / build,2026-10-02T09:07:43Z,2026-10-02T09:09:52Z,3,linux_16_core,0.026,0.078,ubuntu-latest-16-core-arm-oss
36987774573,131706,build-and-test,push,unstubbable,User,human,110777027686,test cargo unit (miri) / build,2026-10-02T09:08:07Z,2026-10-02T09:16:28Z,9,linux_16_core,0.026,0.23399999999999999,ubuntu-latest-16-core-arm-oss
36987774573,131706,build-and-test,push,unstubbable,User,human,110777027719,rust check / build,2026-10-02T09:08:24Z,2026-10-02T09:09:05Z,1,linux_16_core,0.026,0.026,ubuntu-latest-16-core-arm-oss
36987774573,131706,build-and-test,push,unstubbable,User,human,110777028219,test next-swc wasm / build,2026-10-02T09:08:24Z,2026-10-02T09:11:09Z,3,linux_16_core,0.026,0.078,ubuntu-latest-16-core-arm-oss
36987774573,131706,build-and-test,push,unstubbable,User,human,110777028461,test firefox and safari / build,2026-10-02T09:08:34Z,2026-10-02T09:13:41Z,6,linux_16_core,0.026,0.156,ubuntu-latest-16-core-arm-oss
36987774573,131706,build-and-test,push,unstubbable,User,human,110777028971,test next-swc wasi / build,2026-10-02T09:08:42Z,2026-10-02T09:12:40Z,4,linux_16_core,0.026,0.104,ubuntu-latest-16-core-arm-oss
36987774573,131706,build-and-test,push,unstubbable,User,human,110777029451,"test turbopack dev (5/7, 18.3.1) / build",2026-10-02T09:09:22Z,2026-10-02T09:21:45Z,13,linux_16_core,0.026,0.33799999999999997,ubuntu-latest-16-core-arm-oss
36987774573,131706,build-and-test,push,unstubbable,User,human,110777029607,"test turbopack dev (1/7, 18.3.1) / build",2026-10-02T09:09:38Z,2026-10-02T09:28:29Z,19,linux_16_core,0.026,0.494,ubuntu-latest-16-core-arm-oss
36987774573,131706,build-and-test,push,unstubbable,User,human,110777029681,"test turbopack dev (4/7, 18.3.1) / build",2026-10-02T09:09:46Z,2026-10-02T09:19:36Z,10,linux_16_core,0.026,0.26,ubuntu-latest-16-core-arm-oss
36987774573,131706,build-and-test,push,unstubbable,User,human,110777029683,"test turbopack dev (6/7, 18.3.1) / build",2026-10-02T09:12:28Z,2026-10-02T09:21:36Z,10,linux_16_core,0.026,0.26,ubuntu-latest-16-core-arm-oss
36987774573,131706,build-and-test,push,unstubbable,User,human,110777029721,"test turbopack dev (3/7, 18.3.1) / build",2026-10-02T09:09:44Z,2026-10-02T09:20:08Z,11,linux_16_core,0.026,0.286,ubuntu-latest-16-core-arm-oss
36987774573,131706,build-and-test,push,unstubbable,User,human,110777029731,"test turbopack dev (2/7, 18.3.1) / build",2026-10-02T09:09:44Z,2026-10-02T09:22:02Z,13,linux_16_core,0.026,0.33799999999999997,ubuntu-latest-16-core-arm-oss
36987774573,131706,build-and-test,push,unstubbable,User,human,110777029732,"test turbopack dev (7/7, 18.3.1) / build",2026-10-02T09:10:03Z,2026-10-02T09:20:53Z,11,linux_16_core,0.026,0.286,ubuntu-latest-16-core-arm-oss
36987774573,131706,build-and-test,push,unstubbable,User,human,110777029828,"test turbopack production (2/7, 18.3.1) / build",2026-10-02T09:09:54Z,2026-10-02T09:23:22Z,14,linux_16_core,0.026,0.364,ubuntu-latest-16-core-arm-oss
36987774573,131706,build-and-test,push,unstubbable,User,human,110777029862,"test turbopack production (3/7, 18.3.1) / build",2026-10-02T09:10:05Z,2026-10-02T09:21:48Z,12,linux_16_core,0.026,0.312,ubuntu-latest-16-core-arm-oss
36987774573,131706,build-and-test,push,unstubbable,User,human,110777030060,"test turbopack production (4/7, 18.3.1) / build",2026-10-02T09:11:20Z,2026-10-02T09:24:10Z,13,linux_16_core,0.026,0.33799999999999997,ubuntu-latest-16-core-arm-oss
36987774573,131706,build-and-test,push,unstubbable,User,human,110777030079,"test turbopack production (7/7, 18.3.1) / build",2026-10-02T09:10:44Z,2026-10-02T09:24:03Z,14,linux_16_core,0.026,0.364,ubuntu-latest-16-core-arm-oss
36987774573,131706,build-and-test,push,unstubbable,User,human,110777030136,"test turbopack production (5/7, 18.3.1) / build",2026-10-02T09:11:58Z,2026-10-02T09:25:08Z,14,linux_16_core,0.026,0.364,ubuntu-latest-16-core-arm-oss
36987774573,131706,build-and-test,push,unstubbable,User,human,110777030142,"test turbopack production (6/7, 18.3.1) / build",2026-10-02T09:12:19Z,2026-10-02T09:28:57Z,17,linux_16_core,0.026,0.442,ubuntu-latest-16-core-arm-oss
36987774573,131706,build-and-test,push,unstubbable,User,human,110777030197,"test turbopack production (1/7, 18.3.1) / build",2026-10-02T09:10:51Z,2026-10-02T09:22:08Z,12,linux_16_core,0.026,0.312,ubuntu-latest-16-core-arm-oss
36987774573,131706,build-and-test,push,unstubbable,User,human,110777030199,Test new and changed tests for flakes (dev) (3/5) / build,2026-10-02T09:10:53Z,2026-10-02T09:11:39Z,1,linux_16_core,0.026,0.026,ubuntu-latest-16-core-arm-oss
36987774573,131706,build-and-test,push,unstubbable,User,human,110777030229,Test new and changed tests for flakes (dev) (2/5) / build,2026-10-02T09:11:53Z,2026-10-02T09:12:34Z,1,linux_16_core,0.026,0.026,ubuntu-latest-16-core-arm-oss
36987774573,131706,build-and-test,push,unstubbable,User,human,110777030241,Test new and changed tests for flakes (dev) (5/5) / build,2026-10-02T09:11:49Z,2026-10-02T09:12:31Z,1,linux_16_core,0.026,0.026,ubuntu-latest-16-core-arm-oss
36987774573,131706,build-and-test,push,unstubbable,User,human,110777030255,Test new and changed tests for flakes (dev) (1/5) / build,2026-10-02T09:11:55Z,2026-10-02T09:12:35Z,1,linux_16_core,0.026,0.026,ubuntu-latest-16-core-arm-oss
36987774573,131706,build-and-test,push,unstubbable,User,human,110777030342,"test prod (5/10, 18.3.1) / build",2026-10-02T09:11:27Z,2026-10-02T09:28:00Z,17,linux_16_core,0.026,0.442,ubuntu-latest-16-core-arm-oss
36987774573,131706,build-and-test,push,unstubbable,User,human,110777030379,"test prod (8/10, 18.3.1) / build",2026-10-02T09:12:11Z,2026-10-02T09:27:37Z,16,linux_16_core,0.026,0.416,ubuntu-latest-16-core-arm-oss
36987774573,131706,build-and-test,push,unstubbable,User,human,110777030386,Test new and changed tests for flakes (dev) (4/5) / build,2026-10-02T09:13:07Z,2026-10-02T09:13:49Z,1,linux_16_core,0.026,0.026,ubuntu-latest-16-core-arm-oss
36987774573,131706,build-and-test,push,unstubbable,User,human,110777030404,"test prod (7/10, 18.3.1) / build",2026-10-02T09:18:02Z,2026-10-02T09:29:26Z,12,linux_16_core,0.026,0.312,ubuntu-latest-16-core-arm-oss
36987774573,131706,build-and-test,push,unstubbable,User,human,110777030410,"test prod (6/10, 18.3.1) / build",2026-10-02T09:12:43Z,2026-10-02T09:27:34Z,15,linux_16_core,0.026,0.38999999999999996,ubuntu-latest-16-core-arm-oss
36987774573,131706,build-and-test,push,unstubbable,User,human,110777030436,Test new and changed tests for flakes (prod) (3/5) / build,2026-10-02T09:12:42Z,2026-10-02T09:13:24Z,1,linux_16_core,0.026,0.026,ubuntu-latest-16-core-arm-oss
36987774573,131706,build-and-test,push,unstubbable,User,human,110777030440,"test prod (10/10, 18.3.1) / build",2026-10-02T09:12:42Z,2026-10-02T09:26:58Z,15,linux_16_core,0.026,0.38999999999999996,ubuntu-latest-16-core-arm-oss
36987774573,131706,build-and-test,push,unstubbable,User,human,110777030441,"test prod (3/10, 18.3.1) / build",2026-10-02T09:13:08Z,2026-10-02T09:29:28Z,17,linux_16_core,0.026,0.442,ubuntu-latest-16-core-arm-oss
36987774573,131706,build-and-test,push,unstubbable,User,human,110777030455,"test prod (4/10, 18.3.1) / build",2026-10-02T09:13:13Z,2026-10-02T09:26:39Z,14,linux_16_core,0.026,0.364,ubuntu-latest-16-core-arm-oss
36987774573,131706,build-and-test,push,unstubbable,User,human,110777030502,"test prod (9/10, 18.3.1) / build",2026-10-02T09:13:07Z,2026-10-02T09:25:59Z,13,linux_16_core,0.026,0.33799999999999997,ubuntu-latest-16-core-arm-oss
36987774573,131706,build-and-test,push,unstubbable,User,human,110777030515,Test new and changed tests for flakes (prod) (2/5) / build,2026-10-02T09:12:37Z,2026-10-02T09:13:18Z,1,linux_16_core,0.026,0.026,ubuntu-latest-16-core-arm-oss
36987774573,131706,build-and-test,push,unstubbable,User,human,110777030631,"test prod (1/10, 18.3.1) / build",2026-10-02T09:13:13Z,2026-10-02T09:26:53Z,14,linux_16_core,0.026,0.364,ubuntu-latest-16-core-arm-oss
36987774573,131706,build-and-test,push,unstubbable,User,human,110777030676,Test new and changed tests for flakes (prod) (5/5) / build,2026-10-02T09:13:07Z,2026-10-02T09:13:44Z,1,linux_16_core,0.026,0.026,ubuntu-latest-16-core-arm-oss
36987774573,131706,build-and-test,push,unstubbable,User,human,110777030689,"test prod (2/10, 18.3.1) / build",2026-10-02T09:13:21Z,2026-10-02T09:27:54Z,15,linux_16_core,0.026,0.38999999999999996,ubuntu-latest-16-core-arm-oss
36987774573,131706,build-and-test,push,unstubbable,User,human,110777030721,Test new and changed tests for flakes (prod) (4/5) / build,2026-10-02T09:13:12Z,2026-10-02T09:13:51Z,1,linux_16_core,0.026,0.026,ubuntu-latest-16-core-arm-oss
36987774573,131706,build-and-test,push,unstubbable,User,human,110777030818,Test new and changed tests for flakes (prod) (1/5) / build,2026-10-02T09:13:51Z,2026-10-02T09:15:26Z,2,linux_16_core,0.026,0.052,ubuntu-latest-16-core-arm-oss
36987774573,131706,build-and-test,push,unstubbable,User,human,110777030825,test cache components dev (6/6) / build,2026-10-02T09:13:13Z,2026-10-02T09:20:52Z,8,linux_16_core,0.026,0.208,ubuntu-latest-16-core-arm-oss
36987774573,131706,build-and-test,push,unstubbable,User,human,110777030835,test cache components dev (2/6) / build,2026-10-02T09:13:20Z,2026-10-02T09:21:15Z,8,linux_16_core,0.026,0.208,ubuntu-latest-16-core-arm-oss
36987774573,131706,build-and-test,push,unstubbable,User,human,110777030837,test cache components dev (3/6) / build,2026-10-02T09:13:15Z,2026-10-02T09:19:39Z,7,linux_16_core,0.026,0.182,ubuntu-latest-16-core-arm-oss
36987774573,131706,build-and-test,push,unstubbable,User,human,110777030875,test cache components dev (4/6) / build,2026-10-02T09:13:13Z,2026-10-02T09:20:24Z,8,linux_16_core,0.026,0.208,ubuntu-latest-16-core-arm-oss
36987774573,131706,build-and-test,push,unstubbable,User,human,110777030935,test cache components dev (1/6) / build,2026-10-02T09:13:21Z,2026-10-02T09:20:54Z,8,linux_16_core,0.026,0.208,ubuntu-latest-16-core-arm-oss
36987774573,131706,build-and-test,push,unstubbable,User,human,110777030958,test cache components dev (5/6) / build,2026-10-02T09:13:39Z,2026-10-02T09:30:22Z,17,linux_16_core,0.026,0.442,ubuntu-latest-16-core-arm-oss
36987774573,131706,build-and-test,push,unstubbable,User,human,110777031008,"Run devlow benchmarks (-F turbopack=true, --scenario=heavy-npm-deps-dev -F page=homepage) / build",2026-10-02T09:13:21Z,2026-10-02T09:15:33Z,3,linux_16_core,0.026,0.078,ubuntu-latest-16-core-arm-oss
36987774573,131706,build-and-test,push,unstubbable,User,human,110777031040,"Run devlow benchmarks (-F turbopack=true, --scenario=heavy-npm-deps-build-turbo-cache-enabled -F ... / build",2026-10-02T09:13:46Z,2026-10-02T09:16:02Z,3,linux_16_core,0.026,0.078,ubuntu-latest-16-core-arm-oss
36987774573,131706,build-and-test,push,unstubbable,User,human,110777031083,"Run devlow benchmarks (-F turbopack=false, --scenario=heavy-npm-deps-dev -F page=homepage) / build",2026-10-02T09:13:24Z,2026-10-02T09:16:53Z,4,linux_16_core,0.026,0.104,ubuntu-latest-16-core-arm-oss
36987774573,131706,build-and-test,push,unstubbable,User,human,110777031121,"Run devlow benchmarks (-F turbopack=false, --scenario=heavy-npm-deps-build -F page=homepage) / build",2026-10-02T09:13:51Z,2026-10-02T09:19:51Z,6,linux_16_core,0.026,0.156,ubuntu-latest-16-core-arm-oss
36987774573,131706,build-and-test,push,unstubbable,User,human,110777031143,"Run devlow benchmarks (-F turbopack=true, --scenario=heavy-npm-deps-build -F page=homepage) / build",2026-10-02T09:13:51Z,2026-10-02T09:17:55Z,5,linux_16_core,0.026,0.13,ubuntu-latest-16-core-arm-oss
36987774573,131706,build-and-test,push,unstubbable,User,human,110777031151,test unit (22) / build,2026-10-02T09:13:17Z,2026-10-02T09:15:26Z,3,linux_16_core,0.026,0.078,ubuntu-latest-16-core-arm-oss
36987774573,131706,build-and-test,push,unstubbable,User,human,110777031181,test unit (20) / build,2026-10-02T09:13:48Z,2026-10-02T09:15:55Z,3,linux_16_core,0.026,0.078,ubuntu-latest-16-core-arm-oss
36987774573,131706,build-and-test,push,unstubbable,User,human,110777031198,"Run devlow benchmarks (-F turbopack=false, --scenario=heavy-npm-deps-build-turbo-cache-enabled -F... / build",2026-10-02T09:13:41Z,2026-10-02T09:18:11Z,5,linux_16_core,0.026,0.13,ubuntu-latest-16-core-arm-oss
36987774573,131706,build-and-test,push,unstubbable,User,human,110777031260,test cache components prod (1/7) / build,2026-10-02T09:13:26Z,2026-10-02T09:20:53Z,8,linux_16_core,0.026,0.208,ubuntu-latest-16-core-arm-oss
36987774573,131706,build-and-test,push,unstubbable,User,human,110777031302,test cache components prod (7/7) / build,2026-10-02T09:13:43Z,2026-10-02T09:20:12Z,7,linux_16_core,0.026,0.182,ubuntu-latest-16-core-arm-oss
36987774573,131706,build-and-test,push,unstubbable,User,human,110777031392,test cache components prod (3/7) / build,2026-10-02T09:13:53Z,2026-10-02T09:21:07Z,8,linux_16_core,0.026,0.208,ubuntu-latest-16-core-arm-oss
36987774573,131706,build-and-test,push,unstubbable,User,human,110777031440,test cache components prod (2/7) / build,2026-10-02T09:13:55Z,2026-10-02T09:20:51Z,7,linux_16_core,0.026,0.182,ubuntu-latest-16-core-arm-oss
36987774573,131706,build-and-test,push,unstubbable,User,human,110777031449,test cache components prod (4/7) / build,2026-10-02T09:14:02Z,2026-10-02T09:24:22Z,11,linux_16_core,0.026,0.286,ubuntu-latest-16-core-arm-oss
36987774573,131706,build-and-test,push,unstubbable,User,human,110777031538,test cache components prod (5/7) / build,2026-10-02T09:14:13Z,2026-10-02T09:21:34Z,8,linux_16_core,0.026,0.208,ubuntu-latest-16-core-arm-oss
36987774573,131706,build-and-test,push,unstubbable,User,human,110777031614,test next-config-ts-native-ts prod (22) / build,2026-10-02T09:15:00Z,2026-10-02T09:17:05Z,3,linux_16_core,0.026,0.078,ubuntu-latest-16-core-arm-oss
36987774573,131706,build-and-test,push,unstubbable,User,human,110777031635,test cache components prod (6/7) / build,2026-10-02T09:14:13Z,2026-10-02T09:27:50Z,14,linux_16_core,0.026,0.364,ubuntu-latest-16-core-arm-oss
36987774573,131706,build-and-test,push,unstubbable,User,human,110777031729,test next-config-ts-native-ts prod (24.15.0) / build,2026-10-02T09:14:27Z,2026-10-02T09:16:36Z,3,linux_16_core,0.026,0.078,ubuntu-latest-16-core-arm-oss
36987774573,131706,build-and-test,push,unstubbable,User,human,110777031758,test next-config-ts-native-ts dev (22) / build,2026-10-02T09:14:27Z,2026-10-02T09:16:08Z,2,linux_16_core,0.026,0.052,ubuntu-latest-16-core-arm-oss
36987774573,131706,build-and-test,push,unstubbable,User,human,110777031849,"test dev (9/10, 18.3.1) / build",2026-10-02T09:14:33Z,2026-10-02T09:23:41Z,10,linux_16_core,0.026,0.26,ubuntu-latest-16-core-arm-oss
36987774573,131706,build-and-test,push,unstubbable,User,human,110777031889,test next-config-ts-native-ts dev (24.15.0) / build,2026-10-02T09:14:34Z,2026-10-02T09:16:04Z,2,linux_16_core,0.026,0.052,ubuntu-latest-16-core-arm-oss
36987774573,131706,build-and-test,push,unstubbable,User,human,110777031892,"test dev (5/10, 18.3.1) / build",2026-10-02T09:14:41Z,2026-10-02T09:25:26Z,11,linux_16_core,0.026,0.286,ubuntu-latest-16-core-arm-oss
36987774573,131706,build-and-test,push,unstubbable,User,human,110777031952,"test dev (1/10, 18.3.1) / build",2026-10-02T09:14:39Z,2026-10-02T09:25:18Z,11,linux_16_core,0.026,0.286,ubuntu-latest-16-core-arm-oss
36987774573,131706,build-and-test,push,unstubbable,User,human,110777031966,"test dev (7/10, 18.3.1) / build",2026-10-02T09:14:57Z,2026-10-02T09:27:35Z,13,linux_16_core,0.026,0.33799999999999997,ubuntu-latest-16-core-arm-oss
36987774573,131706,build-and-test,push,unstubbable,User,human,110777032045,"test dev (2/10, 18.3.1) / build",2026-10-02T09:14:49Z,2026-10-02T09:27:21Z,13,linux_16_core,0.026,0.33799999999999997,ubuntu-latest-16-core-arm-oss
36987774573,131706,build-and-test,push,unstubbable,User,human,110777032110,"test dev (6/10, 18.3.1) / build",2026-10-02T09:14:58Z,2026-10-02T09:24:54Z,10,linux_16_core,0.026,0.26,ubuntu-latest-16-core-arm-oss
36987774573,131706,build-and-test,push,unstubbable,User,human,110777032128,"test dev (10/10, 18.3.1) / build",2026-10-02T09:14:42Z,2026-10-02T09:22:54Z,9,linux_16_core,0.026,0.23399999999999999,ubuntu-latest-16-core-arm-oss
36987774573,131706,build-and-test,push,unstubbable,User,human,110777032150,"test dev (4/10, 18.3.1) / build",2026-10-02T09:14:44Z,2026-10-02T09:25:16Z,11,linux_16_core,0.026,0.286,ubuntu-latest-16-core-arm-oss
36987774573,131706,build-and-test,push,unstubbable,User,human,110777032196,"test dev (3/10, 18.3.1) / build",2026-10-02T09:14:59Z,2026-10-02T09:24:37Z,10,linux_16_core,0.026,0.26,ubuntu-latest-16-core-arm-oss
36987774573,131706,build-and-test,push,unstubbable,User,human,110777032201,"test dev (8/10, 18.3.1) / build",2026-10-02T09:14:46Z,2026-10-02T09:26:40Z,12,linux_16_core,0.026,0.312,ubuntu-latest-16-core-arm-oss
36987774573,131706,build-and-test,push,unstubbable,User,human,110777123199,test integration windows / build,2026-10-02T09:09:07Z,2026-10-02T09:18:11Z,10,windows_8_core,0.042,0.42000000000000004,windows-latest-8-core-oss
36987774573,131706,build-and-test,push,unstubbable,User,human,110777123293,test prod windows / build,2026-10-02T09:09:14Z,2026-10-02T09:16:28Z,8,windows_8_core,0.042,0.336,windows-latest-8-core-oss
36987774573,131706,build-and-test,push,unstubbable,User,human,110777123518,test dev windows / build,2026-10-02T09:10:17Z,2026-10-02T09:15:51Z,6,windows_8_core,0.042,0.252,windows-latest-8-core-oss
36987774573,131706,build-and-test,push,unstubbable,User,human,110777123570,test unit windows (22) / build,2026-10-02T09:09:57Z,2026-10-02T09:17:31Z,8,windows_8_core,0.042,0.336,windows-latest-8-core-oss
36987774573,131706,build-and-test,push,unstubbable,User,human,110777123630,test unit windows (20) / build,2026-10-02T09:08:13Z,2026-10-02T09:14:18Z,7,windows_8_core,0.042,0.29400000000000004,windows-latest-8-core-oss
36987774573,131706,build-and-test,push,unstubbable,User,human,110784094194,Test new and changed tests when deployed (3/5) / build,2026-10-02T09:29:56Z,2026-10-02T09:30:38Z,1,linux_16_core,0.026,0.026,ubuntu-latest-16-core-arm-oss
36987774573,131706,build-and-test,push,unstubbable,User,human,110784094305,Test new and changed tests when deployed (2/5) / build,2026-10-02T09:30:04Z,2026-10-02T09:30:44Z,1,linux_16_core,0.026,0.026,ubuntu-latest-16-core-arm-oss
36987774573,131706,build-and-test,push,unstubbable,User,human,110784094316,Test new and changed tests when deployed (4/5) / build,2026-10-02T09:30:30Z,2026-10-02T09:31:15Z,1,linux_16_core,0.026,0.026,ubuntu-latest-16-core-arm-oss
36987774573,131706,build-and-test,push,unstubbable,User,human,110784094364,Test new and changed tests when deployed (1/5) / build,2026-10-02T09:29:56Z,2026-10-02T09:30:42Z,1,linux_16_core,0.026,0.026,ubuntu-latest-16-core-arm-oss
36987774573,131706,build-and-test,push,unstubbable,User,human,110784094376,Test new and changed tests when deployed (5/5) / build,2026-10-02T09:29:56Z,2026-10-02T09:30:34Z,1,linux_16_core,0.026,0.026,ubuntu-latest-16-core-arm-oss
36987774573,131706,build-and-test,push,unstubbable,User,human,110784094389,Test new and changed tests when deployed (cache components) (2/5) / build,2026-10-02T09:29:56Z,2026-10-02T09:30:35Z,1,linux_16_core,0.026,0.026,ubuntu-latest-16-core-arm-oss
36987774573,131706,build-and-test,push,unstubbable,User,human,110784094401,Test new and changed tests when deployed (cache components) (5/5) / build,2026-10-02T09:30:09Z,2026-10-02T09:30:50Z,1,linux_16_core,0.026,0.026,ubuntu-latest-16-core-arm-oss
36987774573,131706,build-and-test,push,unstubbable,User,human,110784094415,Test new and changed tests when deployed (cache components) (1/5) / build,2026-10-02T09:29:56Z,2026-10-02T09:30:41Z,1,linux_16_core,0.026,0.026,ubuntu-latest-16-core-arm-oss
36987774573,131706,build-and-test,push,unstubbable,User,human,110784094532,Test new and changed tests when deployed (cache components) (3/5) / build,2026-10-02T09:30:12Z,2026-10-02T09:30:56Z,1,linux_16_core,0.026,0.026,ubuntu-latest-16-core-arm-oss
36987774573,131706,build-and-test,push,unstubbable,User,human,110784094604,Test new and changed tests when deployed (cache components) (4/5) / build,2026-10-02T09:30:06Z,2026-10-02T09:30:48Z,1,linux_16_core,0.026,0.026,ubuntu-latest-16-core-arm-oss
36987774573,131706,build-and-test,push,unstubbable,User,human,110784529687,"thank you, next",2026-10-02T09:31:17Z,2026-10-02T09:31:22Z,1,actions_linux,0.006,0.006,ubuntu-latest
36987773967,148122,build-and-deploy,push,unstubbable,User,human,110776615507,deploy-target,2026-10-02T09:05:32Z,2026-10-02T09:05:48Z,1,actions_linux,0.006,0.006,ubuntu-latest
36987773967,148122,build-and-deploy,push,unstubbable,User,human,110776712642,build-wasm (web),2026-10-02T09:05:50Z,2026-10-02T09:06:24Z,1,linux_16_core,0.042,0.042,ubuntu-latest-16-core-oss
36987773967,148122,build-and-deploy,push,unstubbable,User,human,110776712675,generate-native-matrix,2026-10-02T09:05:50Z,2026-10-02T09:05:53Z,1,actions_linux,0.006,0.006,ubuntu-latest
36987773967,148122,build-and-deploy,push,unstubbable,User,human,110776712685,build,2026-10-02T09:05:51Z,2026-10-02T09:08:58Z,4,actions_linux,0.006,0.024,ubuntu-latest
36987773967,148122,build-and-deploy,push,unstubbable,User,human,110776712741,build-wasm (nodejs),2026-10-02T09:05:51Z,2026-10-02T09:06:27Z,1,linux_16_core,0.042,0.042,ubuntu-latest-16-core-oss
36987773967,148122,build-and-deploy,push,unstubbable,User,human,110776736937,stable - x86_64-unknown-linux-gnu - node@20,2026-10-02T09:05:56Z,2026-10-02T09:11:16Z,6,linux_16_core,0.042,0.252,ubuntu-latest-16-core-oss
36987773967,148122,build-and-deploy,push,unstubbable,User,human,110776736945,stable - aarch64-apple-darwin - node@20,2026-10-02T09:06:02Z,2026-10-02T09:25:45Z,20,actions_macos,0.062,1.24,macos-15
36987773967,148122,build-and-deploy,push,unstubbable,User,human,110776736960,stable - x86_64-pc-windows-msvc - node@20,2026-10-02T09:07:35Z,2026-10-02T09:22:13Z,15,windows_8_core,0.042,0.63,windows-latest-8-core-oss
36987773967,148122,build-and-deploy,push,unstubbable,User,human,110776736987,stable - aarch64-unknown-linux-musl - node@20,2026-10-02T09:05:56Z,2026-10-02T09:12:56Z,7,linux_16_core,0.042,0.29400000000000004,ubuntu-latest-16-core-oss
36987773967,148122,build-and-deploy,push,unstubbable,User,human,110776736989,stable - x86_64-apple-darwin - node@20,2026-10-02T09:06:00Z,2026-10-02T09:25:16Z,20,actions_macos,0.062,1.24,macos-15
36987773967,148122,build-and-deploy,push,unstubbable,User,human,110776737009,stable - x86_64-unknown-linux-musl - node@20,2026-10-02T09:05:55Z,2026-10-02T09:11:36Z,6,linux_16_core,0.042,0.252,ubuntu-latest-16-core-oss
36987773967,148122,build-and-deploy,push,unstubbable,User,human,110776737036,stable - aarch64-pc-windows-msvc - node@20,2026-10-02T09:05:56Z,2026-10-02T09:23:27Z,18,windows_8_core,0.042,0.756,windows-latest-8-core-oss
36987773967,148122,build-and-deploy,push,unstubbable,User,human,110776737047,stable - aarch64-unknown-linux-gnu - node@20,2026-10-02T09:05:56Z,2026-10-02T09:13:11Z,8,linux_16_core,0.042,0.336,ubuntu-latest-16-core-oss
36987773967,148122,build-and-deploy,push,unstubbable,User,human,110782820653,Prepare preview tarball,2026-10-02T09:25:47Z,2026-10-02T09:28:57Z,4,actions_linux,0.006,0.024,ubuntu-latest
36987773967,148122,build-and-deploy,push,unstubbable,User,human,110782820697,"thank you, build",2026-10-02T09:25:47Z,2026-10-02T09:25:49Z,1,actions_linux,0.006,0.006,ubuntu-latest
36987773967,148122,build-and-deploy,push,unstubbable,User,human,110782821060,Upload Turbopack Bytesize metrics to Datadog,2026-10-02T09:25:48Z,2026-10-02T09:25:57Z,1,actions_linux,0.006,0.006,ubuntu-latest
36987773967,148122,build-and-deploy,push,unstubbable,User,human,110782822581,Potentially publish release,2026-10-02T09:25:46Z,2026-10-02T09:25:45Z,1,actions_linux,0.006,0.006,ubuntu-latest
36987773967,148122,build-and-deploy,push,unstubbable,User,human,110782822905,report publish failure to slack,2026-10-02T09:25:46Z,2026-10-02T09:25:45Z,1,actions_linux,0.006,0.006,ubuntu-latest
36987369935,3960,Allow issue participants to reopen issues,issue_comment,vercel-fleet-prod[bot],Bot,bot,110775398532,Handle issue reopening,2026-10-02T09:01:29Z,2026-10-02T09:01:18Z,1,actions_linux,0.006,0.006,ubuntu-latest
36987369910,88611,Triage issues,issue_comment,vercel-fleet-prod[bot],Bot,bot,110775345161,Nissuer,2026-10-02T09:01:20Z,2026-10-02T09:01:34Z,1,actions_linux,0.006,0.006,ubuntu-latest
36987181699,10069,Poll React Sync,schedule,eps1lon,User,human,110774767766,poll,2026-10-02T08:59:26Z,2026-10-02T08:59:33Z,1,actions_linux,0.006,0.006,ubuntu-latest
36987161400,78022,PR CI Comment,workflow_run,sokra,User,human,110774701115,Comment on PR,2026-10-02T08:59:13Z,2026-10-02T08:59:25Z,1,actions_linux,0.006,0.006,ubuntu-latest
36987158067,131705,build-and-test,pull_request,sokra,User,human,110774693995,Upload PR CI metadata,2026-10-02T08:59:12Z,2026-10-02T08:59:15Z,1,actions_linux,0.006,0.006,ubuntu-latest
36987158067,131705,build-and-test,pull_request,sokra,User,human,110774694420,optimize-ci / PR Stack CI Gate,2026-10-02T08:59:12Z,2026-10-02T08:59:17Z,1,actions_linux,0.006,0.006,ubuntu-latest
36987158067,131705,build-and-test,pull_request,sokra,User,human,110774732048,Determine changes,2026-10-02T08:59:19Z,2026-10-02T08:59:31Z,1,actions_linux,0.006,0.006,ubuntu-latest
36987158067,131705,build-and-test,pull_request,sokra,User,human,110774732188,validate-docs-links,2026-10-02T08:59:20Z,2026-10-02T08:59:43Z,1,actions_linux,0.006,0.006,ubuntu-latest
36987158067,131705,build-and-test,pull_request,sokra,User,human,110774732215,build-next / build,2026-10-02T08:59:21Z,2026-10-02T09:00:07Z,1,linux_16_core,0.026,0.026,ubuntu-latest-16-core-arm-oss
36987158067,131705,build-and-test,pull_request,sokra,User,human,110774801802,Wait for preview tarball,2026-10-02T08:59:33Z,2026-10-02T09:11:02Z,12,actions_linux,0.006,0.07200000000000001,ubuntu-latest
36987158067,131705,build-and-test,pull_request,sokra,User,human,110774801828,fetch test timings,2026-10-02T08:59:34Z,2026-10-02T09:00:21Z,1,actions_linux,0.006,0.006,ubuntu-latest
36987158067,131705,build-and-test,pull_request,sokra,User,human,110774801865,test devlow package / build,2026-10-02T08:59:34Z,2026-10-02T09:00:16Z,1,linux_16_core,0.026,0.026,ubuntu-latest-16-core-arm-oss
36987158067,131705,build-and-test,pull_request,sokra,User,human,110774801906,build-native-windows / build,2026-10-02T08:59:34Z,2026-10-02T09:15:46Z,17,windows_8_core,0.042,0.7140000000000001,windows-latest-8-core-oss
36987158067,131705,build-and-test,pull_request,sokra,User,human,110774801970,build-native / build,2026-10-02T08:59:34Z,2026-10-02T09:03:32Z,4,linux_16_core,0.026,0.104,ubuntu-latest-16-core-arm-oss
36987158067,131705,build-and-test,pull_request,sokra,User,human,110774972910,ast-grep lint,2026-10-02T09:00:09Z,2026-10-02T09:00:27Z,1,actions_linux,0.006,0.006,ubuntu-latest
36987158067,131705,build-and-test,pull_request,sokra,User,human,110774972952,lint / build,2026-10-02T09:00:09Z,2026-10-02T09:05:04Z,5,linux_16_core,0.026,0.13,ubuntu-latest-16-core-arm-oss
36987158067,131705,build-and-test,pull_request,sokra,User,human,110774973077,rustdoc check / build,2026-10-02T09:00:09Z,2026-10-02T09:02:18Z,3,linux_16_core,0.026,0.078,ubuntu-latest-16-core-arm-oss
36987158067,131705,build-and-test,pull_request,sokra,User,human,110774973078,rust check / build,2026-10-02T09:00:10Z,2026-10-02T09:04:55Z,5,linux_16_core,0.026,0.13,ubuntu-latest-16-core-arm-oss
36987158067,131705,build-and-test,pull_request,sokra,User,human,110774973106,test cargo unit / build,2026-10-02T09:01:14Z,2026-10-02T09:11:16Z,11,linux_16_core,0.042,0.462,ubuntu-latest-16-core-oss
36987158067,131705,build-and-test,pull_request,sokra,User,human,110774973111,test cargo benches / Test,2026-10-02T09:01:12Z,2026-10-02T09:07:28Z,7,linux_16_core,0.042,0.29400000000000004,ubuntu-latest-16-core-oss
36987158067,131705,build-and-test,pull_request,sokra,User,human,110774973140,test cargo unit (miri) / build,2026-10-02T09:00:10Z,2026-10-02T09:08:39Z,9,linux_16_core,0.026,0.23399999999999999,ubuntu-latest-16-core-arm-oss
36987158067,131705,build-and-test,pull_request,sokra,User,human,110774973164,test next-swc wasm / build,2026-10-02T09:00:10Z,2026-10-02T09:04:33Z,5,linux_16_core,0.026,0.13,ubuntu-latest-16-core-arm-oss
36987158067,131705,build-and-test,pull_request,sokra,User,human,110774973187,test next-swc wasi / build,2026-10-02T09:00:10Z,2026-10-02T09:04:07Z,4,linux_16_core,0.026,0.104,ubuntu-latest-16-core-arm-oss
36987158067,131705,build-and-test,pull_request,sokra,User,human,110776012149,types and precompiled / build,2026-10-02T09:04:45Z,2026-10-02T09:06:47Z,3,linux_16_core,0.026,0.078,ubuntu-latest-16-core-arm-oss
36987158067,131705,build-and-test,pull_request,sokra,User,human,110776012715,test rspack production,2026-10-02T09:03:32Z,2026-10-02T09:03:32Z,1,actions_linux,0.006,0.006,
36987158067,131705,build-and-test,pull_request,sokra,User,human,110776012839,Run devlow benchmarks,2026-10-02T09:03:32Z,2026-10-02T09:03:32Z,1,actions_linux,0.006,0.006,
36987158067,131705,build-and-test,pull_request,sokra,User,human,110776012854,test rspack dev,2026-10-02T09:03:32Z,2026-10-02T09:03:32Z,1,actions_linux,0.006,0.006,
36987158067,131705,build-and-test,pull_request,sokra,User,human,110776013368,test firefox and safari / build,2026-10-02T09:04:45Z,2026-10-02T09:09:44Z,5,linux_16_core,0.026,0.13,ubuntu-latest-16-core-arm-oss
36987158067,131705,build-and-test,pull_request,sokra,User,human,110776013851,test turbopack dev (4/7) / build,2026-10-02T09:04:46Z,2026-10-02T09:15:48Z,12,linux_16_core,0.026,0.312,ubuntu-latest-16-core-arm-oss
36987158067,131705,build-and-test,pull_request,sokra,User,human,110776013867,test turbopack dev (5/7) / build,2026-10-02T09:04:45Z,2026-10-02T09:14:25Z,10,linux_16_core,0.026,0.26,ubuntu-latest-16-core-arm-oss
36987158067,131705,build-and-test,pull_request,sokra,User,human,110776013891,test turbopack dev (1/7) / build,2026-10-02T09:04:45Z,2026-10-02T09:23:24Z,19,linux_16_core,0.026,0.494,ubuntu-latest-16-core-arm-oss
36987158067,131705,build-and-test,pull_request,sokra,User,human,110776013938,test turbopack dev (3/7) / build,2026-10-02T09:04:51Z,2026-10-02T09:15:27Z,11,linux_16_core,0.026,0.286,ubuntu-latest-16-core-arm-oss
36987158067,131705,build-and-test,pull_request,sokra,User,human,110776013961,test turbopack production (3/7) / build,2026-10-02T09:04:46Z,2026-10-02T09:16:38Z,12,linux_16_core,0.026,0.312,ubuntu-latest-16-core-arm-oss
36987158067,131705,build-and-test,pull_request,sokra,User,human,110776014005,test turbopack production (4/7) / build,2026-10-02T09:04:47Z,2026-10-02T09:17:33Z,13,linux_16_core,0.026,0.33799999999999997,ubuntu-latest-16-core-arm-oss
36987158067,131705,build-and-test,pull_request,sokra,User,human,110776014027,test turbopack production (2/7) / build,2026-10-02T09:04:51Z,2026-10-02T09:18:13Z,14,linux_16_core,0.026,0.364,ubuntu-latest-16-core-arm-oss
36987158067,131705,build-and-test,pull_request,sokra,User,human,110776014037,test turbopack dev (2/7) / build,2026-10-02T09:04:45Z,2026-10-02T09:16:44Z,12,linux_16_core,0.026,0.312,ubuntu-latest-16-core-arm-oss
36987158067,131705,build-and-test,pull_request,sokra,User,human,110776014070,test turbopack production (7/7) / build,2026-10-02T09:04:51Z,2026-10-02T09:17:48Z,13,linux_16_core,0.026,0.33799999999999997,ubuntu-latest-16-core-arm-oss
36987158067,131705,build-and-test,pull_request,sokra,User,human,110776014086,test turbopack dev (6/7) / build,2026-10-02T09:04:51Z,2026-10-02T09:14:31Z,10,linux_16_core,0.026,0.26,ubuntu-latest-16-core-arm-oss
36987158067,131705,build-and-test,pull_request,sokra,User,human,110776014147,test turbopack production (5/7) / build,2026-10-02T09:04:47Z,2026-10-02T09:17:52Z,14,linux_16_core,0.026,0.364,ubuntu-latest-16-core-arm-oss
36987158067,131705,build-and-test,pull_request,sokra,User,human,110776014226,test turbopack dev (7/7) / build,2026-10-02T09:04:53Z,2026-10-02T09:16:00Z,12,linux_16_core,0.026,0.312,ubuntu-latest-16-core-arm-oss
36987158067,131705,build-and-test,pull_request,sokra,User,human,110776014227,test turbopack production (6/7) / build,2026-10-02T09:04:51Z,2026-10-02T09:22:23Z,18,linux_16_core,0.026,0.46799999999999997,ubuntu-latest-16-core-arm-oss
36987158067,131705,build-and-test,pull_request,sokra,User,human,110776014245,test turbopack production (1/7) / build,2026-10-02T09:04:53Z,2026-10-02T09:16:18Z,12,linux_16_core,0.026,0.312,ubuntu-latest-16-core-arm-oss
36987158067,131705,build-and-test,pull_request,sokra,User,human,110776014365,test next-config-ts-native-ts dev (24.15.0) / build,2026-10-02T09:04:53Z,2026-10-02T09:06:22Z,2,linux_16_core,0.026,0.052,ubuntu-latest-16-core-arm-oss
36987158067,131705,build-and-test,pull_request,sokra,User,human,110776014366,test cache components prod (1/7) / build,2026-10-02T09:04:53Z,2026-10-02T09:12:20Z,8,linux_16_core,0.026,0.208,ubuntu-latest-16-core-arm-oss
36987158067,131705,build-and-test,pull_request,sokra,User,human,110776014389,test next-config-ts-native-ts dev (22) / build,2026-10-02T09:04:57Z,2026-10-02T09:06:25Z,2,linux_16_core,0.026,0.052,ubuntu-latest-16-core-arm-oss
36987158067,131705,build-and-test,pull_request,sokra,User,human,110776014426,test cache components prod (7/7) / build,2026-10-02T09:04:53Z,2026-10-02T09:11:31Z,7,linux_16_core,0.026,0.182,ubuntu-latest-16-core-arm-oss
36987158067,131705,build-and-test,pull_request,sokra,User,human,110776014428,test cache components prod (3/7) / build,2026-10-02T09:04:53Z,2026-10-02T09:12:14Z,8,linux_16_core,0.026,0.208,ubuntu-latest-16-core-arm-oss
36987158067,131705,build-and-test,pull_request,sokra,User,human,110776014445,test cache components prod (2/7) / build,2026-10-02T09:04:55Z,2026-10-02T09:11:45Z,7,linux_16_core,0.026,0.182,ubuntu-latest-16-core-arm-oss
36987158067,131705,build-and-test,pull_request,sokra,User,human,110776014478,test cache components prod (4/7) / build,2026-10-02T09:05:28Z,2026-10-02T09:15:35Z,11,linux_16_core,0.026,0.286,ubuntu-latest-16-core-arm-oss
36987158067,131705,build-and-test,pull_request,sokra,User,human,110776014487,test cache components prod (6/7) / build,2026-10-02T09:05:24Z,2026-10-02T09:20:02Z,15,linux_16_core,0.026,0.38999999999999996,ubuntu-latest-16-core-arm-oss
36987158067,131705,build-and-test,pull_request,sokra,User,human,110776014536,test cache components dev (2/6) / build,2026-10-02T09:05:06Z,2026-10-02T09:11:41Z,7,linux_16_core,0.026,0.182,ubuntu-latest-16-core-arm-oss
36987158067,131705,build-and-test,pull_request,sokra,User,human,110776014538,test cache components prod (5/7) / build,2026-10-02T09:05:11Z,2026-10-02T09:12:31Z,8,linux_16_core,0.026,0.208,ubuntu-latest-16-core-arm-oss
36987158067,131705,build-and-test,pull_request,sokra,User,human,110776014597,Test new and changed tests for flakes (dev) (5/5) / build,2026-10-02T09:04:58Z,2026-10-02T09:05:38Z,1,linux_16_core,0.026,0.026,ubuntu-latest-16-core-arm-oss
36987158067,131705,build-and-test,pull_request,sokra,User,human,110776014629,test cache components dev (4/6) / build,2026-10-02T09:05:18Z,2026-10-02T09:12:17Z,7,linux_16_core,0.026,0.182,ubuntu-latest-16-core-arm-oss
36987158067,131705,build-and-test,pull_request,sokra,User,human,110776014638,test cache components dev (3/6) / build,2026-10-02T09:05:40Z,2026-10-02T09:12:11Z,7,linux_16_core,0.026,0.182,ubuntu-latest-16-core-arm-oss
36987158067,131705,build-and-test,pull_request,sokra,User,human,110776014645,test cache components dev (1/6) / build,2026-10-02T09:05:16Z,2026-10-02T09:12:40Z,8,linux_16_core,0.026,0.208,ubuntu-latest-16-core-arm-oss
36987158067,131705,build-and-test,pull_request,sokra,User,human,110776014666,Test new and changed tests for flakes (dev) (2/5) / build,2026-10-02T09:05:25Z,2026-10-02T09:06:08Z,1,linux_16_core,0.026,0.026,ubuntu-latest-16-core-arm-oss
36987158067,131705,build-and-test,pull_request,sokra,User,human,110776014678,Test new and changed tests for flakes (prod) (4/5) / build,2026-10-02T09:05:16Z,2026-10-02T09:05:56Z,1,linux_16_core,0.026,0.026,ubuntu-latest-16-core-arm-oss
36987158067,131705,build-and-test,pull_request,sokra,User,human,110776014756,Test new and changed tests for flakes (dev) (4/5) / build,2026-10-02T09:05:28Z,2026-10-02T09:06:08Z,1,linux_16_core,0.026,0.026,ubuntu-latest-16-core-arm-oss
36987158067,131705,build-and-test,pull_request,sokra,User,human,110776014769,test cache components dev (6/6) / build,2026-10-02T09:05:30Z,2026-10-02T09:13:46Z,9,linux_16_core,0.026,0.23399999999999999,ubuntu-latest-16-core-arm-oss
36987158067,131705,build-and-test,pull_request,sokra,User,human,110776014775,Test new and changed tests for flakes (dev) (1/5) / build,2026-10-02T09:05:32Z,2026-10-02T09:06:15Z,1,linux_16_core,0.026,0.026,ubuntu-latest-16-core-arm-oss
36987158067,131705,build-and-test,pull_request,sokra,User,human,110776014779,Test new and changed tests for flakes (dev) (3/5) / build,2026-10-02T09:06:16Z,2026-10-02T09:06:58Z,1,linux_16_core,0.026,0.026,ubuntu-latest-16-core-arm-oss
36987158067,131705,build-and-test,pull_request,sokra,User,human,110776014794,Test new and changed tests for flakes (prod) (5/5) / build,2026-10-02T09:05:33Z,2026-10-02T09:06:11Z,1,linux_16_core,0.026,0.026,ubuntu-latest-16-core-arm-oss
36987158067,131705,build-and-test,pull_request,sokra,User,human,110776014826,Test new and changed tests for flakes (prod) (1/5) / build,2026-10-02T09:05:31Z,2026-10-02T09:06:15Z,1,linux_16_core,0.026,0.026,ubuntu-latest-16-core-arm-oss
36987158067,131705,build-and-test,pull_request,sokra,User,human,110776014837,test cache components dev (5/6) / build,2026-10-02T09:06:27Z,2026-10-02T09:23:21Z,17,linux_16_core,0.026,0.442,ubuntu-latest-16-core-arm-oss
36987158067,131705,build-and-test,pull_request,sokra,User,human,110776014852,Test new and changed tests for flakes (prod) (3/5) / build,2026-10-02T09:05:30Z,2026-10-02T09:06:12Z,1,linux_16_core,0.026,0.026,ubuntu-latest-16-core-arm-oss
36987158067,131705,build-and-test,pull_request,sokra,User,human,110776014859,test unit (22) / build,2026-10-02T09:08:34Z,2026-10-02T09:10:42Z,3,linux_16_core,0.026,0.078,ubuntu-latest-16-core-arm-oss
36987158067,131705,build-and-test,pull_request,sokra,User,human,110776014894,test unit (20) / build,2026-10-02T09:06:10Z,2026-10-02T09:08:14Z,3,linux_16_core,0.026,0.078,ubuntu-latest-16-core-arm-oss
36987158067,131705,build-and-test,pull_request,sokra,User,human,110776014903,test prod (10/10) / build,2026-10-02T09:05:29Z,2026-10-02T09:20:17Z,15,linux_16_core,0.026,0.38999999999999996,ubuntu-latest-16-core-arm-oss
36987158067,131705,build-and-test,pull_request,sokra,User,human,110776014950,test prod (4/10) / build,2026-10-02T09:06:09Z,2026-10-02T09:19:57Z,14,linux_16_core,0.026,0.364,ubuntu-latest-16-core-arm-oss
36987158067,131705,build-and-test,pull_request,sokra,User,human,110776014954,test prod (1/10) / build,2026-10-02T09:06:48Z,2026-10-02T09:21:03Z,15,linux_16_core,0.026,0.38999999999999996,ubuntu-latest-16-core-arm-oss
36987158067,131705,build-and-test,pull_request,sokra,User,human,110776014962,test prod (3/10) / build,2026-10-02T09:06:18Z,2026-10-02T09:23:06Z,17,linux_16_core,0.026,0.442,ubuntu-latest-16-core-arm-oss
36987158067,131705,build-and-test,pull_request,sokra,User,human,110776014968,test prod (8/10) / build,2026-10-02T09:06:15Z,2026-10-02T09:22:09Z,16,linux_16_core,0.026,0.416,ubuntu-latest-16-core-arm-oss
36987158067,131705,build-and-test,pull_request,sokra,User,human,110776014982,test dev (5/10) / build,2026-10-02T09:06:10Z,2026-10-02T09:18:45Z,13,linux_16_core,0.026,0.33799999999999997,ubuntu-latest-16-core-arm-oss
36987158067,131705,build-and-test,pull_request,sokra,User,human,110776014999,test dev (6/10) / build,2026-10-02T09:05:30Z,2026-10-02T09:15:23Z,10,linux_16_core,0.026,0.26,ubuntu-latest-16-core-arm-oss
36987158067,131705,build-and-test,pull_request,sokra,User,human,110776015002,test dev (2/10) / build,2026-10-02T09:06:23Z,2026-10-02T09:19:06Z,13,linux_16_core,0.026,0.33799999999999997,ubuntu-latest-16-core-arm-oss
36987158067,131705,build-and-test,pull_request,sokra,User,human,110776015037,test prod (2/10) / build,2026-10-02T09:06:51Z,2026-10-02T09:22:18Z,16,linux_16_core,0.026,0.416,ubuntu-latest-16-core-arm-oss
36987158067,131705,build-and-test,pull_request,sokra,User,human,110776015070,test dev (3/10) / build,2026-10-02T09:05:34Z,2026-10-02T09:15:31Z,10,linux_16_core,0.026,0.26,ubuntu-latest-16-core-arm-oss
36987158067,131705,build-and-test,pull_request,sokra,User,human,110776015081,test prod (9/10) / build,2026-10-02T09:07:56Z,2026-10-02T09:19:43Z,12,linux_16_core,0.026,0.312,ubuntu-latest-16-core-arm-oss
36987158067,131705,build-and-test,pull_request,sokra,User,human,110776015092,test prod (6/10) / build,2026-10-02T09:06:53Z,2026-10-02T09:20:57Z,15,linux_16_core,0.026,0.38999999999999996,ubuntu-latest-16-core-arm-oss
36987158067,131705,build-and-test,pull_request,sokra,User,human,110776015135,test dev (10/10) / build,2026-10-02T09:06:48Z,2026-10-02T09:17:12Z,11,linux_16_core,0.026,0.286,ubuntu-latest-16-core-arm-oss
36987158067,131705,build-and-test,pull_request,sokra,User,human,110776015141,test next-config-ts-native-ts prod (22) / build,2026-10-02T09:06:17Z,2026-10-02T09:08:21Z,3,linux_16_core,0.026,0.078,ubuntu-latest-16-core-arm-oss
36987158067,131705,build-and-test,pull_request,sokra,User,human,110776015163,test dev (8/10) / build,2026-10-02T09:08:15Z,2026-10-02T09:19:20Z,12,linux_16_core,0.026,0.312,ubuntu-latest-16-core-arm-oss
36987158067,131705,build-and-test,pull_request,sokra,User,human,110776015168,test next-config-ts-native-ts prod (24.15.0) / build,2026-10-02T09:06:24Z,2026-10-02T09:08:32Z,3,linux_16_core,0.026,0.078,ubuntu-latest-16-core-arm-oss
36987158067,131705,build-and-test,pull_request,sokra,User,human,110776015175,test dev (1/10) / build,2026-10-02T09:06:22Z,2026-10-02T09:16:31Z,11,linux_16_core,0.026,0.286,ubuntu-latest-16-core-arm-oss
36987158067,131705,build-and-test,pull_request,sokra,User,human,110776015179,test dev (7/10) / build,2026-10-02T09:06:58Z,2026-10-02T09:19:35Z,13,linux_16_core,0.026,0.33799999999999997,ubuntu-latest-16-core-arm-oss
36987158067,131705,build-and-test,pull_request,sokra,User,human,110776015190,test prod (7/10) / build,2026-10-02T09:06:49Z,2026-10-02T09:23:29Z,17,linux_16_core,0.026,0.442,ubuntu-latest-16-core-arm-oss
36987158067,131705,build-and-test,pull_request,sokra,User,human,110776015227,test dev (9/10) / build,2026-10-02T09:06:49Z,2026-10-02T09:20:09Z,14,linux_16_core,0.026,0.364,ubuntu-latest-16-core-arm-oss
36987158067,131705,build-and-test,pull_request,sokra,User,human,110776015262,Test new and changed tests for flakes (prod) (2/5) / build,2026-10-02T09:07:00Z,2026-10-02T09:07:41Z,1,linux_16_core,0.026,0.026,ubuntu-latest-16-core-arm-oss
36987158067,131705,build-and-test,pull_request,sokra,User,human,110776015270,test dev (4/10) / build,2026-10-02T09:06:52Z,2026-10-02T09:18:06Z,12,linux_16_core,0.026,0.312,ubuntu-latest-16-core-arm-oss
36987158067,131705,build-and-test,pull_request,sokra,User,human,110776015575,test prod (5/10) / build,2026-10-02T09:09:08Z,2026-10-02T09:26:00Z,17,linux_16_core,0.026,0.442,ubuntu-latest-16-core-arm-oss
36987158067,131705,build-and-test,pull_request,sokra,User,human,110778316710,Test new and changed tests when deployed (1/5) / build,2026-10-02T09:11:27Z,2026-10-02T09:12:12Z,1,linux_16_core,0.026,0.026,ubuntu-latest-16-core-arm-oss
36987158067,131705,build-and-test,pull_request,sokra,User,human,110778316736,Test new and changed tests when deployed (3/5) / build,2026-10-02T09:11:11Z,2026-10-02T09:11:51Z,1,linux_16_core,0.026,0.026,ubuntu-latest-16-core-arm-oss
36987158067,131705,build-and-test,pull_request,sokra,User,human,110778316792,Test new and changed tests when deployed (5/5) / build,2026-10-02T09:12:12Z,2026-10-02T09:12:51Z,1,linux_16_core,0.026,0.026,ubuntu-latest-16-core-arm-oss
36987158067,131705,build-and-test,pull_request,sokra,User,human,110778316873,Test new and changed tests when deployed (2/5) / build,2026-10-02T09:12:22Z,2026-10-02T09:13:02Z,1,linux_16_core,0.026,0.026,ubuntu-latest-16-core-arm-oss
36987158067,131705,build-and-test,pull_request,sokra,User,human,110778316930,Test new and changed tests when deployed (4/5) / build,2026-10-02T09:12:20Z,2026-10-02T09:13:10Z,1,linux_16_core,0.026,0.026,ubuntu-latest-16-core-arm-oss
36987158067,131705,build-and-test,pull_request,sokra,User,human,110778317023,Test new and changed tests when deployed (cache components) (3/5) / build,2026-10-02T09:12:31Z,2026-10-02T09:13:13Z,1,linux_16_core,0.026,0.026,ubuntu-latest-16-core-arm-oss
36987158067,131705,build-and-test,pull_request,sokra,User,human,110778317054,Test new and changed tests when deployed (cache components) (2/5) / build,2026-10-02T09:12:33Z,2026-10-02T09:13:19Z,1,linux_16_core,0.026,0.026,ubuntu-latest-16-core-arm-oss
36987158067,131705,build-and-test,pull_request,sokra,User,human,110778317093,Test new and changed tests when deployed (cache components) (1/5) / build,2026-10-02T09:11:12Z,2026-10-02T09:11:51Z,1,linux_16_core,0.026,0.026,ubuntu-latest-16-core-arm-oss
36987158067,131705,build-and-test,pull_request,sokra,User,human,110778317149,Test new and changed tests when deployed (cache components) (5/5) / build,2026-10-02T09:11:53Z,2026-10-02T09:12:36Z,1,linux_16_core,0.026,0.026,ubuntu-latest-16-core-arm-oss
36987158067,131705,build-and-test,pull_request,sokra,User,human,110778317229,Test new and changed tests when deployed (cache components) (4/5) / build,2026-10-02T09:12:33Z,2026-10-02T09:13:15Z,1,linux_16_core,0.026,0.026,ubuntu-latest-16-core-arm-oss
36987158067,131705,build-and-test,pull_request,sokra,User,human,110779783993,test dev windows / build,2026-10-02T09:16:05Z,2026-10-02T09:23:54Z,8,windows_8_core,0.042,0.336,windows-latest-8-core-oss
36987158067,131705,build-and-test,pull_request,sokra,User,human,110779784047,test integration windows / build,2026-10-02T09:15:49Z,2026-10-02T09:24:02Z,9,windows_8_core,0.042,0.378,windows-latest-8-core-oss
36987158067,131705,build-and-test,pull_request,sokra,User,human,110779784137,test prod windows / build,2026-10-02T09:16:48Z,2026-10-02T09:21:51Z,6,windows_8_core,0.042,0.252,windows-latest-8-core-oss
36987158067,131705,build-and-test,pull_request,sokra,User,human,110779784240,test unit windows (20) / build,2026-10-02T09:15:49Z,2026-10-02T09:26:46Z,11,windows_8_core,0.042,0.462,windows-latest-8-core-oss
36987158067,131705,build-and-test,pull_request,sokra,User,human,110779784331,test unit windows (22) / build,2026-10-02T09:15:49Z,2026-10-02T09:25:28Z,10,windows_8_core,0.042,0.42000000000000004,windows-latest-8-core-oss
36987158067,131705,build-and-test,pull_request,sokra,User,human,110783136336,"thank you, next",2026-10-02T09:26:48Z,2026-10-02T09:26:51Z,1,actions_linux,0.006,0.006,ubuntu-latest
36987157771,148121,build-and-deploy,pull_request,sokra,User,human,110774689614,deploy-target,2026-10-02T08:59:11Z,2026-10-02T08:59:31Z,1,actions_linux,0.006,0.006,ubuntu-latest
36987157771,148121,build-and-deploy,pull_request,sokra,User,human,110774798000,generate-native-matrix,2026-10-02T08:59:33Z,2026-10-02T08:59:35Z,1,actions_linux,0.006,0.006,ubuntu-latest
36987157771,148121,build-and-deploy,pull_request,sokra,User,human,110774798074,build-wasm (nodejs),2026-10-02T09:00:34Z,2026-10-02T09:03:16Z,3,linux_16_core,0.042,0.126,ubuntu-latest-16-core-oss
36987157771,148121,build-and-deploy,pull_request,sokra,User,human,110774798077,build-wasm (web),2026-10-02T09:00:47Z,2026-10-02T09:02:50Z,3,linux_16_core,0.042,0.126,ubuntu-latest-16-core-oss
36987157771,148121,build-and-deploy,pull_request,sokra,User,human,110774798366,build,2026-10-02T08:59:33Z,2026-10-02T09:02:43Z,4,actions_linux,0.006,0.024,ubuntu-latest
36987157771,148121,build-and-deploy,pull_request,sokra,User,human,110774817486,stable - x86_64-unknown-linux-gnu - node@20,2026-10-02T09:00:47Z,2026-10-02T09:07:28Z,7,linux_16_core,0.042,0.29400000000000004,ubuntu-latest-16-core-oss
36987157771,148121,build-and-deploy,pull_request,sokra,User,human,110774837931,Docs Link Validation,2026-10-02T08:59:39Z,2026-10-02T08:59:39Z,1,actions_linux,0.006,0.006,
36987157771,148121,build-and-deploy,pull_request,sokra,User,human,110777228637,"thank you, build",2026-10-02T09:07:30Z,2026-10-02T09:07:32Z,1,actions_linux,0.006,0.006,ubuntu-latest
36987157771,148121,build-and-deploy,pull_request,sokra,User,human,110777228749,Prepare preview tarball,2026-10-02T09:07:31Z,2026-10-02T09:10:35Z,4,actions_linux,0.006,0.024,ubuntu-latest
36987157771,148121,build-and-deploy,pull_request,sokra,User,human,110777230364,report publish failure to slack,2026-10-02T09:07:29Z,2026-10-02T09:07:29Z,1,actions_linux,0.006,0.006,ubuntu-latest
36987157771,148121,build-and-deploy,pull_request,sokra,User,human,110777230573,Potentially publish release,2026-10-02T09:07:29Z,2026-10-02T09:07:28Z,1,actions_linux,0.006,0.006,ubuntu-latest
36987157771,148121,build-and-deploy,pull_request,sokra,User,human,110777230630,Upload Turbopack Bytesize metrics to Datadog,2026-10-02T09:07:29Z,2026-10-02T09:07:28Z,1,actions_linux,0.006,0.006,ubuntu-latest
36987148129,78021,PR CI Comment,workflow_run,sokra,User,human,110774658692,Comment on PR,2026-10-02T08:59:05Z,2026-10-02T08:59:22Z,1,actions_linux,0.006,0.006,ubuntu-latest
36987144596,131704,build-and-test,pull_request,sokra,User,human,110774652005,Upload PR CI metadata,2026-10-02T08:59:03Z,2026-10-02T08:59:07Z,1,actions_linux,0.006,0.006,ubuntu-latest
36987144596,131704,build-and-test,pull_request,sokra,User,human,110774652285,optimize-ci / PR Stack CI Gate,2026-10-02T08:59:03Z,2026-10-02T09:29:21Z,31,actions_linux,0.006,0.186,ubuntu-latest
36987144596,131704,build-and-test,pull_request,sokra,User,human,110783926532,Determine changes,2026-10-02T09:29:23Z,2026-10-02T09:29:38Z,1,actions_linux,0.006,0.006,ubuntu-latest
36987144596,131704,build-and-test,pull_request,sokra,User,human,110783926650,validate-docs-links,2026-10-02T09:29:23Z,2026-10-02T09:29:48Z,1,actions_linux,0.006,0.006,ubuntu-latest
36987144596,131704,build-and-test,pull_request,sokra,User,human,110783926751,build-next / build,2026-10-02T09:29:24Z,2026-10-02T09:30:01Z,1,linux_16_core,0.026,0.026,ubuntu-latest-16-core-arm-oss
36987144596,131704,build-and-test,pull_request,sokra,User,human,110784015775,fetch test timings,2026-10-02T09:29:41Z,2026-10-02T09:30:24Z,1,actions_linux,0.006,0.006,ubuntu-latest
36987144596,131704,build-and-test,pull_request,sokra,User,human,110784015783,Wait for preview tarball,2026-10-02T09:29:41Z,2026-10-02T09:29:49Z,1,actions_linux,0.006,0.006,ubuntu-latest
36987144596,131704,build-and-test,pull_request,sokra,User,human,110784016013,build-native-windows / build,2026-10-02T09:29:41Z,2026-10-02T09:44:51Z,16,windows_8_core,0.042,0.672,windows-latest-8-core-oss
36987144596,131704,build-and-test,pull_request,sokra,User,human,110784016036,test devlow package / build,2026-10-02T09:29:41Z,2026-10-02T09:30:28Z,1,linux_16_core,0.026,0.026,ubuntu-latest-16-core-arm-oss
36987144596,131704,build-and-test,pull_request,sokra,User,human,110784016131,build-native / build,2026-10-02T09:29:41Z,2026-10-02T09:32:19Z,3,linux_16_core,0.026,0.078,ubuntu-latest-16-core-arm-oss
36987144596,131704,build-and-test,pull_request,sokra,User,human,110784070081,Test new and changed tests when deployed (3/5) / build,2026-10-02T09:29:51Z,2026-10-02T09:34:06Z,5,linux_16_core,0.026,0.13,ubuntu-latest-16-core-arm-oss
36987144596,131704,build-and-test,pull_request,sokra,User,human,110784070190,Test new and changed tests when deployed (2/5) / build,2026-10-02T09:29:51Z,2026-10-02T09:33:45Z,4,linux_16_core,0.026,0.104,ubuntu-latest-16-core-arm-oss
36987144596,131704,build-and-test,pull_request,sokra,User,human,110784070316,Test new and changed tests when deployed (4/5) / build,2026-10-02T09:29:51Z,2026-10-02T09:33:47Z,4,linux_16_core,0.026,0.104,ubuntu-latest-16-core-arm-oss
36987144596,131704,build-and-test,pull_request,sokra,User,human,110784070346,Test new and changed tests when deployed (1/5) / build,2026-10-02T09:29:51Z,2026-10-02T09:33:55Z,5,linux_16_core,0.026,0.13,ubuntu-latest-16-core-arm-oss
36987144596,131704,build-and-test,pull_request,sokra,User,human,110784070408,Test new and changed tests when deployed (5/5) / build,2026-10-02T09:29:52Z,2026-10-02T09:33:56Z,5,linux_16_core,0.026,0.13,ubuntu-latest-16-core-arm-oss
36987144596,131704,build-and-test,pull_request,sokra,User,human,110784070464,Test new and changed tests when deployed (cache components) (4/5) / build,2026-10-02T09:29:52Z,2026-10-02T09:34:01Z,5,linux_16_core,0.026,0.13,ubuntu-latest-16-core-arm-oss
36987144596,131704,build-and-test,pull_request,sokra,User,human,110784070480,Test new and changed tests when deployed (cache components) (1/5) / build,2026-10-02T09:29:52Z,2026-10-02T09:33:49Z,4,linux_16_core,0.026,0.104,ubuntu-latest-16-core-arm-oss
36987144596,131704,build-and-test,pull_request,sokra,User,human,110784070489,Test new and changed tests when deployed (cache components) (5/5) / build,2026-10-02T09:29:52Z,2026-10-02T09:32:42Z,3,linux_16_core,0.026,0.078,ubuntu-latest-16-core-arm-oss
36987144596,131704,build-and-test,pull_request,sokra,User,human,110784070715,Test new and changed tests when deployed (cache components) (2/5) / build,2026-10-02T09:29:52Z,2026-10-02T09:33:51Z,4,linux_16_core,0.026,0.104,ubuntu-latest-16-core-arm-oss
36987144596,131704,build-and-test,pull_request,sokra,User,human,110784070820,Test new and changed tests when deployed (cache components) (3/5) / build,2026-10-02T09:29:52Z,2026-10-02T09:32:42Z,3,linux_16_core,0.026,0.078,ubuntu-latest-16-core-arm-oss
36987144596,131704,build-and-test,pull_request,sokra,User,human,110784134059,ast-grep lint,2026-10-02T09:30:04Z,2026-10-02T09:30:19Z,1,actions_linux,0.006,0.006,ubuntu-latest
36987144596,131704,build-and-test,pull_request,sokra,User,human,110784134204,rustdoc check / build,2026-10-02T09:30:43Z,2026-10-02T09:32:51Z,3,linux_16_core,0.026,0.078,ubuntu-latest-16-core-arm-oss
36987144596,131704,build-and-test,pull_request,sokra,User,human,110784134238,lint / build,2026-10-02T09:30:42Z,2026-10-02T09:36:17Z,6,linux_16_core,0.026,0.156,ubuntu-latest-16-core-arm-oss
36987144596,131704,build-and-test,pull_request,sokra,User,human,110784134278,test cargo benches / Test,2026-10-02T09:30:04Z,2026-10-02T09:36:57Z,7,linux_16_core,0.042,0.29400000000000004,ubuntu-latest-16-core-oss
36987144596,131704,build-and-test,pull_request,sokra,User,human,110784134281,rust check / build,2026-10-02T09:30:43Z,2026-10-02T09:35:17Z,5,linux_16_core,0.026,0.13,ubuntu-latest-16-core-arm-oss
36987144596,131704,build-and-test,pull_request,sokra,User,human,110784134298,test cargo unit (miri) / build,2026-10-02T09:30:43Z,2026-10-02T09:39:05Z,9,linux_16_core,0.026,0.23399999999999999,ubuntu-latest-16-core-arm-oss
36987144596,131704,build-and-test,pull_request,sokra,User,human,110784134333,test next-swc wasi / build,2026-10-02T09:30:38Z,2026-10-02T09:34:26Z,4,linux_16_core,0.026,0.104,ubuntu-latest-16-core-arm-oss
36987144596,131704,build-and-test,pull_request,sokra,User,human,110784134344,test cargo unit / build,2026-10-02T09:30:04Z,2026-10-02T09:43:17Z,14,linux_16_core,0.042,0.5880000000000001,ubuntu-latest-16-core-oss
36987144596,131704,build-and-test,pull_request,sokra,User,human,110784134389,test next-swc wasm / build,2026-10-02T09:30:44Z,2026-10-02T09:34:49Z,5,linux_16_core,0.026,0.13,ubuntu-latest-16-core-arm-oss
36987144596,131704,build-and-test,pull_request,sokra,User,human,110784855493,types and precompiled / build,2026-10-02T09:32:22Z,2026-10-02T09:34:19Z,2,linux_16_core,0.026,0.052,ubuntu-latest-16-core-arm-oss
36987144596,131704,build-and-test,pull_request,sokra,User,human,110784855871,Run devlow benchmarks,2026-10-02T09:32:20Z,2026-10-02T09:32:19Z,1,actions_linux,0.006,0.006,
36987144596,131704,build-and-test,pull_request,sokra,User,human,110784855872,test rspack dev,2026-10-02T09:32:20Z,2026-10-02T09:32:19Z,1,actions_linux,0.006,0.006,
36987144596,131704,build-and-test,pull_request,sokra,User,human,110784856093,test rspack production,2026-10-02T09:32:20Z,2026-10-02T09:32:19Z,1,actions_linux,0.006,0.006,
36987144596,131704,build-and-test,pull_request,sokra,User,human,110784856330,test firefox and safari / build,2026-10-02T09:32:22Z,2026-10-02T09:37:27Z,6,linux_16_core,0.026,0.156,ubuntu-latest-16-core-arm-oss
36987144596,131704,build-and-test,pull_request,sokra,User,human,110784856405,Test new and changed tests for flakes (dev) (1/5) / build,2026-10-02T09:32:22Z,2026-10-02T09:33:10Z,1,linux_16_core,0.026,0.026,ubuntu-latest-16-core-arm-oss
36987144596,131704,build-and-test,pull_request,sokra,User,human,110784856462,Test new and changed tests for flakes (dev) (3/5) / build,2026-10-02T09:32:22Z,2026-10-02T09:33:04Z,1,linux_16_core,0.026,0.026,ubuntu-latest-16-core-arm-oss
36987144596,131704,build-and-test,pull_request,sokra,User,human,110784856502,Test new and changed tests for flakes (dev) (2/5) / build,2026-10-02T09:32:22Z,2026-10-02T09:33:08Z,1,linux_16_core,0.026,0.026,ubuntu-latest-16-core-arm-oss
36987144596,131704,build-and-test,pull_request,sokra,User,human,110784856547,Test new and changed tests for flakes (dev) (4/5) / build,2026-10-02T09:32:22Z,2026-10-02T09:32:58Z,1,linux_16_core,0.026,0.026,ubuntu-latest-16-core-arm-oss
36987144596,131704,build-and-test,pull_request,sokra,User,human,110784856558,Test new and changed tests for flakes (dev) (5/5) / build,2026-10-02T09:32:22Z,2026-10-02T09:33:02Z,1,linux_16_core,0.026,0.026,ubuntu-latest-16-core-arm-oss
36987144596,131704,build-and-test,pull_request,sokra,User,human,110784856654,Test new and changed tests for flakes (prod) (5/5) / build,2026-10-02T09:32:22Z,2026-10-02T09:33:03Z,1,linux_16_core,0.026,0.026,ubuntu-latest-16-core-arm-oss
36987144596,131704,build-and-test,pull_request,sokra,User,human,110784856677,Test new and changed tests for flakes (prod) (2/5) / build,2026-10-02T09:32:22Z,2026-10-02T09:33:02Z,1,linux_16_core,0.026,0.026,ubuntu-latest-16-core-arm-oss
36987144596,131704,build-and-test,pull_request,sokra,User,human,110784856683,Test new and changed tests for flakes (prod) (3/5) / build,2026-10-02T09:33:36Z,2026-10-02T09:34:15Z,1,linux_16_core,0.026,0.026,ubuntu-latest-16-core-arm-oss
36987144596,131704,build-and-test,pull_request,sokra,User,human,110784856690,test turbopack production (1/7) / build,2026-10-02T09:32:22Z,2026-10-02T09:44:43Z,13,linux_16_core,0.026,0.33799999999999997,ubuntu-latest-16-core-arm-oss
36987144596,131704,build-and-test,pull_request,sokra,User,human,110784856691,Test new and changed tests for flakes (prod) (4/5) / build,2026-10-02T09:32:22Z,2026-10-02T09:33:03Z,1,linux_16_core,0.026,0.026,ubuntu-latest-16-core-arm-oss
36987144596,131704,build-and-test,pull_request,sokra,User,human,110784856695,test turbopack production (2/7) / build,2026-10-02T09:32:22Z,2026-10-02T09:44:25Z,13,linux_16_core,0.026,0.33799999999999997,ubuntu-latest-16-core-arm-oss
36987144596,131704,build-and-test,pull_request,sokra,User,human,110784856787,test turbopack production (6/7) / build,2026-10-02T09:32:22Z,2026-10-02T09:45:44Z,14,linux_16_core,0.026,0.364,ubuntu-latest-16-core-arm-oss
36987144596,131704,build-and-test,pull_request,sokra,User,human,110784856817,test turbopack production (3/7) / build,2026-10-02T09:32:22Z,2026-10-02T09:44:47Z,13,linux_16_core,0.026,0.33799999999999997,ubuntu-latest-16-core-arm-oss
36987144596,131704,build-and-test,pull_request,sokra,User,human,110784856826,test turbopack production (4/7) / build,2026-10-02T09:32:22Z,2026-10-02T09:45:00Z,13,linux_16_core,0.026,0.33799999999999997,ubuntu-latest-16-core-arm-oss
36987144596,131704,build-and-test,pull_request,sokra,User,human,110784856827,test turbopack production (5/7) / build,2026-10-02T09:32:22Z,2026-10-02T09:49:44Z,18,linux_16_core,0.026,0.46799999999999997,ubuntu-latest-16-core-arm-oss
36987144596,131704,build-and-test,pull_request,sokra,User,human,110784856838,Test new and changed tests for flakes (prod) (1/5) / build,2026-10-02T09:32:22Z,2026-10-02T09:33:04Z,1,linux_16_core,0.026,0.026,ubuntu-latest-16-core-arm-oss
36987144596,131704,build-and-test,pull_request,sokra,User,human,110784856848,test next-config-ts-native-ts prod (22) / build,2026-10-02T09:32:22Z,2026-10-02T09:34:20Z,2,linux_16_core,0.026,0.052,ubuntu-latest-16-core-arm-oss
36987144596,131704,build-and-test,pull_request,sokra,User,human,110784856859,test turbopack production (7/7) / build,2026-10-02T09:32:22Z,2026-10-02T09:40:52Z,9,linux_16_core,0.026,0.23399999999999999,ubuntu-latest-16-core-arm-oss
36987144596,131704,build-and-test,pull_request,sokra,User,human,110784856905,test turbopack dev (6/7) / build,2026-10-02T09:32:22Z,2026-10-02T09:42:08Z,10,linux_16_core,0.026,0.26,ubuntu-latest-16-core-arm-oss
36987144596,131704,build-and-test,pull_request,sokra,User,human,110784856932,test next-config-ts-native-ts prod (24.15.0) / build,2026-10-02T09:32:22Z,2026-10-02T09:34:16Z,2,linux_16_core,0.026,0.052,ubuntu-latest-16-core-arm-oss
36987144596,131704,build-and-test,pull_request,sokra,User,human,110784857088,test turbopack dev (1/7) / build,2026-10-02T09:32:22Z,2026-10-02T09:42:51Z,11,linux_16_core,0.026,0.286,ubuntu-latest-16-core-arm-oss
36987144596,131704,build-and-test,pull_request,sokra,User,human,110784857099,test turbopack dev (3/7) / build,2026-10-02T09:33:46Z,2026-10-02T09:53:06Z,20,linux_16_core,0.026,0.52,ubuntu-latest-16-core-arm-oss
36987144596,131704,build-and-test,pull_request,sokra,User,human,110784857123,test next-config-ts-native-ts dev (24.15.0) / build,2026-10-02T09:32:22Z,2026-10-02T09:33:55Z,2,linux_16_core,0.026,0.052,ubuntu-latest-16-core-arm-oss
36987144596,131704,build-and-test,pull_request,sokra,User,human,110784857124,test turbopack dev (5/7) / build,2026-10-02T09:33:44Z,2026-10-02T09:44:42Z,11,linux_16_core,0.026,0.286,ubuntu-latest-16-core-arm-oss
36987144596,131704,build-and-test,pull_request,sokra,User,human,110784857139,test next-config-ts-native-ts dev (22) / build,2026-10-02T09:33:41Z,2026-10-02T09:35:06Z,2,linux_16_core,0.026,0.052,ubuntu-latest-16-core-arm-oss
36987144596,131704,build-and-test,pull_request,sokra,User,human,110784857143,test unit (22) / build,2026-10-02T09:32:22Z,2026-10-02T09:34:27Z,3,linux_16_core,0.026,0.078,ubuntu-latest-16-core-arm-oss
36987144596,131704,build-and-test,pull_request,sokra,User,human,110784857165,test turbopack dev (2/7) / build,2026-10-02T09:33:30Z,2026-10-02T09:43:58Z,11,linux_16_core,0.026,0.286,ubuntu-latest-16-core-arm-oss
36987144596,131704,build-and-test,pull_request,sokra,User,human,110784857168,test turbopack dev (7/7) / build,2026-10-02T09:33:44Z,2026-10-02T09:45:54Z,13,linux_16_core,0.026,0.33799999999999997,ubuntu-latest-16-core-arm-oss
36987144596,131704,build-and-test,pull_request,sokra,User,human,110784857169,test unit (20) / build,2026-10-02T09:32:22Z,2026-10-02T09:34:36Z,3,linux_16_core,0.026,0.078,ubuntu-latest-16-core-arm-oss
36987144596,131704,build-and-test,pull_request,sokra,User,human,110784857239,test cache components dev (2/6) / build,2026-10-02T09:33:44Z,2026-10-02T09:41:28Z,8,linux_16_core,0.026,0.208,ubuntu-latest-16-core-arm-oss
36987144596,131704,build-and-test,pull_request,sokra,User,human,110784857278,test turbopack dev (4/7) / build,2026-10-02T09:33:44Z,2026-10-02T09:44:06Z,11,linux_16_core,0.026,0.286,ubuntu-latest-16-core-arm-oss
36987144596,131704,build-and-test,pull_request,sokra,User,human,110784857292,test cache components dev (3/6) / build,2026-10-02T09:33:26Z,2026-10-02T09:39:51Z,7,linux_16_core,0.026,0.182,ubuntu-latest-16-core-arm-oss
36987144596,131704,build-and-test,pull_request,sokra,User,human,110784857318,test dev (2/10) / build,2026-10-02T09:33:33Z,2026-10-02T09:41:10Z,8,linux_16_core,0.026,0.208,ubuntu-latest-16-core-arm-oss
36987144596,131704,build-and-test,pull_request,sokra,User,human,110784857357,test cache components dev (4/6) / build,2026-10-02T09:33:47Z,2026-10-02T09:41:02Z,8,linux_16_core,0.026,0.208,ubuntu-latest-16-core-arm-oss
36987144596,131704,build-and-test,pull_request,sokra,User,human,110784857360,test cache components dev (5/6) / build,2026-10-02T09:32:44Z,2026-10-02T09:40:45Z,9,linux_16_core,0.026,0.23399999999999999,ubuntu-latest-16-core-arm-oss
36987144596,131704,build-and-test,pull_request,sokra,User,human,110784857420,test cache components dev (1/6) / build,2026-10-02T09:33:38Z,2026-10-02T09:49:46Z,17,linux_16_core,0.026,0.442,ubuntu-latest-16-core-arm-oss
36987144596,131704,build-and-test,pull_request,sokra,User,human,110784857435,test dev (9/10) / build,2026-10-02T09:33:46Z,2026-10-02T09:45:39Z,12,linux_16_core,0.026,0.312,ubuntu-latest-16-core-arm-oss
36987144596,131704,build-and-test,pull_request,sokra,User,human,110784857437,test dev (10/10) / build,2026-10-02T09:32:22Z,2026-10-02T09:42:01Z,10,linux_16_core,0.026,0.26,ubuntu-latest-16-core-arm-oss
36987144596,131704,build-and-test,pull_request,sokra,User,human,110784857463,test dev (5/10) / build,2026-10-02T09:33:21Z,2026-10-02T09:42:40Z,10,linux_16_core,0.026,0.26,ubuntu-latest-16-core-arm-oss
36987144596,131704,build-and-test,pull_request,sokra,User,human,110784857510,test cache components dev (6/6) / build,2026-10-02T09:33:40Z,2026-10-02T09:40:48Z,8,linux_16_core,0.026,0.208,ubuntu-latest-16-core-arm-oss
36987144596,131704,build-and-test,pull_request,sokra,User,human,110784857532,test dev (6/10) / build,2026-10-02T09:33:45Z,2026-10-02T09:49:10Z,16,linux_16_core,0.026,0.416,ubuntu-latest-16-core-arm-oss
36987144596,131704,build-and-test,pull_request,sokra,User,human,110784857540,test dev (1/10) / build,2026-10-02T09:33:01Z,2026-10-02T09:45:25Z,13,linux_16_core,0.026,0.33799999999999997,ubuntu-latest-16-core-arm-oss
36987144596,131704,build-and-test,pull_request,sokra,User,human,110784857562,test cache components prod (3/7) / build,2026-10-02T09:33:39Z,2026-10-02T09:41:07Z,8,linux_16_core,0.026,0.208,ubuntu-latest-16-core-arm-oss
36987144596,131704,build-and-test,pull_request,sokra,User,human,110784857600,test prod (6/10) / build,2026-10-02T09:33:41Z,2026-10-02T09:47:15Z,14,linux_16_core,0.026,0.364,ubuntu-latest-16-core-arm-oss
36987144596,131704,build-and-test,pull_request,sokra,User,human,110784857601,test dev (8/10) / build,2026-10-02T09:33:37Z,2026-10-02T09:46:30Z,13,linux_16_core,0.026,0.33799999999999997,ubuntu-latest-16-core-arm-oss
36987144596,131704,build-and-test,pull_request,sokra,User,human,110784857607,test cache components prod (2/7) / build,2026-10-02T09:33:48Z,2026-10-02T09:40:21Z,7,linux_16_core,0.026,0.182,ubuntu-latest-16-core-arm-oss
36987144596,131704,build-and-test,pull_request,sokra,User,human,110784857638,test cache components prod (4/7) / build,2026-10-02T09:33:39Z,2026-10-02T09:47:53Z,15,linux_16_core,0.026,0.38999999999999996,ubuntu-latest-16-core-arm-oss
36987144596,131704,build-and-test,pull_request,sokra,User,human,110784857652,test dev (7/10) / build,2026-10-02T09:33:45Z,2026-10-02T09:47:18Z,14,linux_16_core,0.026,0.364,ubuntu-latest-16-core-arm-oss
36987144596,131704,build-and-test,pull_request,sokra,User,human,110784857661,test cache components prod (6/7) / build,2026-10-02T09:32:30Z,2026-10-02T09:39:52Z,8,linux_16_core,0.026,0.208,ubuntu-latest-16-core-arm-oss
36987144596,131704,build-and-test,pull_request,sokra,User,human,110784857695,test cache components prod (5/7) / build,2026-10-02T09:33:45Z,2026-10-02T09:40:41Z,7,linux_16_core,0.026,0.182,ubuntu-latest-16-core-arm-oss
36987144596,131704,build-and-test,pull_request,sokra,User,human,110784857704,test prod (8/10) / build,2026-10-02T09:33:42Z,2026-10-02T09:48:22Z,15,linux_16_core,0.026,0.38999999999999996,ubuntu-latest-16-core-arm-oss
36987144596,131704,build-and-test,pull_request,sokra,User,human,110784857706,test dev (3/10) / build,2026-10-02T09:33:44Z,2026-10-02T09:44:36Z,11,linux_16_core,0.026,0.286,ubuntu-latest-16-core-arm-oss
36987144596,131704,build-and-test,pull_request,sokra,User,human,110784857723,test prod (9/10) / build,2026-10-02T09:33:39Z,2026-10-02T09:48:31Z,15,linux_16_core,0.026,0.38999999999999996,ubuntu-latest-16-core-arm-oss
36987144596,131704,build-and-test,pull_request,sokra,User,human,110784857728,test cache components prod (7/7) / build,2026-10-02T09:32:53Z,2026-10-02T09:40:34Z,8,linux_16_core,0.026,0.208,ubuntu-latest-16-core-arm-oss
36987144596,131704,build-and-test,pull_request,sokra,User,human,110784857734,test cache components prod (1/7) / build,2026-10-02T09:33:44Z,2026-10-02T09:43:33Z,10,linux_16_core,0.026,0.26,ubuntu-latest-16-core-arm-oss
36987144596,131704,build-and-test,pull_request,sokra,User,human,110784857763,test prod (7/10) / build,2026-10-02T09:33:42Z,2026-10-02T09:48:16Z,15,linux_16_core,0.026,0.38999999999999996,ubuntu-latest-16-core-arm-oss
36987144596,131704,build-and-test,pull_request,sokra,User,human,110784857775,test dev (4/10) / build,2026-10-02T09:33:46Z,2026-10-02T09:45:16Z,12,linux_16_core,0.026,0.312,ubuntu-latest-16-core-arm-oss
36987144596,131704,build-and-test,pull_request,sokra,User,human,110784857790,test prod (2/10) / build,2026-10-02T09:32:22Z,2026-10-02T09:46:13Z,14,linux_16_core,0.026,0.364,ubuntu-latest-16-core-arm-oss
36987144596,131704,build-and-test,pull_request,sokra,User,human,110784857815,test prod (4/10) / build,2026-10-02T09:33:45Z,2026-10-02T09:47:17Z,14,linux_16_core,0.026,0.364,ubuntu-latest-16-core-arm-oss
36987144596,131704,build-and-test,pull_request,sokra,User,human,110784857860,test prod (10/10) / build,2026-10-02T09:33:16Z,2026-10-02T09:47:15Z,14,linux_16_core,0.026,0.364,ubuntu-latest-16-core-arm-oss
36987144596,131704,build-and-test,pull_request,sokra,User,human,110784857887,test prod (3/10) / build,2026-10-02T09:33:47Z,2026-10-02T09:51:23Z,18,linux_16_core,0.026,0.46799999999999997,ubuntu-latest-16-core-arm-oss
36987144596,131704,build-and-test,pull_request,sokra,User,human,110784857972,test prod (1/10) / build,2026-10-02T09:32:33Z,2026-10-02T09:49:34Z,18,linux_16_core,0.026,0.46799999999999997,ubuntu-latest-16-core-arm-oss
36987144596,131704,build-and-test,pull_request,sokra,User,human,110784858038,test prod (5/10) / build,2026-10-02T09:33:32Z,2026-10-02T09:47:58Z,15,linux_16_core,0.026,0.38999999999999996,ubuntu-latest-16-core-arm-oss
36987144596,131704,build-and-test,pull_request,sokra,User,human,110788692142,test integration windows / build,2026-10-02T09:44:55Z,2026-10-02T09:55:09Z,11,windows_8_core,0.042,0.462,windows-latest-8-core-oss
36987144596,131704,build-and-test,pull_request,sokra,User,human,110788692165,test dev windows / build,2026-10-02T09:44:54Z,2026-10-02T09:54:03Z,10,windows_8_core,0.042,0.42000000000000004,windows-latest-8-core-oss
36987144596,131704,build-and-test,pull_request,sokra,User,human,110788692186,test prod windows / build,2026-10-02T09:45:02Z,2026-10-02T09:53:28Z,9,windows_8_core,0.042,0.378,windows-latest-8-core-oss
36987144596,131704,build-and-test,pull_request,sokra,User,human,110788692348,test unit windows (22) / build,2026-10-02T09:44:55Z,2026-10-02T09:53:38Z,9,windows_8_core,0.042,0.378,windows-latest-8-core-oss
36987144596,131704,build-and-test,pull_request,sokra,User,human,110788692373,test unit windows (20) / build,2026-10-02T09:44:55Z,2026-10-02T09:53:39Z,9,windows_8_core,0.042,0.378,windows-latest-8-core-oss
36987144596,131704,build-and-test,pull_request,sokra,User,human,110791809879,"thank you, next",2026-10-02T09:55:12Z,2026-10-02T09:55:14Z,1,actions_linux,0.006,0.006,ubuntu-latest
36987144237,148120,build-and-deploy,pull_request,sokra,User,human,110774647352,deploy-target,2026-10-02T08:59:03Z,2026-10-02T08:59:23Z,1,actions_linux,0.006,0.006,ubuntu-latest
36987144237,148120,build-and-deploy,pull_request,sokra,User,human,110774758274,build-wasm (nodejs),2026-10-02T08:59:25Z,2026-10-02T09:01:53Z,3,linux_16_core,0.042,0.126,ubuntu-latest-16-core-oss
36987144237,148120,build-and-deploy,pull_request,sokra,User,human,110774758330,build,2026-10-02T08:59:25Z,2026-10-02T09:02:36Z,4,actions_linux,0.006,0.024,ubuntu-latest
36987144237,148120,build-and-deploy,pull_request,sokra,User,human,110774758369,build-wasm (web),2026-10-02T09:00:32Z,2026-10-02T09:03:01Z,3,linux_16_core,0.042,0.126,ubuntu-latest-16-core-oss
36987144237,148120,build-and-deploy,pull_request,sokra,User,human,110774758688,generate-native-matrix,2026-10-02T08:59:25Z,2026-10-02T08:59:27Z,1,actions_linux,0.006,0.006,ubuntu-latest
36987144237,148120,build-and-deploy,pull_request,sokra,User,human,110774780853,stable - x86_64-unknown-linux-gnu - node@20,2026-10-02T09:00:33Z,2026-10-02T09:09:18Z,9,linux_16_core,0.042,0.378,ubuntu-latest-16-core-oss
36987144237,148120,build-and-deploy,pull_request,sokra,User,human,110777788090,"thank you, build",2026-10-02T09:09:21Z,2026-10-02T09:09:24Z,1,actions_linux,0.006,0.006,ubuntu-latest
36987144237,148120,build-and-deploy,pull_request,sokra,User,human,110777788166,Prepare preview tarball,2026-10-02T09:09:20Z,2026-10-02T09:12:27Z,4,actions_linux,0.006,0.024,ubuntu-latest
36987144237,148120,build-and-deploy,pull_request,sokra,User,human,110777789942,Upload Turbopack Bytesize metrics to Datadog,2026-10-02T09:09:18Z,2026-10-02T09:09:18Z,1,actions_linux,0.006,0.006,ubuntu-latest
36987144237,148120,build-and-deploy,pull_request,sokra,User,human,110777789952,Potentially publish release,2026-10-02T09:09:18Z,2026-10-02T09:09:18Z,1,actions_linux,0.006,0.006,ubuntu-latest
36987144237,148120,build-and-deploy,pull_request,sokra,User,human,110777790885,report publish failure to slack,2026-10-02T09:09:19Z,2026-10-02T09:09:18Z,1,actions_linux,0.006,0.006,ubuntu-latest
36987144237,148120,build-and-deploy,pull_request,sokra,User,human,110784046153,Docs Link Validation,2026-10-02T09:29:44Z,2026-10-02T09:29:44Z,1,actions_linux,0.006,0.006,
36987129717,78020,PR CI Comment,workflow_run,sokra,User,human,110774601555,Comment on PR,2026-10-02T08:58:52Z,2026-10-02T08:59:07Z,1,actions_linux,0.006,0.006,ubuntu-latest
36987126046,131703,build-and-test,pull_request,sokra,User,human,110774594558,Upload PR CI metadata,2026-10-02T08:58:53Z,2026-10-02T08:58:57Z,1,actions_linux,0.006,0.006,ubuntu-latest
36987126046,131703,build-and-test,pull_request,sokra,User,human,110774594923,optimize-ci / PR Stack CI Gate,2026-10-02T08:58:52Z,2026-10-02T08:58:59Z,1,actions_linux,0.006,0.006,ubuntu-latest
36987126046,131703,build-and-test,pull_request,sokra,User,human,110774640173,Determine changes,2026-10-02T08:59:02Z,2026-10-02T08:59:15Z,1,actions_linux,0.006,0.006,ubuntu-latest
36987126046,131703,build-and-test,pull_request,sokra,User,human,110774640175,validate-docs-links,2026-10-02T08:59:01Z,2026-10-02T08:59:20Z,1,actions_linux,0.006,0.006,ubuntu-latest
36987126046,131703,build-and-test,pull_request,sokra,User,human,110774640422,build-next / build,2026-10-02T08:59:01Z,2026-10-02T08:59:45Z,1,linux_16_core,0.026,0.026,ubuntu-latest-16-core-arm-oss
36987126046,131703,build-and-test,pull_request,sokra,User,human,110774722197,fetch test timings,2026-10-02T08:59:18Z,2026-10-02T09:00:11Z,1,actions_linux,0.006,0.006,ubuntu-latest
36987126046,131703,build-and-test,pull_request,sokra,User,human,110774722383,Wait for preview tarball,2026-10-02T08:59:18Z,2026-10-02T09:11:32Z,13,actions_linux,0.006,0.078,ubuntu-latest
36987126046,131703,build-and-test,pull_request,sokra,User,human,110774722443,build-native / build,2026-10-02T08:59:18Z,2026-10-02T09:03:13Z,4,linux_16_core,0.026,0.104,ubuntu-latest-16-core-arm-oss
36987126046,131703,build-and-test,pull_request,sokra,User,human,110774722526,test devlow package / build,2026-10-02T08:59:18Z,2026-10-02T08:59:58Z,1,linux_16_core,0.026,0.026,ubuntu-latest-16-core-arm-oss
36987126046,131703,build-and-test,pull_request,sokra,User,human,110774722667,build-native-windows / build,2026-10-02T08:59:20Z,2026-10-02T09:16:25Z,18,windows_8_core,0.042,0.756,windows-latest-8-core-oss
36987126046,131703,build-and-test,pull_request,sokra,User,human,110774867829,ast-grep lint,2026-10-02T08:59:47Z,2026-10-02T09:00:02Z,1,actions_linux,0.006,0.006,ubuntu-latest
36987126046,131703,build-and-test,pull_request,sokra,User,human,110774868238,test cargo benches / Test,2026-10-02T09:01:12Z,2026-10-02T09:07:15Z,7,linux_16_core,0.042,0.29400000000000004,ubuntu-latest-16-core-oss
36987126046,131703,build-and-test,pull_request,sokra,User,human,110774868287,rustdoc check / build,2026-10-02T08:59:48Z,2026-10-02T09:01:58Z,3,linux_16_core,0.026,0.078,ubuntu-latest-16-core-arm-oss
36987126046,131703,build-and-test,pull_request,sokra,User,human,110774868309,test cargo unit / build,2026-10-02T09:01:12Z,2026-10-02T09:11:20Z,11,linux_16_core,0.042,0.462,ubuntu-latest-16-core-oss
36987126046,131703,build-and-test,pull_request,sokra,User,human,110774868329,test cargo unit (miri) / build,2026-10-02T08:59:48Z,2026-10-02T09:07:54Z,9,linux_16_core,0.026,0.23399999999999999,ubuntu-latest-16-core-arm-oss
36987126046,131703,build-and-test,pull_request,sokra,User,human,110774868347,lint / build,2026-10-02T08:59:48Z,2026-10-02T09:05:14Z,6,linux_16_core,0.026,0.156,ubuntu-latest-16-core-arm-oss
36987126046,131703,build-and-test,pull_request,sokra,User,human,110774868387,test next-swc wasi / build,2026-10-02T08:59:48Z,2026-10-02T09:04:43Z,5,linux_16_core,0.026,0.13,ubuntu-latest-16-core-arm-oss
36987126046,131703,build-and-test,pull_request,sokra,User,human,110774868417,test next-swc wasm / build,2026-10-02T08:59:48Z,2026-10-02T09:04:29Z,5,linux_16_core,0.026,0.13,ubuntu-latest-16-core-arm-oss
36987126046,131703,build-and-test,pull_request,sokra,User,human,110774868434,rust check / build,2026-10-02T08:59:48Z,2026-10-02T09:04:20Z,5,linux_16_core,0.026,0.13,ubuntu-latest-16-core-arm-oss
36987126046,131703,build-and-test,pull_request,sokra,User,human,110775921962,test rspack production,2026-10-02T09:03:14Z,2026-10-02T09:03:14Z,1,actions_linux,0.006,0.006,
36987126046,131703,build-and-test,pull_request,sokra,User,human,110775922655,Run devlow benchmarks,2026-10-02T09:03:14Z,2026-10-02T09:03:14Z,1,actions_linux,0.006,0.006,
36987126046,131703,build-and-test,pull_request,sokra,User,human,110775922929,test rspack dev,2026-10-02T09:03:14Z,2026-10-02T09:03:14Z,1,actions_linux,0.006,0.006,
36987126046,131703,build-and-test,pull_request,sokra,User,human,110775923106,types and precompiled / build,2026-10-02T09:04:44Z,2026-10-02T09:06:46Z,3,linux_16_core,0.026,0.078,ubuntu-latest-16-core-arm-oss
36987126046,131703,build-and-test,pull_request,sokra,User,human,110775923910,test firefox and safari / build,2026-10-02T09:04:43Z,2026-10-02T09:09:20Z,5,linux_16_core,0.026,0.13,ubuntu-latest-16-core-arm-oss
36987126046,131703,build-and-test,pull_request,sokra,User,human,110775924050,test next-config-ts-native-ts dev (22) / build,2026-10-02T09:04:44Z,2026-10-02T09:06:13Z,2,linux_16_core,0.026,0.052,ubuntu-latest-16-core-arm-oss
36987126046,131703,build-and-test,pull_request,sokra,User,human,110775924316,test next-config-ts-native-ts dev (24.15.0) / build,2026-10-02T09:04:43Z,2026-10-02T09:06:19Z,2,linux_16_core,0.026,0.052,ubuntu-latest-16-core-arm-oss
36987126046,131703,build-and-test,pull_request,sokra,User,human,110775924381,test turbopack production (3/7) / build,2026-10-02T09:04:43Z,2026-10-02T09:16:34Z,12,linux_16_core,0.026,0.312,ubuntu-latest-16-core-arm-oss
36987126046,131703,build-and-test,pull_request,sokra,User,human,110775924573,test turbopack production (2/7) / build,2026-10-02T09:04:43Z,2026-10-02T09:18:29Z,14,linux_16_core,0.026,0.364,ubuntu-latest-16-core-arm-oss
36987126046,131703,build-and-test,pull_request,sokra,User,human,110775924614,test turbopack production (5/7) / build,2026-10-02T09:04:44Z,2026-10-02T09:17:31Z,13,linux_16_core,0.026,0.33799999999999997,ubuntu-latest-16-core-arm-oss
36987126046,131703,build-and-test,pull_request,sokra,User,human,110775924723,test turbopack production (6/7) / build,2026-10-02T09:04:43Z,2026-10-02T09:21:22Z,17,linux_16_core,0.026,0.442,ubuntu-latest-16-core-arm-oss
36987126046,131703,build-and-test,pull_request,sokra,User,human,110775924743,test turbopack production (7/7) / build,2026-10-02T09:04:44Z,2026-10-02T09:17:59Z,14,linux_16_core,0.026,0.364,ubuntu-latest-16-core-arm-oss
36987126046,131703,build-and-test,pull_request,sokra,User,human,110775924755,test turbopack dev (6/7) / build,2026-10-02T09:04:43Z,2026-10-02T09:14:00Z,10,linux_16_core,0.026,0.26,ubuntu-latest-16-core-arm-oss
36987126046,131703,build-and-test,pull_request,sokra,User,human,110775924766,test turbopack production (1/7) / build,2026-10-02T09:04:43Z,2026-10-02T09:16:00Z,12,linux_16_core,0.026,0.312,ubuntu-latest-16-core-arm-oss
36987126046,131703,build-and-test,pull_request,sokra,User,human,110775924769,test turbopack dev (4/7) / build,2026-10-02T09:04:43Z,2026-10-02T09:14:26Z,10,linux_16_core,0.026,0.26,ubuntu-latest-16-core-arm-oss
36987126046,131703,build-and-test,pull_request,sokra,User,human,110775924779,test turbopack production (4/7) / build,2026-10-02T09:04:44Z,2026-10-02T09:17:33Z,13,linux_16_core,0.026,0.33799999999999997,ubuntu-latest-16-core-arm-oss
36987126046,131703,build-and-test,pull_request,sokra,User,human,110775924803,test turbopack dev (3/7) / build,2026-10-02T09:04:43Z,2026-10-02T09:15:31Z,11,linux_16_core,0.026,0.286,ubuntu-latest-16-core-arm-oss
36987126046,131703,build-and-test,pull_request,sokra,User,human,110775924838,test turbopack dev (1/7) / build,2026-10-02T09:04:43Z,2026-10-02T09:23:28Z,19,linux_16_core,0.026,0.494,ubuntu-latest-16-core-arm-oss
36987126046,131703,build-and-test,pull_request,sokra,User,human,110775924927,test turbopack dev (7/7) / build,2026-10-02T09:04:43Z,2026-10-02T09:15:55Z,12,linux_16_core,0.026,0.312,ubuntu-latest-16-core-arm-oss
36987126046,131703,build-and-test,pull_request,sokra,User,human,110775924944,test turbopack dev (5/7) / build,2026-10-02T09:04:43Z,2026-10-02T09:14:11Z,10,linux_16_core,0.026,0.26,ubuntu-latest-16-core-arm-oss
36987126046,131703,build-and-test,pull_request,sokra,User,human,110775924981,Test new and changed tests for flakes (dev) (1/5) / build,2026-10-02T09:04:44Z,2026-10-02T09:05:26Z,1,linux_16_core,0.026,0.026,ubuntu-latest-16-core-arm-oss
36987126046,131703,build-and-test,pull_request,sokra,User,human,110775925005,Test new and changed tests for flakes (dev) (3/5) / build,2026-10-02T09:04:45Z,2026-10-02T09:05:33Z,1,linux_16_core,0.026,0.026,ubuntu-latest-16-core-arm-oss
36987126046,131703,build-and-test,pull_request,sokra,User,human,110775925018,Test new and changed tests for flakes (dev) (4/5) / build,2026-10-02T09:04:44Z,2026-10-02T09:05:28Z,1,linux_16_core,0.026,0.026,ubuntu-latest-16-core-arm-oss
36987126046,131703,build-and-test,pull_request,sokra,User,human,110775925026,Test new and changed tests for flakes (dev) (2/5) / build,2026-10-02T09:04:43Z,2026-10-02T09:05:31Z,1,linux_16_core,0.026,0.026,ubuntu-latest-16-core-arm-oss
36987126046,131703,build-and-test,pull_request,sokra,User,human,110775925115,test cache components prod (4/7) / build,2026-10-02T09:04:43Z,2026-10-02T09:15:05Z,11,linux_16_core,0.026,0.286,ubuntu-latest-16-core-arm-oss
36987126046,131703,build-and-test,pull_request,sokra,User,human,110775925130,test cache components prod (1/7) / build,2026-10-02T09:04:43Z,2026-10-02T09:10:01Z,6,linux_16_core,0.026,0.156,ubuntu-latest-16-core-arm-oss
36987126046,131703,build-and-test,pull_request,sokra,User,human,110775925142,test turbopack dev (2/7) / build,2026-10-02T09:04:44Z,2026-10-02T09:16:54Z,13,linux_16_core,0.026,0.33799999999999997,ubuntu-latest-16-core-arm-oss
36987126046,131703,build-and-test,pull_request,sokra,User,human,110775925170,test cache components prod (3/7) / build,2026-10-02T09:04:43Z,2026-10-02T09:11:46Z,8,linux_16_core,0.026,0.208,ubuntu-latest-16-core-arm-oss
36987126046,131703,build-and-test,pull_request,sokra,User,human,110775925192,Test new and changed tests for flakes (dev) (5/5) / build,2026-10-02T09:04:43Z,2026-10-02T09:05:30Z,1,linux_16_core,0.026,0.026,ubuntu-latest-16-core-arm-oss
36987126046,131703,build-and-test,pull_request,sokra,User,human,110775925214,test cache components prod (2/7) / build,2026-10-02T09:04:43Z,2026-10-02T09:09:36Z,5,linux_16_core,0.026,0.13,ubuntu-latest-16-core-arm-oss
36987126046,131703,build-and-test,pull_request,sokra,User,human,110775925256,test cache components prod (5/7) / build,2026-10-02T09:04:43Z,2026-10-02T09:12:18Z,8,linux_16_core,0.026,0.208,ubuntu-latest-16-core-arm-oss
36987126046,131703,build-and-test,pull_request,sokra,User,human,110775925362,test cache components prod (7/7) / build,2026-10-02T09:04:43Z,2026-10-02T09:11:25Z,7,linux_16_core,0.026,0.182,ubuntu-latest-16-core-arm-oss
36987126046,131703,build-and-test,pull_request,sokra,User,human,110775925414,test cache components prod (6/7) / build,2026-10-02T09:04:43Z,2026-10-02T09:18:43Z,14,linux_16_core,0.026,0.364,ubuntu-latest-16-core-arm-oss
36987126046,131703,build-and-test,pull_request,sokra,User,human,110775925416,Test new and changed tests for flakes (prod) (2/5) / build,2026-10-02T09:04:43Z,2026-10-02T09:05:28Z,1,linux_16_core,0.026,0.026,ubuntu-latest-16-core-arm-oss
36987126046,131703,build-and-test,pull_request,sokra,User,human,110775925440,test unit (22) / build,2026-10-02T09:04:43Z,2026-10-02T09:06:20Z,2,linux_16_core,0.026,0.052,ubuntu-latest-16-core-arm-oss
36987126046,131703,build-and-test,pull_request,sokra,User,human,110775925444,Test new and changed tests for flakes (prod) (3/5) / build,2026-10-02T09:04:44Z,2026-10-02T09:05:28Z,1,linux_16_core,0.026,0.026,ubuntu-latest-16-core-arm-oss
36987126046,131703,build-and-test,pull_request,sokra,User,human,110775925467,Test new and changed tests for flakes (prod) (4/5) / build,2026-10-02T09:04:44Z,2026-10-02T09:05:24Z,1,linux_16_core,0.026,0.026,ubuntu-latest-16-core-arm-oss
36987126046,131703,build-and-test,pull_request,sokra,User,human,110775925492,test next-config-ts-native-ts prod (24.15.0) / build,2026-10-02T09:04:44Z,2026-10-02T09:06:46Z,3,linux_16_core,0.026,0.078,ubuntu-latest-16-core-arm-oss
36987126046,131703,build-and-test,pull_request,sokra,User,human,110775925494,test unit (20) / build,2026-10-02T09:04:43Z,2026-10-02T09:06:52Z,3,linux_16_core,0.026,0.078,ubuntu-latest-16-core-arm-oss
36987126046,131703,build-and-test,pull_request,sokra,User,human,110775925503,Test new and changed tests for flakes (prod) (1/5) / build,2026-10-02T09:04:43Z,2026-10-02T09:05:27Z,1,linux_16_core,0.026,0.026,ubuntu-latest-16-core-arm-oss
36987126046,131703,build-and-test,pull_request,sokra,User,human,110775925564,test next-config-ts-native-ts prod (22) / build,2026-10-02T09:04:43Z,2026-10-02T09:06:50Z,3,linux_16_core,0.026,0.078,ubuntu-latest-16-core-arm-oss
36987126046,131703,build-and-test,pull_request,sokra,User,human,110775925573,test prod (4/10) / build,2026-10-02T09:04:43Z,2026-10-02T09:18:27Z,14,linux_16_core,0.026,0.364,ubuntu-latest-16-core-arm-oss
36987126046,131703,build-and-test,pull_request,sokra,User,human,110775925610,test prod (7/10) / build,2026-10-02T09:04:45Z,2026-10-02T09:21:47Z,18,linux_16_core,0.026,0.46799999999999997,ubuntu-latest-16-core-arm-oss
36987126046,131703,build-and-test,pull_request,sokra,User,human,110775925660,test prod (9/10) / build,2026-10-02T09:04:45Z,2026-10-02T09:16:58Z,13,linux_16_core,0.026,0.33799999999999997,ubuntu-latest-16-core-arm-oss
36987126046,131703,build-and-test,pull_request,sokra,User,human,110775925694,test prod (10/10) / build,2026-10-02T09:04:44Z,2026-10-02T09:19:30Z,15,linux_16_core,0.026,0.38999999999999996,ubuntu-latest-16-core-arm-oss
36987126046,131703,build-and-test,pull_request,sokra,User,human,110775925708,test prod (5/10) / build,2026-10-02T09:04:44Z,2026-10-02T09:20:58Z,17,linux_16_core,0.026,0.442,ubuntu-latest-16-core-arm-oss
36987126046,131703,build-and-test,pull_request,sokra,User,human,110775925712,test prod (6/10) / build,2026-10-02T09:04:45Z,2026-10-02T09:19:00Z,15,linux_16_core,0.026,0.38999999999999996,ubuntu-latest-16-core-arm-oss
36987126046,131703,build-and-test,pull_request,sokra,User,human,110775925725,test prod (3/10) / build,2026-10-02T09:04:45Z,2026-10-02T09:21:53Z,18,linux_16_core,0.026,0.46799999999999997,ubuntu-latest-16-core-arm-oss
36987126046,131703,build-and-test,pull_request,sokra,User,human,110775925728,test prod (1/10) / build,2026-10-02T09:04:45Z,2026-10-02T09:18:32Z,14,linux_16_core,0.026,0.364,ubuntu-latest-16-core-arm-oss
36987126046,131703,build-and-test,pull_request,sokra,User,human,110775925777,test cache components dev (2/6) / build,2026-10-02T09:04:45Z,2026-10-02T09:11:18Z,7,linux_16_core,0.026,0.182,ubuntu-latest-16-core-arm-oss
36987126046,131703,build-and-test,pull_request,sokra,User,human,110775925793,test prod (8/10) / build,2026-10-02T09:04:45Z,2026-10-02T09:20:40Z,16,linux_16_core,0.026,0.416,ubuntu-latest-16-core-arm-oss
36987126046,131703,build-and-test,pull_request,sokra,User,human,110775925839,test prod (2/10) / build,2026-10-02T09:04:45Z,2026-10-02T09:19:49Z,16,linux_16_core,0.026,0.416,ubuntu-latest-16-core-arm-oss
36987126046,131703,build-and-test,pull_request,sokra,User,human,110775925895,test cache components dev (3/6) / build,2026-10-02T09:04:44Z,2026-10-02T09:11:25Z,7,linux_16_core,0.026,0.182,ubuntu-latest-16-core-arm-oss
36987126046,131703,build-and-test,pull_request,sokra,User,human,110775925903,test dev (6/10) / build,2026-10-02T09:04:44Z,2026-10-02T09:14:37Z,10,linux_16_core,0.026,0.26,ubuntu-latest-16-core-arm-oss
36987126046,131703,build-and-test,pull_request,sokra,User,human,110775925948,test cache components dev (5/6) / build,2026-10-02T09:04:45Z,2026-10-02T09:21:13Z,17,linux_16_core,0.026,0.442,ubuntu-latest-16-core-arm-oss
36987126046,131703,build-and-test,pull_request,sokra,User,human,110775925950,test dev (5/10) / build,2026-10-02T09:04:45Z,2026-10-02T09:14:56Z,11,linux_16_core,0.026,0.286,ubuntu-latest-16-core-arm-oss
36987126046,131703,build-and-test,pull_request,sokra,User,human,110775925951,test cache components dev (1/6) / build,2026-10-02T09:04:44Z,2026-10-02T09:12:20Z,8,linux_16_core,0.026,0.208,ubuntu-latest-16-core-arm-oss
36987126046,131703,build-and-test,pull_request,sokra,User,human,110775926037,test dev (4/10) / build,2026-10-02T09:04:45Z,2026-10-02T09:15:43Z,11,linux_16_core,0.026,0.286,ubuntu-latest-16-core-arm-oss
36987126046,131703,build-and-test,pull_request,sokra,User,human,110775926038,test cache components dev (6/6) / build,2026-10-02T09:04:45Z,2026-10-02T09:12:18Z,8,linux_16_core,0.026,0.208,ubuntu-latest-16-core-arm-oss
36987126046,131703,build-and-test,pull_request,sokra,User,human,110775926054,test dev (7/10) / build,2026-10-02T09:04:45Z,2026-10-02T09:17:15Z,13,linux_16_core,0.026,0.33799999999999997,ubuntu-latest-16-core-arm-oss
36987126046,131703,build-and-test,pull_request,sokra,User,human,110775926103,test dev (10/10) / build,2026-10-02T09:04:45Z,2026-10-02T09:15:15Z,11,linux_16_core,0.026,0.286,ubuntu-latest-16-core-arm-oss
36987126046,131703,build-and-test,pull_request,sokra,User,human,110775926107,test dev (2/10) / build,2026-10-02T09:04:45Z,2026-10-02T09:25:06Z,21,linux_16_core,0.026,0.5459999999999999,ubuntu-latest-16-core-arm-oss
36987126046,131703,build-and-test,pull_request,sokra,User,human,110775926138,test cache components dev (4/6) / build,2026-10-02T09:04:45Z,2026-10-02T09:11:53Z,8,linux_16_core,0.026,0.208,ubuntu-latest-16-core-arm-oss
36987126046,131703,build-and-test,pull_request,sokra,User,human,110775926140,test dev (9/10) / build,2026-10-02T09:04:45Z,2026-10-02T09:14:11Z,10,linux_16_core,0.026,0.26,ubuntu-latest-16-core-arm-oss
36987126046,131703,build-and-test,pull_request,sokra,User,human,110775926146,test dev (8/10) / build,2026-10-02T09:04:45Z,2026-10-02T09:16:07Z,12,linux_16_core,0.026,0.312,ubuntu-latest-16-core-arm-oss
36987126046,131703,build-and-test,pull_request,sokra,User,human,110775926165,test dev (3/10) / build,2026-10-02T09:04:45Z,2026-10-02T09:14:57Z,11,linux_16_core,0.026,0.286,ubuntu-latest-16-core-arm-oss
36987126046,131703,build-and-test,pull_request,sokra,User,human,110775926178,test dev (1/10) / build,2026-10-02T09:04:45Z,2026-10-02T09:15:43Z,11,linux_16_core,0.026,0.286,ubuntu-latest-16-core-arm-oss
36987126046,131703,build-and-test,pull_request,sokra,User,human,110775926269,Test new and changed tests for flakes (prod) (5/5) / build,2026-10-02T09:04:45Z,2026-10-02T09:05:27Z,1,linux_16_core,0.026,0.026,ubuntu-latest-16-core-arm-oss
36987126046,131703,build-and-test,pull_request,sokra,User,human,110778473751,Test new and changed tests when deployed (4/5) / build,2026-10-02T09:11:55Z,2026-10-02T09:12:35Z,1,linux_16_core,0.026,0.026,ubuntu-latest-16-core-arm-oss
36987126046,131703,build-and-test,pull_request,sokra,User,human,110778473757,Test new and changed tests when deployed (2/5) / build,2026-10-02T09:12:14Z,2026-10-02T09:13:06Z,1,linux_16_core,0.026,0.026,ubuntu-latest-16-core-arm-oss
36987126046,131703,build-and-test,pull_request,sokra,User,human,110778473907,Test new and changed tests when deployed (1/5) / build,2026-10-02T09:11:43Z,2026-10-02T09:12:27Z,1,linux_16_core,0.026,0.026,ubuntu-latest-16-core-arm-oss
36987126046,131703,build-and-test,pull_request,sokra,User,human,110778473944,Test new and changed tests when deployed (5/5) / build,2026-10-02T09:12:53Z,2026-10-02T09:13:39Z,1,linux_16_core,0.026,0.026,ubuntu-latest-16-core-arm-oss
36987126046,131703,build-and-test,pull_request,sokra,User,human,110778473959,Test new and changed tests when deployed (3/5) / build,2026-10-02T09:12:28Z,2026-10-02T09:13:10Z,1,linux_16_core,0.026,0.026,ubuntu-latest-16-core-arm-oss
36987126046,131703,build-and-test,pull_request,sokra,User,human,110778474040,Test new and changed tests when deployed (cache components) (4/5) / build,2026-10-02T09:12:21Z,2026-10-02T09:13:11Z,1,linux_16_core,0.026,0.026,ubuntu-latest-16-core-arm-oss
36987126046,131703,build-and-test,pull_request,sokra,User,human,110778474177,Test new and changed tests when deployed (cache components) (3/5) / build,2026-10-02T09:12:20Z,2026-10-02T09:13:11Z,1,linux_16_core,0.026,0.026,ubuntu-latest-16-core-arm-oss
36987126046,131703,build-and-test,pull_request,sokra,User,human,110778474213,Test new and changed tests when deployed (cache components) (2/5) / build,2026-10-02T09:12:37Z,2026-10-02T09:13:19Z,1,linux_16_core,0.026,0.026,ubuntu-latest-16-core-arm-oss
36987126046,131703,build-and-test,pull_request,sokra,User,human,110778474265,Test new and changed tests when deployed (cache components) (1/5) / build,2026-10-02T09:13:07Z,2026-10-02T09:13:49Z,1,linux_16_core,0.026,0.026,ubuntu-latest-16-core-arm-oss
36987126046,131703,build-and-test,pull_request,sokra,User,human,110778474381,Test new and changed tests when deployed (cache components) (5/5) / build,2026-10-02T09:12:36Z,2026-10-02T09:13:20Z,1,linux_16_core,0.026,0.026,ubuntu-latest-16-core-arm-oss
36987126046,131703,build-and-test,pull_request,sokra,User,human,110779985061,test prod windows / build,2026-10-02T09:17:28Z,2026-10-02T09:23:37Z,7,windows_8_core,0.042,0.29400000000000004,windows-latest-8-core-oss
36987126046,131703,build-and-test,pull_request,sokra,User,human,110779985083,test integration windows / build,2026-10-02T09:17:45Z,2026-10-02T09:28:12Z,11,windows_8_core,0.042,0.462,windows-latest-8-core-oss
36987126046,131703,build-and-test,pull_request,sokra,User,human,110779985152,test dev windows / build,2026-10-02T09:17:48Z,2026-10-02T09:25:37Z,8,windows_8_core,0.042,0.336,windows-latest-8-core-oss
36987126046,131703,build-and-test,pull_request,sokra,User,human,110779985273,test unit windows (20) / build,2026-10-02T09:18:28Z,2026-10-02T09:24:29Z,7,windows_8_core,0.042,0.29400000000000004,windows-latest-8-core-oss
36987126046,131703,build-and-test,pull_request,sokra,User,human,110779985334,test unit windows (22) / build,2026-10-02T09:18:23Z,2026-10-02T09:29:14Z,11,windows_8_core,0.042,0.462,windows-latest-8-core-oss
36987126046,131703,build-and-test,pull_request,sokra,User,human,110783893015,"thank you, next",2026-10-02T09:29:17Z,2026-10-02T09:29:19Z,1,actions_linux,0.006,0.006,ubuntu-latest
36987125760,148119,build-and-deploy,pull_request,sokra,User,human,110774589247,deploy-target,2026-10-02T08:58:54Z,2026-10-02T08:59:13Z,1,actions_linux,0.006,0.006,ubuntu-latest
36987125760,148119,build-and-deploy,pull_request,sokra,User,human,110774713057,build,2026-10-02T08:59:16Z,2026-10-02T09:01:44Z,3,actions_linux,0.006,0.018000000000000002,ubuntu-latest
36987125760,148119,build-and-deploy,pull_request,sokra,User,human,110774713060,generate-native-matrix,2026-10-02T08:59:16Z,2026-10-02T08:59:21Z,1,actions_linux,0.006,0.006,ubuntu-latest
36987125760,148119,build-and-deploy,pull_request,sokra,User,human,110774713140,build-wasm (nodejs),2026-10-02T08:59:16Z,2026-10-02T09:01:47Z,3,linux_16_core,0.042,0.126,ubuntu-latest-16-core-oss
36987125760,148119,build-and-deploy,pull_request,sokra,User,human,110774713144,build-wasm (web),2026-10-02T08:59:16Z,2026-10-02T09:01:59Z,3,linux_16_core,0.042,0.126,ubuntu-latest-16-core-oss
36987125760,148119,build-and-deploy,pull_request,sokra,User,human,110774735718,Docs Link Validation,2026-10-02T08:59:18Z,2026-10-02T08:59:18Z,1,actions_linux,0.006,0.006,
36987125760,148119,build-and-deploy,pull_request,sokra,User,human,110774749168,stable - x86_64-unknown-linux-gnu - node@20,2026-10-02T08:59:23Z,2026-10-02T09:07:34Z,9,linux_16_core,0.042,0.378,ubuntu-latest-16-core-oss
36987125760,148119,build-and-deploy,pull_request,sokra,User,human,110777259592,Prepare preview tarball,2026-10-02T09:07:36Z,2026-10-02T09:10:48Z,4,actions_linux,0.006,0.024,ubuntu-latest
36987125760,148119,build-and-deploy,pull_request,sokra,User,human,110777259634,"thank you, build",2026-10-02T09:07:36Z,2026-10-02T09:07:38Z,1,actions_linux,0.006,0.006,ubuntu-latest
36987125760,148119,build-and-deploy,pull_request,sokra,User,human,110777261599,Upload Turbopack Bytesize metrics to Datadog,2026-10-02T09:07:35Z,2026-10-02T09:07:34Z,1,actions_linux,0.006,0.006,ubuntu-latest
36987125760,148119,build-and-deploy,pull_request,sokra,User,human,110777261609,Potentially publish release,2026-10-02T09:07:35Z,2026-10-02T09:07:34Z,1,actions_linux,0.006,0.006,ubuntu-latest
36987125760,148119,build-and-deploy,pull_request,sokra,User,human,110777262735,report publish failure to slack,2026-10-02T09:07:35Z,2026-10-02T09:07:34Z,1,actions_linux,0.006,0.006,ubuntu-latest
36987120952,78019,PR CI Comment,workflow_run,sokra,User,human,110774573521,Comment on PR,2026-10-02T08:59:23Z,2026-10-02T08:59:38Z,1,actions_linux,0.006,0.006,ubuntu-latest
36987117828,131702,build-and-test,pull_request,sokra,User,human,110774566321,Upload PR CI metadata,2026-10-02T08:58:46Z,2026-10-02T08:58:51Z,1,actions_linux,0.006,0.006,ubuntu-latest
36987117828,131702,build-and-test,pull_request,sokra,User,human,110774566778,optimize-ci / PR Stack CI Gate,2026-10-02T08:58:45Z,2026-10-02T08:58:52Z,1,actions_linux,0.006,0.006,ubuntu-latest
36987117828,131702,build-and-test,pull_request,sokra,User,human,110774607813,validate-docs-links,2026-10-02T08:58:54Z,2026-10-02T08:59:12Z,1,actions_linux,0.006,0.006,ubuntu-latest
36987117828,131702,build-and-test,pull_request,sokra,User,human,110774607876,Determine changes,2026-10-02T08:58:54Z,2026-10-02T08:59:05Z,1,actions_linux,0.006,0.006,ubuntu-latest
36987117828,131702,build-and-test,pull_request,sokra,User,human,110774608209,build-next / build,2026-10-02T08:58:55Z,2026-10-02T08:59:42Z,1,linux_16_core,0.026,0.026,ubuntu-latest-16-core-arm-oss
36987117828,131702,build-and-test,pull_request,sokra,User,human,110774672464,Wait for preview tarball,2026-10-02T08:59:08Z,2026-10-02T09:11:11Z,13,actions_linux,0.006,0.078,ubuntu-latest
36987117828,131702,build-and-test,pull_request,sokra,User,human,110774672551,fetch test timings,2026-10-02T08:59:07Z,2026-10-02T08:59:53Z,1,actions_linux,0.006,0.006,ubuntu-latest
36987117828,131702,build-and-test,pull_request,sokra,User,human,110774672827,build-native / build,2026-10-02T08:59:08Z,2026-10-02T09:03:07Z,4,linux_16_core,0.026,0.104,ubuntu-latest-16-core-arm-oss
36987117828,131702,build-and-test,pull_request,sokra,User,human,110774672882,test devlow package / build,2026-10-02T08:59:08Z,2026-10-02T08:59:52Z,1,linux_16_core,0.026,0.026,ubuntu-latest-16-core-arm-oss
36987117828,131702,build-and-test,pull_request,sokra,User,human,110774672913,build-native-windows / build,2026-10-02T08:59:10Z,2026-10-02T09:13:45Z,15,windows_8_core,0.042,0.63,windows-latest-8-core-oss
36987117828,131702,build-and-test,pull_request,sokra,User,human,110774852187,ast-grep lint,2026-10-02T08:59:44Z,2026-10-02T08:59:59Z,1,actions_linux,0.006,0.006,ubuntu-latest
36987117828,131702,build-and-test,pull_request,sokra,User,human,110774852415,test cargo unit / build,2026-10-02T09:01:11Z,2026-10-02T09:11:29Z,11,linux_16_core,0.042,0.462,ubuntu-latest-16-core-oss
36987117828,131702,build-and-test,pull_request,sokra,User,human,110774852493,test cargo benches / Test,2026-10-02T09:01:09Z,2026-10-02T09:07:26Z,7,linux_16_core,0.042,0.29400000000000004,ubuntu-latest-16-core-oss
36987117828,131702,build-and-test,pull_request,sokra,User,human,110774852507,rust check / build,2026-10-02T08:59:45Z,2026-10-02T09:04:19Z,5,linux_16_core,0.026,0.13,ubuntu-latest-16-core-arm-oss
36987117828,131702,build-and-test,pull_request,sokra,User,human,110774852589,lint / build,2026-10-02T08:59:45Z,2026-10-02T09:04:56Z,6,linux_16_core,0.026,0.156,ubuntu-latest-16-core-arm-oss
36987117828,131702,build-and-test,pull_request,sokra,User,human,110774852594,test next-swc wasm / build,2026-10-02T08:59:45Z,2026-10-02T09:03:56Z,5,linux_16_core,0.026,0.13,ubuntu-latest-16-core-arm-oss
36987117828,131702,build-and-test,pull_request,sokra,User,human,110774852617,rustdoc check / build,2026-10-02T08:59:45Z,2026-10-02T09:01:53Z,3,linux_16_core,0.026,0.078,ubuntu-latest-16-core-arm-oss
36987117828,131702,build-and-test,pull_request,sokra,User,human,110774852629,test next-swc wasi / build,2026-10-02T08:59:44Z,2026-10-02T09:03:28Z,4,linux_16_core,0.026,0.104,ubuntu-latest-16-core-arm-oss
36987117828,131702,build-and-test,pull_request,sokra,User,human,110774852634,test cargo unit (miri) / build,2026-10-02T08:59:45Z,2026-10-02T09:08:21Z,9,linux_16_core,0.026,0.23399999999999999,ubuntu-latest-16-core-arm-oss
36987117828,131702,build-and-test,pull_request,sokra,User,human,110775890920,types and precompiled / build,2026-10-02T09:03:10Z,2026-10-02T09:05:14Z,3,linux_16_core,0.026,0.078,ubuntu-latest-16-core-arm-oss
36987117828,131702,build-and-test,pull_request,sokra,User,human,110775891655,test rspack production,2026-10-02T09:03:08Z,2026-10-02T09:03:07Z,1,actions_linux,0.006,0.006,
36987117828,131702,build-and-test,pull_request,sokra,User,human,110775891831,Run devlow benchmarks,2026-10-02T09:03:08Z,2026-10-02T09:03:07Z,1,actions_linux,0.006,0.006,
36987117828,131702,build-and-test,pull_request,sokra,User,human,110775892371,test firefox and safari / build,2026-10-02T09:03:11Z,2026-10-02T09:08:05Z,5,linux_16_core,0.026,0.13,ubuntu-latest-16-core-arm-oss
36987117828,131702,build-and-test,pull_request,sokra,User,human,110775892457,test rspack dev,2026-10-02T09:03:08Z,2026-10-02T09:03:07Z,1,actions_linux,0.006,0.006,
36987117828,131702,build-and-test,pull_request,sokra,User,human,110775892484,test turbopack production (7/7) / build,2026-10-02T09:04:41Z,2026-10-02T09:18:12Z,14,linux_16_core,0.026,0.364,ubuntu-latest-16-core-arm-oss
36987117828,131702,build-and-test,pull_request,sokra,User,human,110775892591,test turbopack production (3/7) / build,2026-10-02T09:03:11Z,2026-10-02T09:14:58Z,12,linux_16_core,0.026,0.312,ubuntu-latest-16-core-arm-oss
36987117828,131702,build-and-test,pull_request,sokra,User,human,110775892602,test turbopack production (4/7) / build,2026-10-02T09:03:11Z,2026-10-02T09:15:52Z,13,linux_16_core,0.026,0.33799999999999997,ubuntu-latest-16-core-arm-oss
36987117828,131702,build-and-test,pull_request,sokra,User,human,110775892651,test turbopack production (1/7) / build,2026-10-02T09:03:11Z,2026-10-02T09:19:21Z,17,linux_16_core,0.026,0.442,ubuntu-latest-16-core-arm-oss
36987117828,131702,build-and-test,pull_request,sokra,User,human,110775892681,test turbopack production (2/7) / build,2026-10-02T09:03:11Z,2026-10-02T09:15:44Z,13,linux_16_core,0.026,0.33799999999999997,ubuntu-latest-16-core-arm-oss
36987117828,131702,build-and-test,pull_request,sokra,User,human,110775892736,test turbopack dev (1/7) / build,2026-10-02T09:03:11Z,2026-10-02T09:21:46Z,19,linux_16_core,0.026,0.494,ubuntu-latest-16-core-arm-oss
36987117828,131702,build-and-test,pull_request,sokra,User,human,110775892739,test turbopack dev (4/7) / build,2026-10-02T09:03:11Z,2026-10-02T09:13:11Z,10,linux_16_core,0.026,0.26,ubuntu-latest-16-core-arm-oss
36987117828,131702,build-and-test,pull_request,sokra,User,human,110775892815,test turbopack production (5/7) / build,2026-10-02T09:03:11Z,2026-10-02T09:16:30Z,14,linux_16_core,0.026,0.364,ubuntu-latest-16-core-arm-oss
36987117828,131702,build-and-test,pull_request,sokra,User,human,110775892816,test turbopack production (6/7) / build,2026-10-02T09:03:11Z,2026-10-02T09:19:18Z,17,linux_16_core,0.026,0.442,ubuntu-latest-16-core-arm-oss
36987117828,131702,build-and-test,pull_request,sokra,User,human,110775892917,test turbopack dev (2/7) / build,2026-10-02T09:04:41Z,2026-10-02T09:16:50Z,13,linux_16_core,0.026,0.33799999999999997,ubuntu-latest-16-core-arm-oss
36987117828,131702,build-and-test,pull_request,sokra,User,human,110775892970,test turbopack dev (3/7) / build,2026-10-02T09:03:11Z,2026-10-02T09:13:49Z,11,linux_16_core,0.026,0.286,ubuntu-latest-16-core-arm-oss
36987117828,131702,build-and-test,pull_request,sokra,User,human,110775892992,test next-config-ts-native-ts dev (24.15.0) / build,2026-10-02T09:03:11Z,2026-10-02T09:04:44Z,2,linux_16_core,0.026,0.052,ubuntu-latest-16-core-arm-oss
36987117828,131702,build-and-test,pull_request,sokra,User,human,110775892997,test turbopack dev (5/7) / build,2026-10-02T09:03:11Z,2026-10-02T09:12:27Z,10,linux_16_core,0.026,0.26,ubuntu-latest-16-core-arm-oss
36987117828,131702,build-and-test,pull_request,sokra,User,human,110775893021,test turbopack dev (7/7) / build,2026-10-02T09:03:11Z,2026-10-02T09:14:40Z,12,linux_16_core,0.026,0.312,ubuntu-latest-16-core-arm-oss
36987117828,131702,build-and-test,pull_request,sokra,User,human,110775893083,test turbopack dev (6/7) / build,2026-10-02T09:03:11Z,2026-10-02T09:12:42Z,10,linux_16_core,0.026,0.26,ubuntu-latest-16-core-arm-oss
36987117828,131702,build-and-test,pull_request,sokra,User,human,110775893173,test next-config-ts-native-ts dev (22) / build,2026-10-02T09:04:40Z,2026-10-02T09:06:14Z,2,linux_16_core,0.026,0.052,ubuntu-latest-16-core-arm-oss
36987117828,131702,build-and-test,pull_request,sokra,User,human,110775893260,test cache components dev (1/6) / build,2026-10-02T09:03:11Z,2026-10-02T09:11:10Z,8,linux_16_core,0.026,0.208,ubuntu-latest-16-core-arm-oss
36987117828,131702,build-and-test,pull_request,sokra,User,human,110775893270,test cache components dev (2/6) / build,2026-10-02T09:03:11Z,2026-10-02T09:09:42Z,7,linux_16_core,0.026,0.182,ubuntu-latest-16-core-arm-oss
36987117828,131702,build-and-test,pull_request,sokra,User,human,110775893286,Test new and changed tests for flakes (dev) (4/5) / build,2026-10-02T09:03:11Z,2026-10-02T09:03:56Z,1,linux_16_core,0.026,0.026,ubuntu-latest-16-core-arm-oss
36987117828,131702,build-and-test,pull_request,sokra,User,human,110775893289,Test new and changed tests for flakes (dev) (2/5) / build,2026-10-02T09:03:11Z,2026-10-02T09:03:53Z,1,linux_16_core,0.026,0.026,ubuntu-latest-16-core-arm-oss
36987117828,131702,build-and-test,pull_request,sokra,User,human,110775893318,Test new and changed tests for flakes (dev) (5/5) / build,2026-10-02T09:04:41Z,2026-10-02T09:05:21Z,1,linux_16_core,0.026,0.026,ubuntu-latest-16-core-arm-oss
36987117828,131702,build-and-test,pull_request,sokra,User,human,110775893330,test cache components dev (4/6) / build,2026-10-02T09:03:11Z,2026-10-02T09:10:03Z,7,linux_16_core,0.026,0.182,ubuntu-latest-16-core-arm-oss
36987117828,131702,build-and-test,pull_request,sokra,User,human,110775893354,Test new and changed tests for flakes (dev) (3/5) / build,2026-10-02T09:04:38Z,2026-10-02T09:05:16Z,1,linux_16_core,0.026,0.026,ubuntu-latest-16-core-arm-oss
36987117828,131702,build-and-test,pull_request,sokra,User,human,110775893377,Test new and changed tests for flakes (dev) (1/5) / build,2026-10-02T09:03:11Z,2026-10-02T09:03:56Z,1,linux_16_core,0.026,0.026,ubuntu-latest-16-core-arm-oss
36987117828,131702,build-and-test,pull_request,sokra,User,human,110775893402,Test new and changed tests for flakes (prod) (2/5) / build,2026-10-02T09:03:11Z,2026-10-02T09:03:59Z,1,linux_16_core,0.026,0.026,ubuntu-latest-16-core-arm-oss
36987117828,131702,build-and-test,pull_request,sokra,User,human,110775893410,test cache components dev (3/6) / build,2026-10-02T09:03:11Z,2026-10-02T09:09:42Z,7,linux_16_core,0.026,0.182,ubuntu-latest-16-core-arm-oss
36987117828,131702,build-and-test,pull_request,sokra,User,human,110775893448,Test new and changed tests for flakes (prod) (5/5) / build,2026-10-02T09:03:11Z,2026-10-02T09:04:01Z,1,linux_16_core,0.026,0.026,ubuntu-latest-16-core-arm-oss
36987117828,131702,build-and-test,pull_request,sokra,User,human,110775893519,Test new and changed tests for flakes (prod) (3/5) / build,2026-10-02T09:03:11Z,2026-10-02T09:03:51Z,1,linux_16_core,0.026,0.026,ubuntu-latest-16-core-arm-oss
36987117828,131702,build-and-test,pull_request,sokra,User,human,110775893520,test cache components dev (6/6) / build,2026-10-02T09:03:11Z,2026-10-02T09:10:49Z,8,linux_16_core,0.026,0.208,ubuntu-latest-16-core-arm-oss
36987117828,131702,build-and-test,pull_request,sokra,User,human,110775893535,Test new and changed tests for flakes (prod) (1/5) / build,2026-10-02T09:03:11Z,2026-10-02T09:03:57Z,1,linux_16_core,0.026,0.026,ubuntu-latest-16-core-arm-oss
36987117828,131702,build-and-test,pull_request,sokra,User,human,110775893536,test cache components dev (5/6) / build,2026-10-02T09:04:38Z,2026-10-02T09:21:07Z,17,linux_16_core,0.026,0.442,ubuntu-latest-16-core-arm-oss
36987117828,131702,build-and-test,pull_request,sokra,User,human,110775893544,test prod (10/10) / build,2026-10-02T09:03:11Z,2026-10-02T09:17:46Z,15,linux_16_core,0.026,0.38999999999999996,ubuntu-latest-16-core-arm-oss
36987117828,131702,build-and-test,pull_request,sokra,User,human,110775893563,Test new and changed tests for flakes (prod) (4/5) / build,2026-10-02T09:04:35Z,2026-10-02T09:05:26Z,1,linux_16_core,0.026,0.026,ubuntu-latest-16-core-arm-oss
36987117828,131702,build-and-test,pull_request,sokra,User,human,110775893577,test prod (9/10) / build,2026-10-02T09:03:11Z,2026-10-02T09:15:24Z,13,linux_16_core,0.026,0.33799999999999997,ubuntu-latest-16-core-arm-oss
36987117828,131702,build-and-test,pull_request,sokra,User,human,110775893653,test prod (2/10) / build,2026-10-02T09:04:39Z,2026-10-02T09:19:41Z,16,linux_16_core,0.026,0.416,ubuntu-latest-16-core-arm-oss
36987117828,131702,build-and-test,pull_request,sokra,User,human,110775893718,test prod (8/10) / build,2026-10-02T09:04:14Z,2026-10-02T09:20:26Z,17,linux_16_core,0.026,0.442,ubuntu-latest-16-core-arm-oss
36987117828,131702,build-and-test,pull_request,sokra,User,human,110775893725,test prod (3/10) / build,2026-10-02T09:04:38Z,2026-10-02T09:21:01Z,17,linux_16_core,0.026,0.442,ubuntu-latest-16-core-arm-oss
36987117828,131702,build-and-test,pull_request,sokra,User,human,110775893730,test prod (1/10) / build,2026-10-02T09:04:33Z,2026-10-02T09:18:31Z,14,linux_16_core,0.026,0.364,ubuntu-latest-16-core-arm-oss
36987117828,131702,build-and-test,pull_request,sokra,User,human,110775893733,test prod (5/10) / build,2026-10-02T09:03:11Z,2026-10-02T09:19:41Z,17,linux_16_core,0.026,0.442,ubuntu-latest-16-core-arm-oss
36987117828,131702,build-and-test,pull_request,sokra,User,human,110775893748,test prod (4/10) / build,2026-10-02T09:04:39Z,2026-10-02T09:18:37Z,14,linux_16_core,0.026,0.364,ubuntu-latest-16-core-arm-oss
36987117828,131702,build-and-test,pull_request,sokra,User,human,110775893752,test prod (6/10) / build,2026-10-02T09:04:42Z,2026-10-02T09:19:10Z,15,linux_16_core,0.026,0.38999999999999996,ubuntu-latest-16-core-arm-oss
36987117828,131702,build-and-test,pull_request,sokra,User,human,110775893844,test next-config-ts-native-ts prod (22) / build,2026-10-02T09:03:15Z,2026-10-02T09:05:09Z,2,linux_16_core,0.026,0.052,ubuntu-latest-16-core-arm-oss
36987117828,131702,build-and-test,pull_request,sokra,User,human,110775893847,test dev (7/10) / build,2026-10-02T09:04:38Z,2026-10-02T09:14:42Z,11,linux_16_core,0.026,0.286,ubuntu-latest-16-core-arm-oss
36987117828,131702,build-and-test,pull_request,sokra,User,human,110775893879,test next-config-ts-native-ts prod (24.15.0) / build,2026-10-02T09:04:38Z,2026-10-02T09:06:08Z,2,linux_16_core,0.026,0.052,ubuntu-latest-16-core-arm-oss
36987117828,131702,build-and-test,pull_request,sokra,User,human,110775893893,test unit (20) / build,2026-10-02T09:04:42Z,2026-10-02T09:06:51Z,3,linux_16_core,0.026,0.078,ubuntu-latest-16-core-arm-oss
36987117828,131702,build-and-test,pull_request,sokra,User,human,110775893941,test dev (2/10) / build,2026-10-02T09:04:33Z,2026-10-02T09:24:31Z,20,linux_16_core,0.026,0.52,ubuntu-latest-16-core-arm-oss
36987117828,131702,build-and-test,pull_request,sokra,User,human,110775893943,test prod (7/10) / build,2026-10-02T09:04:39Z,2026-10-02T09:21:16Z,17,linux_16_core,0.026,0.442,ubuntu-latest-16-core-arm-oss
36987117828,131702,build-and-test,pull_request,sokra,User,human,110775893975,test dev (10/10) / build,2026-10-02T09:04:38Z,2026-10-02T09:14:55Z,11,linux_16_core,0.026,0.286,ubuntu-latest-16-core-arm-oss
36987117828,131702,build-and-test,pull_request,sokra,User,human,110775893989,test dev (9/10) / build,2026-10-02T09:04:38Z,2026-10-02T09:13:54Z,10,linux_16_core,0.026,0.26,ubuntu-latest-16-core-arm-oss
36987117828,131702,build-and-test,pull_request,sokra,User,human,110775893995,test dev (5/10) / build,2026-10-02T09:04:33Z,2026-10-02T09:14:39Z,11,linux_16_core,0.026,0.286,ubuntu-latest-16-core-arm-oss
36987117828,131702,build-and-test,pull_request,sokra,User,human,110775894012,test dev (8/10) / build,2026-10-02T09:04:32Z,2026-10-02T09:15:25Z,11,linux_16_core,0.026,0.286,ubuntu-latest-16-core-arm-oss
36987117828,131702,build-and-test,pull_request,sokra,User,human,110775894022,test dev (1/10) / build,2026-10-02T09:04:41Z,2026-10-02T09:15:23Z,11,linux_16_core,0.026,0.286,ubuntu-latest-16-core-arm-oss
36987117828,131702,build-and-test,pull_request,sokra,User,human,110775894054,test cache components prod (6/7) / build,2026-10-02T09:04:35Z,2026-10-02T09:19:12Z,15,linux_16_core,0.026,0.38999999999999996,ubuntu-latest-16-core-arm-oss
36987117828,131702,build-and-test,pull_request,sokra,User,human,110775894063,test dev (3/10) / build,2026-10-02T09:04:41Z,2026-10-02T09:14:31Z,10,linux_16_core,0.026,0.26,ubuntu-latest-16-core-arm-oss
36987117828,131702,build-and-test,pull_request,sokra,User,human,110775894065,test unit (22) / build,2026-10-02T09:04:40Z,2026-10-02T09:06:59Z,3,linux_16_core,0.026,0.078,ubuntu-latest-16-core-arm-oss
36987117828,131702,build-and-test,pull_request,sokra,User,human,110775894077,test cache components prod (7/7) / build,2026-10-02T09:04:27Z,2026-10-02T09:10:51Z,7,linux_16_core,0.026,0.182,ubuntu-latest-16-core-arm-oss
36987117828,131702,build-and-test,pull_request,sokra,User,human,110775894102,test cache components prod (1/7) / build,2026-10-02T09:04:35Z,2026-10-02T09:12:20Z,8,linux_16_core,0.026,0.208,ubuntu-latest-16-core-arm-oss
36987117828,131702,build-and-test,pull_request,sokra,User,human,110775894125,test dev (6/10) / build,2026-10-02T09:04:34Z,2026-10-02T09:14:44Z,11,linux_16_core,0.026,0.286,ubuntu-latest-16-core-arm-oss
36987117828,131702,build-and-test,pull_request,sokra,User,human,110775894145,test dev (4/10) / build,2026-10-02T09:04:42Z,2026-10-02T09:15:48Z,12,linux_16_core,0.026,0.312,ubuntu-latest-16-core-arm-oss
36987117828,131702,build-and-test,pull_request,sokra,User,human,110775894178,test cache components prod (4/7) / build,2026-10-02T09:04:40Z,2026-10-02T09:14:47Z,11,linux_16_core,0.026,0.286,ubuntu-latest-16-core-arm-oss
36987117828,131702,build-and-test,pull_request,sokra,User,human,110775894179,test cache components prod (2/7) / build,2026-10-02T09:04:13Z,2026-10-02T09:11:12Z,7,linux_16_core,0.026,0.182,ubuntu-latest-16-core-arm-oss
36987117828,131702,build-and-test,pull_request,sokra,User,human,110775894223,test cache components prod (3/7) / build,2026-10-02T09:04:38Z,2026-10-02T09:11:54Z,8,linux_16_core,0.026,0.208,ubuntu-latest-16-core-arm-oss
36987117828,131702,build-and-test,pull_request,sokra,User,human,110775894229,test cache components prod (5/7) / build,2026-10-02T09:04:39Z,2026-10-02T09:12:09Z,8,linux_16_core,0.026,0.208,ubuntu-latest-16-core-arm-oss
36987117828,131702,build-and-test,pull_request,sokra,User,human,110778360801,Test new and changed tests when deployed (2/5) / build,2026-10-02T09:11:33Z,2026-10-02T09:12:18Z,1,linux_16_core,0.026,0.026,ubuntu-latest-16-core-arm-oss
36987117828,131702,build-and-test,pull_request,sokra,User,human,110778360804,Test new and changed tests when deployed (3/5) / build,2026-10-02T09:11:14Z,2026-10-02T09:11:56Z,1,linux_16_core,0.026,0.026,ubuntu-latest-16-core-arm-oss
36987117828,131702,build-and-test,pull_request,sokra,User,human,110778360862,Test new and changed tests when deployed (1/5) / build,2026-10-02T09:12:20Z,2026-10-02T09:13:00Z,1,linux_16_core,0.026,0.026,ubuntu-latest-16-core-arm-oss
36987117828,131702,build-and-test,pull_request,sokra,User,human,110778360881,Test new and changed tests when deployed (5/5) / build,2026-10-02T09:11:48Z,2026-10-02T09:12:29Z,1,linux_16_core,0.026,0.026,ubuntu-latest-16-core-arm-oss
36987117828,131702,build-and-test,pull_request,sokra,User,human,110778360927,Test new and changed tests when deployed (cache components) (3/5) / build,2026-10-02T09:11:41Z,2026-10-02T09:12:27Z,1,linux_16_core,0.026,0.026,ubuntu-latest-16-core-arm-oss
36987117828,131702,build-and-test,pull_request,sokra,User,human,110778360930,Test new and changed tests when deployed (4/5) / build,2026-10-02T09:12:16Z,2026-10-02T09:13:01Z,1,linux_16_core,0.026,0.026,ubuntu-latest-16-core-arm-oss
36987117828,131702,build-and-test,pull_request,sokra,User,human,110778360963,Test new and changed tests when deployed (cache components) (4/5) / build,2026-10-02T09:12:22Z,2026-10-02T09:13:04Z,1,linux_16_core,0.026,0.026,ubuntu-latest-16-core-arm-oss
36987117828,131702,build-and-test,pull_request,sokra,User,human,110778360992,Test new and changed tests when deployed (cache components) (2/5) / build,2026-10-02T09:12:38Z,2026-10-02T09:13:36Z,1,linux_16_core,0.026,0.026,ubuntu-latest-16-core-arm-oss
36987117828,131702,build-and-test,pull_request,sokra,User,human,110778361060,Test new and changed tests when deployed (cache components) (1/5) / build,2026-10-02T09:12:22Z,2026-10-02T09:13:05Z,1,linux_16_core,0.026,0.026,ubuntu-latest-16-core-arm-oss
36987117828,131702,build-and-test,pull_request,sokra,User,human,110778361198,Test new and changed tests when deployed (cache components) (5/5) / build,2026-10-02T09:12:30Z,2026-10-02T09:13:22Z,1,linux_16_core,0.026,0.026,ubuntu-latest-16-core-arm-oss
36987117828,131702,build-and-test,pull_request,sokra,User,human,110779155636,test prod windows / build,2026-10-02T09:13:48Z,2026-10-02T09:20:29Z,7,windows_8_core,0.042,0.29400000000000004,windows-latest-8-core-oss
36987117828,131702,build-and-test,pull_request,sokra,User,human,110779155771,test dev windows / build,2026-10-02T09:13:48Z,2026-10-02T09:21:36Z,8,windows_8_core,0.042,0.336,windows-latest-8-core-oss
36987117828,131702,build-and-test,pull_request,sokra,User,human,110779155848,test integration windows / build,2026-10-02T09:13:48Z,2026-10-02T09:22:13Z,9,windows_8_core,0.042,0.378,windows-latest-8-core-oss
36987117828,131702,build-and-test,pull_request,sokra,User,human,110779155938,test unit windows (22) / build,2026-10-02T09:13:48Z,2026-10-02T09:24:30Z,11,windows_8_core,0.042,0.462,windows-latest-8-core-oss
36987117828,131702,build-and-test,pull_request,sokra,User,human,110779156017,test unit windows (20) / build,2026-10-02T09:13:48Z,2026-10-02T09:19:36Z,6,windows_8_core,0.042,0.252,windows-latest-8-core-oss
36987117828,131702,build-and-test,pull_request,sokra,User,human,110782446421,"thank you, next",2026-10-02T09:24:33Z,2026-10-02T09:24:35Z,1,actions_linux,0.006,0.006,ubuntu-latest
36987117677,148118,build-and-deploy,pull_request,sokra,User,human,110774563942,deploy-target,2026-10-02T08:58:45Z,2026-10-02T08:59:04Z,1,actions_linux,0.006,0.006,ubuntu-latest
36987117677,148118,build-and-deploy,pull_request,sokra,User,human,110774665708,build,2026-10-02T08:59:06Z,2026-10-02T09:02:12Z,4,actions_linux,0.006,0.024,ubuntu-latest
36987117677,148118,build-and-deploy,pull_request,sokra,User,human,110774665722,generate-native-matrix,2026-10-02T08:59:06Z,2026-10-02T08:59:09Z,1,actions_linux,0.006,0.006,ubuntu-latest
36987117677,148118,build-and-deploy,pull_request,sokra,User,human,110774665819,build-wasm (web),2026-10-02T08:59:06Z,2026-10-02T09:00:59Z,2,linux_16_core,0.042,0.084,ubuntu-latest-16-core-oss
36987117677,148118,build-and-deploy,pull_request,sokra,User,human,110774665946,build-wasm (nodejs),2026-10-02T08:59:06Z,2026-10-02T09:01:50Z,3,linux_16_core,0.042,0.126,ubuntu-latest-16-core-oss
36987117677,148118,build-and-deploy,pull_request,sokra,User,human,110774690889,Docs Link Validation,2026-10-02T08:59:09Z,2026-10-02T08:59:09Z,1,actions_linux,0.006,0.006,
36987117677,148118,build-and-deploy,pull_request,sokra,User,human,110774693325,stable - x86_64-unknown-linux-gnu - node@20,2026-10-02T08:59:12Z,2026-10-02T09:07:27Z,9,linux_16_core,0.042,0.378,ubuntu-latest-16-core-oss
36987117677,148118,build-and-deploy,pull_request,sokra,User,human,110777224635,Prepare preview tarball,2026-10-02T09:07:30Z,2026-10-02T09:10:31Z,4,actions_linux,0.006,0.024,ubuntu-latest
36987117677,148118,build-and-deploy,pull_request,sokra,User,human,110777224753,"thank you, build",2026-10-02T09:07:30Z,2026-10-02T09:07:32Z,1,actions_linux,0.006,0.006,ubuntu-latest
36987117677,148118,build-and-deploy,pull_request,sokra,User,human,110777226022,Potentially publish release,2026-10-02T09:07:28Z,2026-10-02T09:07:28Z,1,actions_linux,0.006,0.006,ubuntu-latest
36987117677,148118,build-and-deploy,pull_request,sokra,User,human,110777226468,Upload Turbopack Bytesize metrics to Datadog,2026-10-02T09:07:28Z,2026-10-02T09:07:28Z,1,actions_linux,0.006,0.006,ubuntu-latest
36987117677,148118,build-and-deploy,pull_request,sokra,User,human,110777227141,report publish failure to slack,2026-10-02T09:07:28Z,2026-10-02T09:07:28Z,1,actions_linux,0.006,0.006,ubuntu-latest
36986994054,78018,PR CI Comment,workflow_run,unstubbable,User,human,110774171562,Comment on PR,2026-10-02T08:57:25Z,2026-10-02T08:57:41Z,1,actions_linux,0.006,0.006,ubuntu-latest
36986656164,3959,Allow issue participants to reopen issues,issue_comment,SasSam,User,human,110773128268,Handle issue reopening,2026-10-02T08:53:52Z,2026-10-02T08:53:52Z,1,actions_linux,0.006,0.006,ubuntu-latest
36986656040,88610,Triage issues,issue_comment,SasSam,User,human,110773125934,Nissuer,2026-10-02T08:53:54Z,2026-10-02T08:54:07Z,1,actions_linux,0.006,0.006,ubuntu-latest
36986621399,10068,Poll React Sync,schedule,eps1lon,User,human,110773017930,poll,2026-10-02T08:53:32Z,2026-10-02T08:53:39Z,1,actions_linux,0.006,0.006,ubuntu-latest
36986154287,37850,Sync Canary After Backport Release,workflow_run,unstubbable,User,human,110771538760,evaluate,2026-10-02T08:48:35Z,2026-10-02T08:48:34Z,1,actions_linux,0.006,0.006,ubuntu-latest
36986154287,37850,Sync Canary After Backport Release,workflow_run,unstubbable,User,human,110771539603,dispatch,2026-10-02T08:48:35Z,2026-10-02T08:48:35Z,1,actions_linux,0.006,0.006,ubuntu-latest
36986154103,36092,upload-preview-tarballs,workflow_run,unstubbable,User,human,110771536481,Upload preview tarballs to Blob,2026-10-02T08:48:37Z,2026-10-02T08:48:50Z,1,actions_linux,0.006,0.006,ubuntu-latest
36985524846,10067,Poll React Sync,schedule,eps1lon,User,human,110769557042,poll,2026-10-02T08:41:59Z,2026-10-02T08:42:05Z,1,actions_linux,0.006,0.006,ubuntu-latest
36985071378,3958,Allow issue participants to reopen issues,issue_comment,SasSam,User,human,110768123789,Handle issue reopening,2026-10-02T08:37:14Z,2026-10-02T08:37:14Z,1,actions_linux,0.006,0.006,ubuntu-latest
36985071368,88609,Triage issues,issue_comment,SasSam,User,human,110768122042,Nissuer,2026-10-02T08:37:16Z,2026-10-02T08:37:29Z,1,actions_linux,0.006,0.006,ubuntu-latest
36985009744,78017,PR CI Comment,workflow_run,unstubbable,User,human,110767927522,Comment on PR,2026-10-02T08:36:38Z,2026-10-02T08:36:55Z,1,actions_linux,0.006,0.006,ubuntu-latest
36985006263,131701,build-and-test,pull_request,unstubbable,User,human,110767920360,Upload PR CI metadata,2026-10-02T08:36:35Z,2026-10-02T08:36:38Z,1,actions_linux,0.006,0.006,ubuntu-latest
36985006263,131701,build-and-test,pull_request,unstubbable,User,human,110767920689,optimize-ci / PR Stack CI Gate,2026-10-02T08:36:36Z,2026-10-02T08:36:43Z,1,actions_linux,0.006,0.006,ubuntu-latest
36985006263,131701,build-and-test,pull_request,unstubbable,User,human,110767970646,Determine changes,2026-10-02T08:36:45Z,2026-10-02T08:36:56Z,1,actions_linux,0.006,0.006,ubuntu-latest
36985006263,131701,build-and-test,pull_request,unstubbable,User,human,110767970771,build-next / build,2026-10-02T08:36:46Z,2026-10-02T08:37:32Z,1,linux_16_core,0.026,0.026,ubuntu-latest-16-core-arm-oss
36985006263,131701,build-and-test,pull_request,unstubbable,User,human,110767970786,validate-docs-links,2026-10-02T08:36:46Z,2026-10-02T08:37:09Z,1,actions_linux,0.006,0.006,ubuntu-latest
36985006263,131701,build-and-test,pull_request,unstubbable,User,human,110768037093,fetch test timings,2026-10-02T08:36:59Z,2026-10-02T08:37:50Z,1,actions_linux,0.006,0.006,ubuntu-latest
36985006263,131701,build-and-test,pull_request,unstubbable,User,human,110768037186,Wait for preview tarball,2026-10-02T08:36:59Z,2026-10-02T08:49:06Z,13,actions_linux,0.006,0.078,ubuntu-latest
36985006263,131701,build-and-test,pull_request,unstubbable,User,human,110768037288,build-native-windows / build,2026-10-02T08:36:59Z,2026-10-02T08:38:00Z,2,windows_8_core,0.042,0.084,windows-latest-8-core-oss
36985006263,131701,build-and-test,pull_request,unstubbable,User,human,110768037374,build-native / build,2026-10-02T08:36:59Z,2026-10-02T08:37:44Z,1,linux_16_core,0.026,0.026,ubuntu-latest-16-core-arm-oss
36985006263,131701,build-and-test,pull_request,unstubbable,User,human,110768037425,test devlow package / build,2026-10-02T08:36:59Z,2026-10-02T08:37:41Z,1,linux_16_core,0.026,0.026,ubuntu-latest-16-core-arm-oss
36985006263,131701,build-and-test,pull_request,unstubbable,User,human,110768217317,ast-grep lint,2026-10-02T08:37:34Z,2026-10-02T08:37:51Z,1,actions_linux,0.006,0.006,ubuntu-latest
36985006263,131701,build-and-test,pull_request,unstubbable,User,human,110768217339,test cargo unit (miri) / build,2026-10-02T08:37:35Z,2026-10-02T08:45:44Z,9,linux_16_core,0.026,0.23399999999999999,ubuntu-latest-16-core-arm-oss
36985006263,131701,build-and-test,pull_request,unstubbable,User,human,110768217447,test next-swc wasi / build,2026-10-02T08:37:35Z,2026-10-02T08:41:22Z,4,linux_16_core,0.026,0.104,ubuntu-latest-16-core-arm-oss
36985006263,131701,build-and-test,pull_request,unstubbable,User,human,110768217478,test cargo unit / build,2026-10-02T08:37:36Z,2026-10-02T08:49:37Z,13,linux_16_core,0.042,0.546,ubuntu-latest-16-core-oss
36985006263,131701,build-and-test,pull_request,unstubbable,User,human,110768217480,test next-swc wasm / build,2026-10-02T08:37:35Z,2026-10-02T08:40:10Z,3,linux_16_core,0.026,0.078,ubuntu-latest-16-core-arm-oss
36985006263,131701,build-and-test,pull_request,unstubbable,User,human,110768217490,rust check / build,2026-10-02T08:37:35Z,2026-10-02T08:38:12Z,1,linux_16_core,0.026,0.026,ubuntu-latest-16-core-arm-oss
36985006263,131701,build-and-test,pull_request,unstubbable,User,human,110768217520,test cargo benches / Test,2026-10-02T08:37:35Z,2026-10-02T08:46:40Z,10,linux_16_core,0.042,0.42000000000000004,ubuntu-latest-16-core-oss
36985006263,131701,build-and-test,pull_request,unstubbable,User,human,110768217530,lint / build,2026-10-02T08:37:36Z,2026-10-02T08:42:46Z,6,linux_16_core,0.026,0.156,ubuntu-latest-16-core-arm-oss
36985006263,131701,build-and-test,pull_request,unstubbable,User,human,110768217548,rustdoc check / build,2026-10-02T08:37:36Z,2026-10-02T08:40:23Z,3,linux_16_core,0.026,0.078,ubuntu-latest-16-core-arm-oss
36985006263,131701,build-and-test,pull_request,unstubbable,User,human,110768274004,types and precompiled / build,2026-10-02T08:37:46Z,2026-10-02T08:39:40Z,2,linux_16_core,0.026,0.052,ubuntu-latest-16-core-arm-oss
36985006263,131701,build-and-test,pull_request,unstubbable,User,human,110768274295,test firefox and safari / build,2026-10-02T08:37:46Z,2026-10-02T08:42:42Z,5,linux_16_core,0.026,0.13,ubuntu-latest-16-core-arm-oss
36985006263,131701,build-and-test,pull_request,unstubbable,User,human,110768274315,test next-config-ts-native-ts prod (24.15.0) / build,2026-10-02T08:37:47Z,2026-10-02T08:39:48Z,3,linux_16_core,0.026,0.078,ubuntu-latest-16-core-arm-oss
36985006263,131701,build-and-test,pull_request,unstubbable,User,human,110768274395,test next-config-ts-native-ts prod (22) / build,2026-10-02T08:37:47Z,2026-10-02T08:39:48Z,3,linux_16_core,0.026,0.078,ubuntu-latest-16-core-arm-oss
36985006263,131701,build-and-test,pull_request,unstubbable,User,human,110768274412,Test new and changed tests for flakes (dev) (3/5) / build,2026-10-02T08:37:47Z,2026-10-02T08:38:26Z,1,linux_16_core,0.026,0.026,ubuntu-latest-16-core-arm-oss
36985006263,131701,build-and-test,pull_request,unstubbable,User,human,110768274511,Test new and changed tests for flakes (dev) (5/5) / build,2026-10-02T08:37:46Z,2026-10-02T08:38:29Z,1,linux_16_core,0.026,0.026,ubuntu-latest-16-core-arm-oss
36985006263,131701,build-and-test,pull_request,unstubbable,User,human,110768274543,Run devlow benchmarks,2026-10-02T08:37:44Z,2026-10-02T08:37:44Z,1,actions_linux,0.006,0.006,
36985006263,131701,build-and-test,pull_request,unstubbable,User,human,110768274545,Test new and changed tests for flakes (dev) (4/5) / build,2026-10-02T08:37:46Z,2026-10-02T08:38:23Z,1,linux_16_core,0.026,0.026,ubuntu-latest-16-core-arm-oss
36985006263,131701,build-and-test,pull_request,unstubbable,User,human,110768274579,Test new and changed tests for flakes (dev) (1/5) / build,2026-10-02T08:37:47Z,2026-10-02T08:38:27Z,1,linux_16_core,0.026,0.026,ubuntu-latest-16-core-arm-oss
36985006263,131701,build-and-test,pull_request,unstubbable,User,human,110768274581,test next-config-ts-native-ts dev (24.15.0) / build,2026-10-02T08:37:46Z,2026-10-02T08:39:17Z,2,linux_16_core,0.026,0.052,ubuntu-latest-16-core-arm-oss
36985006263,131701,build-and-test,pull_request,unstubbable,User,human,110768274611,test next-config-ts-native-ts dev (22) / build,2026-10-02T08:37:46Z,2026-10-02T08:39:17Z,2,linux_16_core,0.026,0.052,ubuntu-latest-16-core-arm-oss
36985006263,131701,build-and-test,pull_request,unstubbable,User,human,110768274633,Test new and changed tests for flakes (dev) (2/5) / build,2026-10-02T08:37:47Z,2026-10-02T08:38:32Z,1,linux_16_core,0.026,0.026,ubuntu-latest-16-core-arm-oss
36985006263,131701,build-and-test,pull_request,unstubbable,User,human,110768274651,test unit (22) / build,2026-10-02T08:37:47Z,2026-10-02T08:39:55Z,3,linux_16_core,0.026,0.078,ubuntu-latest-16-core-arm-oss
36985006263,131701,build-and-test,pull_request,unstubbable,User,human,110768274722,Test new and changed tests for flakes (prod) (4/5) / build,2026-10-02T08:37:47Z,2026-10-02T08:38:31Z,1,linux_16_core,0.026,0.026,ubuntu-latest-16-core-arm-oss
36985006263,131701,build-and-test,pull_request,unstubbable,User,human,110768274739,test unit (20) / build,2026-10-02T08:37:47Z,2026-10-02T08:39:54Z,3,linux_16_core,0.026,0.078,ubuntu-latest-16-core-arm-oss
36985006263,131701,build-and-test,pull_request,unstubbable,User,human,110768274778,Test new and changed tests for flakes (prod) (2/5) / build,2026-10-02T08:37:46Z,2026-10-02T08:38:22Z,1,linux_16_core,0.026,0.026,ubuntu-latest-16-core-arm-oss
36985006263,131701,build-and-test,pull_request,unstubbable,User,human,110768274819,Test new and changed tests for flakes (prod) (1/5) / build,2026-10-02T08:37:47Z,2026-10-02T08:39:18Z,2,linux_16_core,0.026,0.052,ubuntu-latest-16-core-arm-oss
36985006263,131701,build-and-test,pull_request,unstubbable,User,human,110768274855,Test new and changed tests for flakes (prod) (3/5) / build,2026-10-02T08:37:46Z,2026-10-02T08:38:30Z,1,linux_16_core,0.026,0.026,ubuntu-latest-16-core-arm-oss
36985006263,131701,build-and-test,pull_request,unstubbable,User,human,110768274914,Test new and changed tests for flakes (prod) (5/5) / build,2026-10-02T08:37:47Z,2026-10-02T08:38:30Z,1,linux_16_core,0.026,0.026,ubuntu-latest-16-core-arm-oss
36985006263,131701,build-and-test,pull_request,unstubbable,User,human,110768306382,test cache components prod (2/7) / build,2026-10-02T08:37:53Z,2026-10-02T08:44:38Z,7,linux_16_core,0.026,0.182,ubuntu-latest-16-core-arm-oss
36985006263,131701,build-and-test,pull_request,unstubbable,User,human,110768306397,test cache components prod (1/7) / build,2026-10-02T08:37:53Z,2026-10-02T08:51:41Z,14,linux_16_core,0.026,0.364,ubuntu-latest-16-core-arm-oss
36985006263,131701,build-and-test,pull_request,unstubbable,User,human,110768306441,test cache components prod (3/7) / build,2026-10-02T08:37:53Z,2026-10-02T08:48:09Z,11,linux_16_core,0.026,0.286,ubuntu-latest-16-core-arm-oss
36985006263,131701,build-and-test,pull_request,unstubbable,User,human,110768306520,test rspack dev,2026-10-02T08:37:50Z,2026-10-02T08:37:50Z,1,actions_linux,0.006,0.006,
36985006263,131701,build-and-test,pull_request,unstubbable,User,human,110768306656,test cache components prod (5/7) / build,2026-10-02T08:37:53Z,2026-10-02T08:44:14Z,7,linux_16_core,0.026,0.182,ubuntu-latest-16-core-arm-oss
36985006263,131701,build-and-test,pull_request,unstubbable,User,human,110768306687,test cache components prod (6/7) / build,2026-10-02T08:37:53Z,2026-10-02T08:45:30Z,8,linux_16_core,0.026,0.208,ubuntu-latest-16-core-arm-oss
36985006263,131701,build-and-test,pull_request,unstubbable,User,human,110768306724,test cache components prod (7/7) / build,2026-10-02T08:37:53Z,2026-10-02T08:45:07Z,8,linux_16_core,0.026,0.208,ubuntu-latest-16-core-arm-oss
36985006263,131701,build-and-test,pull_request,unstubbable,User,human,110768306741,test cache components prod (4/7) / build,2026-10-02T08:37:53Z,2026-10-02T08:45:15Z,8,linux_16_core,0.026,0.208,ubuntu-latest-16-core-arm-oss
36985006263,131701,build-and-test,pull_request,unstubbable,User,human,110768306844,test rspack production,2026-10-02T08:37:50Z,2026-10-02T08:37:50Z,1,actions_linux,0.006,0.006,
36985006263,131701,build-and-test,pull_request,unstubbable,User,human,110768306904,"test turbopack dev (7/7, 18.3.1) / build",2026-10-02T08:37:53Z,2026-10-02T08:48:23Z,11,linux_16_core,0.026,0.286,ubuntu-latest-16-core-arm-oss
36985006263,131701,build-and-test,pull_request,unstubbable,User,human,110768306919,"test turbopack dev (6/7, 18.3.1) / build",2026-10-02T08:37:53Z,2026-10-02T08:57:15Z,20,linux_16_core,0.026,0.52,ubuntu-latest-16-core-arm-oss
36985006263,131701,build-and-test,pull_request,unstubbable,User,human,110768306925,"test turbopack dev (5/7, 18.3.1) / build",2026-10-02T08:37:53Z,2026-10-02T08:47:41Z,10,linux_16_core,0.026,0.26,ubuntu-latest-16-core-arm-oss
36985006263,131701,build-and-test,pull_request,unstubbable,User,human,110768306945,"test turbopack dev (4/7, 18.3.1) / build",2026-10-02T08:37:53Z,2026-10-02T08:47:26Z,10,linux_16_core,0.026,0.26,ubuntu-latest-16-core-arm-oss
36985006263,131701,build-and-test,pull_request,unstubbable,User,human,110768306973,"test turbopack dev (2/7, 18.3.1) / build",2026-10-02T08:37:53Z,2026-10-02T08:49:26Z,12,linux_16_core,0.026,0.312,ubuntu-latest-16-core-arm-oss
36985006263,131701,build-and-test,pull_request,unstubbable,User,human,110768306978,"test turbopack production (1/7, 18.3.1) / build",2026-10-02T08:37:53Z,2026-10-02T08:49:32Z,12,linux_16_core,0.026,0.312,ubuntu-latest-16-core-arm-oss
36985006263,131701,build-and-test,pull_request,unstubbable,User,human,110768307068,"test turbopack dev (1/7, 18.3.1) / build",2026-10-02T08:37:53Z,2026-10-02T08:47:35Z,10,linux_16_core,0.026,0.26,ubuntu-latest-16-core-arm-oss
36985006263,131701,build-and-test,pull_request,unstubbable,User,human,110768307123,"test turbopack production (4/7, 18.3.1) / build",2026-10-02T08:37:52Z,2026-10-02T08:50:11Z,13,linux_16_core,0.026,0.33799999999999997,ubuntu-latest-16-core-arm-oss
36985006263,131701,build-and-test,pull_request,unstubbable,User,human,110768307136,"test turbopack production (6/7, 18.3.1) / build",2026-10-02T08:37:53Z,2026-10-02T08:50:40Z,13,linux_16_core,0.026,0.33799999999999997,ubuntu-latest-16-core-arm-oss
36985006263,131701,build-and-test,pull_request,unstubbable,User,human,110768307178,"test turbopack production (7/7, 18.3.1) / build",2026-10-02T08:37:53Z,2026-10-02T08:49:56Z,13,linux_16_core,0.026,0.33799999999999997,ubuntu-latest-16-core-arm-oss
36985006263,131701,build-and-test,pull_request,unstubbable,User,human,110768307191,"test turbopack production (2/7, 18.3.1) / build",2026-10-02T08:37:53Z,2026-10-02T08:51:10Z,14,linux_16_core,0.026,0.364,ubuntu-latest-16-core-arm-oss
36985006263,131701,build-and-test,pull_request,unstubbable,User,human,110768307200,"test turbopack dev (3/7, 18.3.1) / build",2026-10-02T08:37:53Z,2026-10-02T08:48:09Z,11,linux_16_core,0.026,0.286,ubuntu-latest-16-core-arm-oss
36985006263,131701,build-and-test,pull_request,unstubbable,User,human,110768307266,"test dev (1/10, 18.3.1) / build",2026-10-02T08:37:52Z,2026-10-02T08:47:29Z,10,linux_16_core,0.026,0.26,ubuntu-latest-16-core-arm-oss
36985006263,131701,build-and-test,pull_request,unstubbable,User,human,110768307285,"test turbopack production (3/7, 18.3.1) / build",2026-10-02T08:37:53Z,2026-10-02T08:54:15Z,17,linux_16_core,0.026,0.442,ubuntu-latest-16-core-arm-oss
36985006263,131701,build-and-test,pull_request,unstubbable,User,human,110768307303,"test turbopack production (5/7, 18.3.1) / build",2026-10-02T08:37:53Z,2026-10-02T08:50:31Z,13,linux_16_core,0.026,0.33799999999999997,ubuntu-latest-16-core-arm-oss
36985006263,131701,build-and-test,pull_request,unstubbable,User,human,110768307358,"test dev (8/10, 18.3.1) / build",2026-10-02T08:37:53Z,2026-10-02T08:46:53Z,9,linux_16_core,0.026,0.23399999999999999,ubuntu-latest-16-core-arm-oss
36985006263,131701,build-and-test,pull_request,unstubbable,User,human,110768307388,"test dev (7/10, 18.3.1) / build",2026-10-02T08:37:53Z,2026-10-02T08:50:16Z,13,linux_16_core,0.026,0.33799999999999997,ubuntu-latest-16-core-arm-oss
36985006263,131701,build-and-test,pull_request,unstubbable,User,human,110768307393,"test dev (3/10, 18.3.1) / build",2026-10-02T08:37:53Z,2026-10-02T08:48:36Z,11,linux_16_core,0.026,0.286,ubuntu-latest-16-core-arm-oss
36985006263,131701,build-and-test,pull_request,unstubbable,User,human,110768307396,"test dev (2/10, 18.3.1) / build",2026-10-02T08:37:53Z,2026-10-02T08:53:29Z,16,linux_16_core,0.026,0.416,ubuntu-latest-16-core-arm-oss
36985006263,131701,build-and-test,pull_request,unstubbable,User,human,110768307413,"test dev (4/10, 18.3.1) / build",2026-10-02T08:37:53Z,2026-10-02T08:55:15Z,18,linux_16_core,0.026,0.46799999999999997,ubuntu-latest-16-core-arm-oss
36985006263,131701,build-and-test,pull_request,unstubbable,User,human,110768307418,"test dev (6/10, 18.3.1) / build",2026-10-02T08:37:55Z,2026-10-02T08:48:49Z,11,linux_16_core,0.026,0.286,ubuntu-latest-16-core-arm-oss
36985006263,131701,build-and-test,pull_request,unstubbable,User,human,110768307455,"test dev (5/10, 18.3.1) / build",2026-10-02T08:37:55Z,2026-10-02T08:50:50Z,13,linux_16_core,0.026,0.33799999999999997,ubuntu-latest-16-core-arm-oss
36985006263,131701,build-and-test,pull_request,unstubbable,User,human,110768307459,"test dev (9/10, 18.3.1) / build",2026-10-02T08:37:55Z,2026-10-02T08:49:19Z,12,linux_16_core,0.026,0.312,ubuntu-latest-16-core-arm-oss
36985006263,131701,build-and-test,pull_request,unstubbable,User,human,110768307488,"test prod (4/10, 18.3.1) / build",2026-10-02T08:37:53Z,2026-10-02T08:52:10Z,15,linux_16_core,0.026,0.38999999999999996,ubuntu-latest-16-core-arm-oss
36985006263,131701,build-and-test,pull_request,unstubbable,User,human,110768307506,"test prod (9/10, 18.3.1) / build",2026-10-02T08:37:53Z,2026-10-02T08:51:45Z,14,linux_16_core,0.026,0.364,ubuntu-latest-16-core-arm-oss
36985006263,131701,build-and-test,pull_request,unstubbable,User,human,110768307508,"test prod (7/10, 18.3.1) / build",2026-10-02T08:37:53Z,2026-10-02T08:54:18Z,17,linux_16_core,0.026,0.442,ubuntu-latest-16-core-arm-oss
36985006263,131701,build-and-test,pull_request,unstubbable,User,human,110768307567,"test prod (10/10, 18.3.1) / build",2026-10-02T08:37:53Z,2026-10-02T08:49:42Z,12,linux_16_core,0.026,0.312,ubuntu-latest-16-core-arm-oss
36985006263,131701,build-and-test,pull_request,unstubbable,User,human,110768307578,"test prod (5/10, 18.3.1) / build",2026-10-02T08:37:53Z,2026-10-02T08:52:44Z,15,linux_16_core,0.026,0.38999999999999996,ubuntu-latest-16-core-arm-oss
36985006263,131701,build-and-test,pull_request,unstubbable,User,human,110768307590,"test dev (10/10, 18.3.1) / build",2026-10-02T08:37:53Z,2026-10-02T08:47:16Z,10,linux_16_core,0.026,0.26,ubuntu-latest-16-core-arm-oss
36985006263,131701,build-and-test,pull_request,unstubbable,User,human,110768307601,"test prod (6/10, 18.3.1) / build",2026-10-02T08:37:53Z,2026-10-02T08:50:40Z,13,linux_16_core,0.026,0.33799999999999997,ubuntu-latest-16-core-arm-oss
36985006263,131701,build-and-test,pull_request,unstubbable,User,human,110768307635,"test prod (3/10, 18.3.1) / build",2026-10-02T08:37:53Z,2026-10-02T08:52:29Z,15,linux_16_core,0.026,0.38999999999999996,ubuntu-latest-16-core-arm-oss
36985006263,131701,build-and-test,pull_request,unstubbable,User,human,110768307636,"test prod (8/10, 18.3.1) / build",2026-10-02T08:37:55Z,2026-10-02T08:55:09Z,18,linux_16_core,0.026,0.46799999999999997,ubuntu-latest-16-core-arm-oss
36985006263,131701,build-and-test,pull_request,unstubbable,User,human,110768307718,"test prod (1/10, 18.3.1) / build",2026-10-02T08:37:55Z,2026-10-02T08:51:29Z,14,linux_16_core,0.026,0.364,ubuntu-latest-16-core-arm-oss
36985006263,131701,build-and-test,pull_request,unstubbable,User,human,110768307738,test cache components dev (5/6) / build,2026-10-02T08:37:53Z,2026-10-02T08:46:44Z,9,linux_16_core,0.026,0.23399999999999999,ubuntu-latest-16-core-arm-oss
36985006263,131701,build-and-test,pull_request,unstubbable,User,human,110768307745,"test prod (2/10, 18.3.1) / build",2026-10-02T08:37:53Z,2026-10-02T08:51:37Z,14,linux_16_core,0.026,0.364,ubuntu-latest-16-core-arm-oss
36985006263,131701,build-and-test,pull_request,unstubbable,User,human,110768307750,test cache components dev (3/6) / build,2026-10-02T08:37:53Z,2026-10-02T08:45:17Z,8,linux_16_core,0.026,0.208,ubuntu-latest-16-core-arm-oss
36985006263,131701,build-and-test,pull_request,unstubbable,User,human,110768307806,test cache components dev (2/6) / build,2026-10-02T08:37:53Z,2026-10-02T08:54:13Z,17,linux_16_core,0.026,0.442,ubuntu-latest-16-core-arm-oss
36985006263,131701,build-and-test,pull_request,unstubbable,User,human,110768307842,test cache components dev (6/6) / build,2026-10-02T08:37:53Z,2026-10-02T08:43:36Z,6,linux_16_core,0.026,0.156,ubuntu-latest-16-core-arm-oss
36985006263,131701,build-and-test,pull_request,unstubbable,User,human,110768307863,test cache components dev (1/6) / build,2026-10-02T08:37:55Z,2026-10-02T08:45:21Z,8,linux_16_core,0.026,0.208,ubuntu-latest-16-core-arm-oss
36985006263,131701,build-and-test,pull_request,unstubbable,User,human,110768307932,test cache components dev (4/6) / build,2026-10-02T08:37:53Z,2026-10-02T08:44:37Z,7,linux_16_core,0.026,0.182,ubuntu-latest-16-core-arm-oss
36985006263,131701,build-and-test,pull_request,unstubbable,User,human,110768356441,test integration windows / build,2026-10-02T08:38:03Z,2026-10-02T08:47:27Z,10,windows_8_core,0.042,0.42000000000000004,windows-latest-8-core-oss
36985006263,131701,build-and-test,pull_request,unstubbable,User,human,110768356502,test unit windows (22) / build,2026-10-02T08:38:03Z,2026-10-02T08:46:35Z,9,windows_8_core,0.042,0.378,windows-latest-8-core-oss
36985006263,131701,build-and-test,pull_request,unstubbable,User,human,110768356507,test dev windows / build,2026-10-02T08:38:03Z,2026-10-02T08:44:09Z,7,windows_8_core,0.042,0.29400000000000004,windows-latest-8-core-oss
36985006263,131701,build-and-test,pull_request,unstubbable,User,human,110768356593,test prod windows / build,2026-10-02T08:38:03Z,2026-10-02T08:45:45Z,8,windows_8_core,0.042,0.336,windows-latest-8-core-oss
36985006263,131701,build-and-test,pull_request,unstubbable,User,human,110768356670,test unit windows (20) / build,2026-10-02T08:38:03Z,2026-10-02T08:44:00Z,6,windows_8_core,0.042,0.252,windows-latest-8-core-oss
36985006263,131701,build-and-test,pull_request,unstubbable,User,human,110771696201,Test new and changed tests when deployed (1/5) / build,2026-10-02T08:49:08Z,2026-10-02T08:49:50Z,1,linux_16_core,0.026,0.026,ubuntu-latest-16-core-arm-oss
36985006263,131701,build-and-test,pull_request,unstubbable,User,human,110771696208,Test new and changed tests when deployed (2/5) / build,2026-10-02T08:49:08Z,2026-10-02T08:49:51Z,1,linux_16_core,0.026,0.026,ubuntu-latest-16-core-arm-oss
36985006263,131701,build-and-test,pull_request,unstubbable,User,human,110771696256,Test new and changed tests when deployed (5/5) / build,2026-10-02T08:49:08Z,2026-10-02T08:49:51Z,1,linux_16_core,0.026,0.026,ubuntu-latest-16-core-arm-oss
36985006263,131701,build-and-test,pull_request,unstubbable,User,human,110771696265,Test new and changed tests when deployed (4/5) / build,2026-10-02T08:49:09Z,2026-10-02T08:49:56Z,1,linux_16_core,0.026,0.026,ubuntu-latest-16-core-arm-oss
36985006263,131701,build-and-test,pull_request,unstubbable,User,human,110771696373,Test new and changed tests when deployed (cache components) (4/5) / build,2026-10-02T08:49:08Z,2026-10-02T08:49:51Z,1,linux_16_core,0.026,0.026,ubuntu-latest-16-core-arm-oss
36985006263,131701,build-and-test,pull_request,unstubbable,User,human,110771696379,Test new and changed tests when deployed (3/5) / build,2026-10-02T08:49:08Z,2026-10-02T08:49:53Z,1,linux_16_core,0.026,0.026,ubuntu-latest-16-core-arm-oss
36985006263,131701,build-and-test,pull_request,unstubbable,User,human,110771696427,Test new and changed tests when deployed (cache components) (2/5) / build,2026-10-02T08:49:08Z,2026-10-02T08:49:49Z,1,linux_16_core,0.026,0.026,ubuntu-latest-16-core-arm-oss
36985006263,131701,build-and-test,pull_request,unstubbable,User,human,110771696432,Test new and changed tests when deployed (cache components) (1/5) / build,2026-10-02T08:49:08Z,2026-10-02T08:49:52Z,1,linux_16_core,0.026,0.026,ubuntu-latest-16-core-arm-oss
36985006263,131701,build-and-test,pull_request,unstubbable,User,human,110771696433,Test new and changed tests when deployed (cache components) (5/5) / build,2026-10-02T08:49:08Z,2026-10-02T08:49:50Z,1,linux_16_core,0.026,0.026,ubuntu-latest-16-core-arm-oss
36985006263,131701,build-and-test,pull_request,unstubbable,User,human,110771696458,Test new and changed tests when deployed (cache components) (3/5) / build,2026-10-02T08:49:08Z,2026-10-02T08:49:49Z,1,linux_16_core,0.026,0.026,ubuntu-latest-16-core-arm-oss
36985006263,131701,build-and-test,pull_request,unstubbable,User,human,110774132391,"thank you, next",2026-10-02T08:57:17Z,2026-10-02T08:57:19Z,1,actions_linux,0.006,0.006,ubuntu-latest
36985005779,148117,build-and-deploy,pull_request,unstubbable,User,human,110767916572,deploy-target,2026-10-02T08:36:36Z,2026-10-02T08:36:55Z,1,actions_linux,0.006,0.006,ubuntu-latest
36985005779,148117,build-and-deploy,pull_request,unstubbable,User,human,110768029874,generate-native-matrix,2026-10-02T08:36:57Z,2026-10-02T08:37:00Z,1,actions_linux,0.006,0.006,ubuntu-latest
36985005779,148117,build-and-deploy,pull_request,unstubbable,User,human,110768030002,build,2026-10-02T08:36:57Z,2026-10-02T08:39:38Z,3,actions_linux,0.006,0.018000000000000002,ubuntu-latest
36985005779,148117,build-and-deploy,pull_request,unstubbable,User,human,110768030006,build-wasm (nodejs),2026-10-02T08:36:57Z,2026-10-02T08:37:35Z,1,linux_16_core,0.042,0.042,ubuntu-latest-16-core-oss
36985005779,148117,build-and-deploy,pull_request,unstubbable,User,human,110768030063,build-wasm (web),2026-10-02T08:36:57Z,2026-10-02T08:37:33Z,1,linux_16_core,0.042,0.042,ubuntu-latest-16-core-oss
36985005779,148117,build-and-deploy,pull_request,unstubbable,User,human,110768054701,stable - x86_64-unknown-linux-gnu - node@20,2026-10-02T08:37:02Z,2026-10-02T08:45:09Z,9,linux_16_core,0.042,0.378,ubuntu-latest-16-core-oss
36985005779,148117,build-and-deploy,pull_request,unstubbable,User,human,110768078271,Docs Link Validation,2026-10-02T08:37:05Z,2026-10-02T08:37:05Z,1,actions_linux,0.006,0.006,
36985005779,148117,build-and-deploy,pull_request,unstubbable,User,human,110770507186,Prepare preview tarball,2026-10-02T08:45:11Z,2026-10-02T08:48:31Z,4,actions_linux,0.006,0.024,ubuntu-latest
36985005779,148117,build-and-deploy,pull_request,unstubbable,User,human,110770507371,"thank you, build",2026-10-02T08:45:11Z,2026-10-02T08:45:14Z,1,actions_linux,0.006,0.006,ubuntu-latest
36985005779,148117,build-and-deploy,pull_request,unstubbable,User,human,110770509486,Upload Turbopack Bytesize metrics to Datadog,2026-10-02T08:45:09Z,2026-10-02T08:45:09Z,1,actions_linux,0.006,0.006,ubuntu-latest
36985005779,148117,build-and-deploy,pull_request,unstubbable,User,human,110770509518,Potentially publish release,2026-10-02T08:45:09Z,2026-10-02T08:45:09Z,1,actions_linux,0.006,0.006,ubuntu-latest
36985005779,148117,build-and-deploy,pull_request,unstubbable,User,human,110770509674,report publish failure to slack,2026-10-02T08:45:09Z,2026-10-02T08:45:09Z,1,actions_linux,0.006,0.006,ubuntu-latest
36984153594,78016,PR CI Comment,workflow_run,bgw,User,human,110765259784,Comment on PR,2026-10-02T08:27:52Z,2026-10-02T08:27:44Z,1,actions_linux,0.006,0.006,ubuntu-latest
36984153573,36727,retry-tests,workflow_run,bgw,User,human,110765222517,report failure to slack,2026-10-02T08:27:45Z,2026-10-02T08:28:00Z,1,actions_linux,0.006,0.006,ubuntu-latest
36984153573,36727,retry-tests,workflow_run,bgw,User,human,110765223788,retry failed jobs,2026-10-02T08:27:44Z,2026-10-02T08:27:44Z,1,actions_linux,0.006,0.006,ubuntu-latest
36984062759,88608,Triage issues,issue_comment,AhmedElBanna80,User,human,110764936321,Nissuer,2026-10-02T08:26:48Z,2026-10-02T08:27:01Z,1,actions_linux,0.006,0.006,ubuntu-latest
36984062546,3957,Allow issue participants to reopen issues,issue_comment,AhmedElBanna80,User,human,110764937274,Handle issue reopening,2026-10-02T08:26:45Z,2026-10-02T08:26:45Z,1,actions_linux,0.006,0.006,ubuntu-latest
36984054644,10066,Poll React Sync,schedule,eps1lon,User,human,110764909000,poll,2026-10-02T08:26:42Z,2026-10-02T08:26:51Z,1,actions_linux,0.006,0.006,ubuntu-latest
36984000171,78015,PR CI Comment,workflow_run,AhmedElBanna80,User,human,110764736790,Comment on PR,2026-10-02T08:26:06Z,2026-10-02T08:26:22Z,1,actions_linux,0.006,0.006,ubuntu-latest
36983854310,78014,PR CI Comment,workflow_run,bgw,User,human,110764327368,Comment on PR,2026-10-02T08:24:42Z,2026-10-02T08:24:31Z,1,actions_linux,0.006,0.006,ubuntu-latest
36983854296,36726,retry-tests,workflow_run,bgw,User,human,110764278356,retry failed jobs,2026-10-02T08:24:34Z,2026-10-02T08:24:50Z,1,actions_linux,0.006,0.006,ubuntu-latest
36983854296,36726,retry-tests,workflow_run,bgw,User,human,110764279423,report failure to slack,2026-10-02T08:24:32Z,2026-10-02T08:24:31Z,1,actions_linux,0.006,0.006,ubuntu-latest
36983826090,689,Next Maintainer Auto Close,schedule,marcoshernanz,User,human,110764194192,close-one-verified-issue,2026-10-02T08:24:18Z,2026-10-02T08:24:24Z,1,actions_linux,0.006,0.006,ubuntu-latest
36983552048,36725,retry-tests,workflow_run,bgw,User,human,110763337029,retry failed jobs,2026-10-02T08:21:22Z,2026-10-02T08:21:31Z,1,actions_linux,0.006,0.006,ubuntu-latest
36983552048,36725,retry-tests,workflow_run,bgw,User,human,110763338070,report failure to slack,2026-10-02T08:21:20Z,2026-10-02T08:21:19Z,1,actions_linux,0.006,0.006,ubuntu-latest
36983552010,78013,PR CI Comment,workflow_run,bgw,User,human,110763338634,Comment on PR,2026-10-02T08:21:20Z,2026-10-02T08:21:19Z,1,actions_linux,0.006,0.006,ubuntu-latest
36983539097,36724,retry-tests,workflow_run,bgw,User,human,110763296287,report failure to slack,2026-10-02T08:21:13Z,2026-10-02T08:21:29Z,1,actions_linux,0.006,0.006,ubuntu-latest
36983539097,36724,retry-tests,workflow_run,bgw,User,human,110763297960,retry failed jobs,2026-10-02T08:21:12Z,2026-10-02T08:21:11Z,1,actions_linux,0.006,0.006,ubuntu-latest
36983536859,78012,PR CI Comment,workflow_run,bgw,User,human,110763321352,Comment on PR,2026-10-02T08:21:16Z,2026-10-02T08:21:09Z,1,actions_linux,0.006,0.006,ubuntu-latest
36983305316,88607,Triage issues,issue_comment,perrysmotors,User,human,110762551350,Nissuer,2026-10-02T08:18:40Z,2026-10-02T08:18:51Z,1,actions_linux,0.006,0.006,ubuntu-latest
36983305303,3956,Allow issue participants to reopen issues,issue_comment,perrysmotors,User,human,110762552824,Handle issue reopening,2026-10-02T08:18:39Z,2026-10-02T08:18:38Z,1,actions_linux,0.006,0.006,ubuntu-latest
36983303693,36723,retry-tests,workflow_run,bgw,User,human,110762545978,retry failed jobs,2026-10-02T08:18:39Z,2026-10-02T08:18:54Z,1,actions_linux,0.006,0.006,ubuntu-latest
36983303693,36723,retry-tests,workflow_run,bgw,User,human,110762547227,report failure to slack,2026-10-02T08:18:38Z,2026-10-02T08:18:37Z,1,actions_linux,0.006,0.006,ubuntu-latest
36983303669,78011,PR CI Comment,workflow_run,bgw,User,human,110762547565,Comment on PR,2026-10-02T08:18:38Z,2026-10-02T08:18:37Z,1,actions_linux,0.006,0.006,ubuntu-latest
36983272266,36722,retry-tests,workflow_run,bgw,User,human,110762446257,retry failed jobs,2026-10-02T08:18:17Z,2026-10-02T08:18:17Z,1,actions_linux,0.006,0.006,ubuntu-latest
36983272266,36722,retry-tests,workflow_run,bgw,User,human,110762446602,report failure to slack,2026-10-02T08:18:17Z,2026-10-02T08:18:17Z,1,actions_linux,0.006,0.006,ubuntu-latest
36983272264,36091,upload-preview-tarballs,workflow_run,bgw,User,human,110762445063,Upload preview tarballs to Blob,2026-10-02T08:18:20Z,2026-10-02T08:19:05Z,1,actions_linux,0.006,0.006,ubuntu-latest
36983272248,37849,Sync Canary After Backport Release,workflow_run,bgw,User,human,110762446901,evaluate,2026-10-02T08:18:17Z,2026-10-02T08:18:17Z,1,actions_linux,0.006,0.006,ubuntu-latest
36983272248,37849,Sync Canary After Backport Release,workflow_run,bgw,User,human,110762490317,dispatch,2026-10-02T08:18:26Z,2026-10-02T08:18:17Z,1,actions_linux,0.006,0.006,ubuntu-latest
36983084877,78010,PR CI Comment,workflow_run,bgw,User,human,110761882032,Comment on PR,2026-10-02T08:16:21Z,2026-10-02T08:16:13Z,1,actions_linux,0.006,0.006,ubuntu-latest
36983084822,36721,retry-tests,workflow_run,bgw,User,human,110761840776,retry failed jobs,2026-10-02T08:16:15Z,2026-10-02T08:16:22Z,1,actions_linux,0.006,0.006,ubuntu-latest
36983084822,36721,retry-tests,workflow_run,bgw,User,human,110761842033,report failure to slack,2026-10-02T08:16:13Z,2026-10-02T08:16:13Z,1,actions_linux,0.006,0.006,ubuntu-latest
36982923710,36090,upload-preview-tarballs,workflow_run,bgw,User,human,110761328558,Upload preview tarballs to Blob,2026-10-02T08:14:33Z,2026-10-02T08:15:02Z,1,actions_linux,0.006,0.006,ubuntu-latest
36982923585,36720,retry-tests,workflow_run,bgw,User,human,110761330146,report failure to slack,2026-10-02T08:14:31Z,2026-10-02T08:14:31Z,1,actions_linux,0.006,0.006,ubuntu-latest
36982923585,36720,retry-tests,workflow_run,bgw,User,human,110761356887,retry failed jobs,2026-10-02T08:14:37Z,2026-10-02T08:14:31Z,1,actions_linux,0.006,0.006,ubuntu-latest
36982923561,37848,Sync Canary After Backport Release,workflow_run,bgw,User,human,110761330126,evaluate,2026-10-02T08:14:31Z,2026-10-02T08:14:31Z,1,actions_linux,0.006,0.006,ubuntu-latest
36982923561,37848,Sync Canary After Backport Release,workflow_run,bgw,User,human,110761378905,dispatch,2026-10-02T08:14:41Z,2026-10-02T08:14:31Z,1,actions_linux,0.006,0.006,ubuntu-latest
36981443572,10065,Poll React Sync,schedule,eps1lon,User,human,110756659997,poll,2026-10-02T07:58:48Z,2026-10-02T07:58:53Z,1,actions_linux,0.006,0.006,ubuntu-latest
36980952223,78009,PR CI Comment,workflow_run,bgw,User,human,110755111175,Comment on PR,2026-10-02T07:53:18Z,2026-10-02T07:53:17Z,1,actions_linux,0.006,0.006,ubuntu-latest
36980948706,131699,build-and-test,push,github-actions[bot],Bot,bot,110764384639,optimize-ci / PR Stack CI Gate,2026-10-02T07:53:17Z,2026-10-02T07:53:22Z,1,actions_linux,0.006,0.006,ubuntu-latest
36980948706,131699,build-and-test,push,github-actions[bot],Bot,bot,110764386104,build-next / build,2026-10-02T07:53:24Z,2026-10-02T07:54:06Z,1,linux_16_core,0.026,0.026,ubuntu-latest-16-core-arm-oss
36980948706,131699,build-and-test,push,github-actions[bot],Bot,bot,110764386380,validate-docs-links,2026-10-02T07:53:26Z,2026-10-02T07:53:44Z,1,actions_linux,0.006,0.006,ubuntu-latest
36980948706,131699,build-and-test,push,github-actions[bot],Bot,bot,110764386942,build-native-windows / build,2026-10-02T07:53:49Z,2026-10-02T07:55:16Z,2,windows_8_core,0.042,0.084,windows-latest-8-core-oss
36980948706,131699,build-and-test,push,github-actions[bot],Bot,bot,110764387021,Wait for preview tarball,2026-10-02T07:53:49Z,2026-10-02T08:19:09Z,26,actions_linux,0.006,0.156,ubuntu-latest
36980948706,131699,build-and-test,push,github-actions[bot],Bot,bot,110764387038,ast-grep lint,2026-10-02T07:54:09Z,2026-10-02T07:54:28Z,1,actions_linux,0.006,0.006,ubuntu-latest
36980948706,131699,build-and-test,push,github-actions[bot],Bot,bot,110764387397,test cargo unit (miri) / build,2026-10-02T07:54:08Z,2026-10-02T08:02:11Z,9,linux_16_core,0.026,0.23399999999999999,ubuntu-latest-16-core-arm-oss
36980948706,131699,build-and-test,push,github-actions[bot],Bot,bot,110764387431,test cargo unit / build,2026-10-02T07:55:01Z,2026-10-02T08:09:44Z,15,linux_16_core,0.042,0.63,ubuntu-latest-16-core-oss
36980948706,131699,build-and-test,push,github-actions[bot],Bot,bot,110764387475,build-native / build,2026-10-02T07:53:48Z,2026-10-02T07:54:24Z,1,linux_16_core,0.026,0.026,ubuntu-latest-16-core-arm-oss
36980948706,131699,build-and-test,push,github-actions[bot],Bot,bot,110764387483,Determine changes,2026-10-02T07:53:24Z,2026-10-02T07:53:46Z,1,actions_linux,0.006,0.006,ubuntu-latest
36980948706,131699,build-and-test,push,github-actions[bot],Bot,bot,110764387493,test devlow package / build,2026-10-02T07:53:50Z,2026-10-02T07:54:37Z,1,linux_16_core,0.026,0.026,ubuntu-latest-16-core-arm-oss
36980948706,131699,build-and-test,push,github-actions[bot],Bot,bot,110764387579,test cargo benches / Test,2026-10-02T07:55:07Z,2026-10-02T08:03:13Z,9,linux_16_core,0.042,0.378,ubuntu-latest-16-core-oss
36980948706,131699,build-and-test,push,github-actions[bot],Bot,bot,110764387715,rustdoc check / build,2026-10-02T07:54:09Z,2026-10-02T07:56:22Z,3,linux_16_core,0.026,0.078,ubuntu-latest-16-core-arm-oss
36980948706,131699,build-and-test,push,github-actions[bot],Bot,bot,110764387734,fetch test timings,2026-10-02T07:53:48Z,2026-10-02T07:54:33Z,1,actions_linux,0.006,0.006,ubuntu-latest
36980948706,131699,build-and-test,push,github-actions[bot],Bot,bot,110764387759,test next-swc wasm / build,2026-10-02T07:54:10Z,2026-10-02T07:56:49Z,3,linux_16_core,0.026,0.078,ubuntu-latest-16-core-arm-oss
36980948706,131699,build-and-test,push,github-actions[bot],Bot,bot,110764387771,lint / build,2026-10-02T07:54:10Z,2026-10-02T07:59:34Z,6,linux_16_core,0.026,0.156,ubuntu-latest-16-core-arm-oss
36980948706,131699,build-and-test,push,github-actions[bot],Bot,bot,110764387857,rust check / build,2026-10-02T07:54:08Z,2026-10-02T07:54:45Z,1,linux_16_core,0.026,0.026,ubuntu-latest-16-core-arm-oss
36980948706,131699,build-and-test,push,github-actions[bot],Bot,bot,110764388022,test next-swc wasi / build,2026-10-02T07:54:09Z,2026-10-02T07:57:43Z,4,linux_16_core,0.026,0.104,ubuntu-latest-16-core-arm-oss
36980948706,131699,build-and-test,push,github-actions[bot],Bot,bot,110764388934,Test new and changed tests when deployed (cache components) (1/5) / build,2026-10-02T08:19:13Z,2026-10-02T08:20:02Z,1,linux_16_core,0.026,0.026,ubuntu-latest-16-core-arm-oss
36980948706,131699,build-and-test,push,github-actions[bot],Bot,bot,110764389121,Test new and changed tests when deployed (cache components) (4/5) / build,2026-10-02T08:19:13Z,2026-10-02T08:20:03Z,1,linux_16_core,0.026,0.026,ubuntu-latest-16-core-arm-oss
36980948706,131699,build-and-test,push,github-actions[bot],Bot,bot,110764389196,Test new and changed tests when deployed (cache components) (5/5) / build,2026-10-02T08:19:12Z,2026-10-02T08:19:52Z,1,linux_16_core,0.026,0.026,ubuntu-latest-16-core-arm-oss
36980948706,131699,build-and-test,push,github-actions[bot],Bot,bot,110764389248,Test new and changed tests when deployed (3/5) / build,2026-10-02T08:19:12Z,2026-10-02T08:20:01Z,1,linux_16_core,0.026,0.026,ubuntu-latest-16-core-arm-oss
36980948706,131699,build-and-test,push,github-actions[bot],Bot,bot,110764389269,Test new and changed tests when deployed (cache components) (3/5) / build,2026-10-02T08:19:13Z,2026-10-02T08:19:59Z,1,linux_16_core,0.026,0.026,ubuntu-latest-16-core-arm-oss
36980948706,131699,build-and-test,push,github-actions[bot],Bot,bot,110764389425,Test new and changed tests when deployed (2/5) / build,2026-10-02T08:19:12Z,2026-10-02T08:19:51Z,1,linux_16_core,0.026,0.026,ubuntu-latest-16-core-arm-oss
36980948706,131699,build-and-test,push,github-actions[bot],Bot,bot,110764389438,Test new and changed tests when deployed (5/5) / build,2026-10-02T08:19:12Z,2026-10-02T08:19:54Z,1,linux_16_core,0.026,0.026,ubuntu-latest-16-core-arm-oss
36980948706,131699,build-and-test,push,github-actions[bot],Bot,bot,110764389442,Test new and changed tests when deployed (1/5) / build,2026-10-02T08:19:12Z,2026-10-02T08:19:57Z,1,linux_16_core,0.026,0.026,ubuntu-latest-16-core-arm-oss
36980948706,131699,build-and-test,push,github-actions[bot],Bot,bot,110764389463,Test new and changed tests when deployed (4/5) / build,2026-10-02T08:19:12Z,2026-10-02T08:19:53Z,1,linux_16_core,0.026,0.026,ubuntu-latest-16-core-arm-oss
36980948706,131699,build-and-test,push,github-actions[bot],Bot,bot,110764389491,test rspack production,2026-10-02T08:24:54Z,2026-10-02T08:24:54Z,1,actions_linux,0.006,0.006,
36980948706,131699,build-and-test,push,github-actions[bot],Bot,bot,110764389583,Test new and changed tests when deployed (cache components) (2/5) / build,2026-10-02T08:19:13Z,2026-10-02T08:20:02Z,1,linux_16_core,0.026,0.026,ubuntu-latest-16-core-arm-oss
36980948706,131699,build-and-test,push,github-actions[bot],Bot,bot,110764390138,test rspack dev,2026-10-02T08:24:54Z,2026-10-02T08:24:54Z,1,actions_linux,0.006,0.006,
36980948706,131699,build-and-test,push,github-actions[bot],Bot,bot,110764390271,test integration windows / build,2026-10-02T07:56:50Z,2026-10-02T08:07:07Z,11,windows_8_core,0.042,0.462,windows-latest-8-core-oss
36980948706,131699,build-and-test,push,github-actions[bot],Bot,bot,110764390363,test dev windows / build,2026-10-02T07:55:20Z,2026-10-02T08:01:20Z,6,windows_8_core,0.042,0.252,windows-latest-8-core-oss
36980948706,131699,build-and-test,push,github-actions[bot],Bot,bot,110764390449,types and precompiled / build,2026-10-02T07:54:27Z,2026-10-02T07:56:36Z,3,linux_16_core,0.026,0.078,ubuntu-latest-16-core-arm-oss
36980948706,131699,build-and-test,push,github-actions[bot],Bot,bot,110764390718,test prod windows / build,2026-10-02T07:56:38Z,2026-10-02T08:03:39Z,8,windows_8_core,0.042,0.336,windows-latest-8-core-oss
36980948706,131699,build-and-test,push,github-actions[bot],Bot,bot,110764391908,"test turbopack production (6/7, 18.3.1) / build",2026-10-02T08:24:57Z,2026-10-02T08:26:26Z,2,linux_16_core,0.026,0.052,ubuntu-latest-16-core-arm-oss
36980948706,131699,build-and-test,push,github-actions[bot],Bot,bot,110764392152,test firefox and safari / build,2026-10-02T07:54:27Z,2026-10-02T07:59:39Z,6,linux_16_core,0.026,0.156,ubuntu-latest-16-core-arm-oss
36980948706,131699,build-and-test,push,github-actions[bot],Bot,bot,110764392233,test unit windows (22) / build,2026-10-02T07:55:44Z,2026-10-02T08:06:50Z,12,windows_8_core,0.042,0.504,windows-latest-8-core-oss
36980948706,131699,build-and-test,push,github-actions[bot],Bot,bot,110764392354,"test turbopack production (4/7, 18.3.1) / build",2026-10-02T07:54:36Z,2026-10-02T08:06:05Z,12,linux_16_core,0.026,0.312,ubuntu-latest-16-core-arm-oss
36980948706,131699,build-and-test,push,github-actions[bot],Bot,bot,110764392424,"test turbopack production (1/7, 18.3.1) / build",2026-10-02T07:54:36Z,2026-10-02T08:06:12Z,12,linux_16_core,0.026,0.312,ubuntu-latest-16-core-arm-oss
36980948706,131699,build-and-test,push,github-actions[bot],Bot,bot,110764392427,test unit windows (20) / build,2026-10-02T07:56:45Z,2026-10-02T08:07:27Z,11,windows_8_core,0.042,0.462,windows-latest-8-core-oss
36980948706,131699,build-and-test,push,github-actions[bot],Bot,bot,110764392471,"test turbopack production (2/7, 18.3.1) / build",2026-10-02T07:54:36Z,2026-10-02T08:06:35Z,12,linux_16_core,0.026,0.312,ubuntu-latest-16-core-arm-oss
36980948706,131699,build-and-test,push,github-actions[bot],Bot,bot,110764392472,"test turbopack production (7/7, 18.3.1) / build",2026-10-02T07:55:22Z,2026-10-02T08:06:50Z,12,linux_16_core,0.026,0.312,ubuntu-latest-16-core-arm-oss
36980948706,131699,build-and-test,push,github-actions[bot],Bot,bot,110764392652,"test turbopack production (5/7, 18.3.1) / build",2026-10-02T07:55:40Z,2026-10-02T08:08:33Z,13,linux_16_core,0.026,0.33799999999999997,ubuntu-latest-16-core-arm-oss
36980948706,131699,build-and-test,push,github-actions[bot],Bot,bot,110764392870,"Run devlow benchmarks (-F turbopack=true, --scenario=heavy-npm-deps-build-turbo-cache-enabled -F ... / build",2026-10-02T07:54:27Z,2026-10-02T07:56:56Z,3,linux_16_core,0.026,0.078,ubuntu-latest-16-core-arm-oss
36980948706,131699,build-and-test,push,github-actions[bot],Bot,bot,110764393066,test unit (20) / build,2026-10-02T07:54:27Z,2026-10-02T07:56:42Z,3,linux_16_core,0.026,0.078,ubuntu-latest-16-core-arm-oss
36980948706,131699,build-and-test,push,github-actions[bot],Bot,bot,110764393147,"test turbopack dev (7/7, 18.3.1) / build",2026-10-02T07:54:36Z,2026-10-02T08:02:18Z,8,linux_16_core,0.026,0.208,ubuntu-latest-16-core-arm-oss
36980948706,131699,build-and-test,push,github-actions[bot],Bot,bot,110764393165,"Run devlow benchmarks (-F turbopack=true, --scenario=heavy-npm-deps-dev -F page=homepage) / build",2026-10-02T07:54:27Z,2026-10-02T07:56:35Z,3,linux_16_core,0.026,0.078,ubuntu-latest-16-core-arm-oss
36980948706,131699,build-and-test,push,github-actions[bot],Bot,bot,110764393188,"test turbopack dev (6/7, 18.3.1) / build",2026-10-02T07:55:50Z,2026-10-02T08:14:15Z,19,linux_16_core,0.026,0.494,ubuntu-latest-16-core-arm-oss
36980948706,131699,build-and-test,push,github-actions[bot],Bot,bot,110764393230,"Run devlow benchmarks (-F turbopack=true, --scenario=heavy-npm-deps-build -F page=homepage) / build",2026-10-02T07:54:27Z,2026-10-02T07:58:23Z,4,linux_16_core,0.026,0.104,ubuntu-latest-16-core-arm-oss
36980948706,131699,build-and-test,push,github-actions[bot],Bot,bot,110764393241,"Run devlow benchmarks (-F turbopack=false, --scenario=heavy-npm-deps-build-turbo-cache-enabled -F... / build",2026-10-02T07:54:27Z,2026-10-02T07:59:01Z,5,linux_16_core,0.026,0.13,ubuntu-latest-16-core-arm-oss
36980948706,131699,build-and-test,push,github-actions[bot],Bot,bot,110764393299,Test new and changed tests for flakes (prod) (2/5) / build,2026-10-02T07:54:27Z,2026-10-02T07:55:06Z,1,linux_16_core,0.026,0.026,ubuntu-latest-16-core-arm-oss
36980948706,131699,build-and-test,push,github-actions[bot],Bot,bot,110764393308,"test turbopack dev (3/7, 18.3.1) / build",2026-10-02T07:55:14Z,2026-10-02T08:06:55Z,12,linux_16_core,0.026,0.312,ubuntu-latest-16-core-arm-oss
36980948706,131699,build-and-test,push,github-actions[bot],Bot,bot,110764393312,"test turbopack dev (2/7, 18.3.1) / build",2026-10-02T07:54:36Z,2026-10-02T08:04:36Z,10,linux_16_core,0.026,0.26,ubuntu-latest-16-core-arm-oss
36980948706,131699,build-and-test,push,github-actions[bot],Bot,bot,110764393318,"Run devlow benchmarks (-F turbopack=false, --scenario=heavy-npm-deps-build -F page=homepage) / build",2026-10-02T07:54:27Z,2026-10-02T08:02:59Z,9,linux_16_core,0.026,0.23399999999999999,ubuntu-latest-16-core-arm-oss
36980948706,131699,build-and-test,push,github-actions[bot],Bot,bot,110764393334,"Run devlow benchmarks (-F turbopack=false, --scenario=heavy-npm-deps-dev -F page=homepage) / build",2026-10-02T07:54:27Z,2026-10-02T07:58:02Z,4,linux_16_core,0.026,0.104,ubuntu-latest-16-core-arm-oss
36980948706,131699,build-and-test,push,github-actions[bot],Bot,bot,110764393366,test cache components dev (5/6) / build,2026-10-02T07:54:36Z,2026-10-02T08:07:36Z,13,linux_16_core,0.026,0.33799999999999997,ubuntu-latest-16-core-arm-oss
36980948706,131699,build-and-test,push,github-actions[bot],Bot,bot,110764393415,"test turbopack production (3/7, 18.3.1) / build",2026-10-02T07:54:36Z,2026-10-02T08:06:41Z,13,linux_16_core,0.026,0.33799999999999997,ubuntu-latest-16-core-arm-oss
36980948706,131699,build-and-test,push,github-actions[bot],Bot,bot,110764393459,"test turbopack dev (1/7, 18.3.1) / build",2026-10-02T07:54:36Z,2026-10-02T08:05:53Z,12,linux_16_core,0.026,0.312,ubuntu-latest-16-core-arm-oss
36980948706,131699,build-and-test,push,github-actions[bot],Bot,bot,110764393465,test next-config-ts-native-ts prod (24.15.0) / build,2026-10-02T07:54:27Z,2026-10-02T07:56:28Z,3,linux_16_core,0.026,0.078,ubuntu-latest-16-core-arm-oss
36980948706,131699,build-and-test,push,github-actions[bot],Bot,bot,110764393486,"test prod (4/10, 18.3.1) / build",2026-10-02T08:24:57Z,2026-10-02T08:27:34Z,3,linux_16_core,0.026,0.078,ubuntu-latest-16-core-arm-oss
36980948706,131699,build-and-test,push,github-actions[bot],Bot,bot,110764393504,Test new and changed tests for flakes (prod) (3/5) / build,2026-10-02T07:54:27Z,2026-10-02T07:55:08Z,1,linux_16_core,0.026,0.026,ubuntu-latest-16-core-arm-oss
36980948706,131699,build-and-test,push,github-actions[bot],Bot,bot,110764393719,test next-config-ts-native-ts prod (22) / build,2026-10-02T07:54:27Z,2026-10-02T07:56:22Z,2,linux_16_core,0.026,0.052,ubuntu-latest-16-core-arm-oss
36980948706,131699,build-and-test,push,github-actions[bot],Bot,bot,110764393785,"test turbopack dev (4/7, 18.3.1) / build",2026-10-02T07:54:37Z,2026-10-02T08:04:35Z,10,linux_16_core,0.026,0.26,ubuntu-latest-16-core-arm-oss
36980948706,131699,build-and-test,push,github-actions[bot],Bot,bot,110764393793,test cache components dev (4/6) / build,2026-10-02T07:54:36Z,2026-10-02T08:01:53Z,8,linux_16_core,0.026,0.208,ubuntu-latest-16-core-arm-oss
36980948706,131699,build-and-test,push,github-actions[bot],Bot,bot,110764393816,"test prod (10/10, 18.3.1) / build",2026-10-02T07:55:53Z,2026-10-02T08:11:37Z,16,linux_16_core,0.026,0.416,ubuntu-latest-16-core-arm-oss
36980948706,131699,build-and-test,push,github-actions[bot],Bot,bot,110764393826,test cache components dev (3/6) / build,2026-10-02T07:54:36Z,2026-10-02T08:01:51Z,8,linux_16_core,0.026,0.208,ubuntu-latest-16-core-arm-oss
36980948706,131699,build-and-test,push,github-actions[bot],Bot,bot,110764393872,"test turbopack dev (5/7, 18.3.1) / build",2026-10-02T07:54:37Z,2026-10-02T08:03:57Z,10,linux_16_core,0.026,0.26,ubuntu-latest-16-core-arm-oss
36980948706,131699,build-and-test,push,github-actions[bot],Bot,bot,110764393896,"test prod (2/10, 18.3.1) / build",2026-10-02T07:55:44Z,2026-10-02T08:21:09Z,26,linux_16_core,0.026,0.6759999999999999,ubuntu-latest-16-core-arm-oss
36980948706,131699,build-and-test,push,github-actions[bot],Bot,bot,110764393932,test unit (22) / build,2026-10-02T07:54:27Z,2026-10-02T07:56:34Z,3,linux_16_core,0.026,0.078,ubuntu-latest-16-core-arm-oss
36980948706,131699,build-and-test,push,github-actions[bot],Bot,bot,110764393968,test cache components dev (2/6) / build,2026-10-02T07:54:36Z,2026-10-02T08:02:35Z,8,linux_16_core,0.026,0.208,ubuntu-latest-16-core-arm-oss
36980948706,131699,build-and-test,push,github-actions[bot],Bot,bot,110764393982,Test new and changed tests for flakes (dev) (3/5) / build,2026-10-02T07:54:27Z,2026-10-02T07:55:13Z,1,linux_16_core,0.026,0.026,ubuntu-latest-16-core-arm-oss
36980948706,131699,build-and-test,push,github-actions[bot],Bot,bot,110764394031,test next-config-ts-native-ts dev (22) / build,2026-10-02T07:54:27Z,2026-10-02T07:56:00Z,2,linux_16_core,0.026,0.052,ubuntu-latest-16-core-arm-oss
36980948706,131699,build-and-test,push,github-actions[bot],Bot,bot,110764394063,Test new and changed tests for flakes (prod) (1/5) / build,2026-10-02T07:54:27Z,2026-10-02T07:55:12Z,1,linux_16_core,0.026,0.026,ubuntu-latest-16-core-arm-oss
36980948706,131699,build-and-test,push,github-actions[bot],Bot,bot,110764394106,"test prod (1/10, 18.3.1) / build",2026-10-02T07:54:37Z,2026-10-02T08:12:42Z,19,linux_16_core,0.026,0.494,ubuntu-latest-16-core-arm-oss
36980948706,131699,build-and-test,push,github-actions[bot],Bot,bot,110764394140,Test new and changed tests for flakes (prod) (4/5) / build,2026-10-02T07:54:27Z,2026-10-02T07:55:10Z,1,linux_16_core,0.026,0.026,ubuntu-latest-16-core-arm-oss
36980948706,131699,build-and-test,push,github-actions[bot],Bot,bot,110764394160,Test new and changed tests for flakes (prod) (5/5) / build,2026-10-02T07:54:27Z,2026-10-02T07:55:02Z,1,linux_16_core,0.026,0.026,ubuntu-latest-16-core-arm-oss
36980948706,131699,build-and-test,push,github-actions[bot],Bot,bot,110764394243,Test new and changed tests for flakes (dev) (4/5) / build,2026-10-02T07:54:27Z,2026-10-02T07:55:15Z,1,linux_16_core,0.026,0.026,ubuntu-latest-16-core-arm-oss
36980948706,131699,build-and-test,push,github-actions[bot],Bot,bot,110764394265,Test new and changed tests for flakes (dev) (5/5) / build,2026-10-02T07:54:27Z,2026-10-02T07:55:09Z,1,linux_16_core,0.026,0.026,ubuntu-latest-16-core-arm-oss
36980948706,131699,build-and-test,push,github-actions[bot],Bot,bot,110764394295,test next-config-ts-native-ts dev (24.15.0) / build,2026-10-02T07:54:27Z,2026-10-02T07:55:58Z,2,linux_16_core,0.026,0.052,ubuntu-latest-16-core-arm-oss
36980948706,131699,build-and-test,push,github-actions[bot],Bot,bot,110764394361,"test dev (5/10, 18.3.1) / build",2026-10-02T07:54:36Z,2026-10-02T08:04:44Z,11,linux_16_core,0.026,0.286,ubuntu-latest-16-core-arm-oss
36980948706,131699,build-and-test,push,github-actions[bot],Bot,bot,110764394412,Test new and changed tests for flakes (dev) (1/5) / build,2026-10-02T07:54:27Z,2026-10-02T07:55:08Z,1,linux_16_core,0.026,0.026,ubuntu-latest-16-core-arm-oss
36980948706,131699,build-and-test,push,github-actions[bot],Bot,bot,110764394488,"test prod (3/10, 18.3.1) / build",2026-10-02T07:54:37Z,2026-10-02T08:09:58Z,16,linux_16_core,0.026,0.416,ubuntu-latest-16-core-arm-oss
36980948706,131699,build-and-test,push,github-actions[bot],Bot,bot,110764394630,"test dev (1/10, 18.3.1) / build",2026-10-02T07:54:36Z,2026-10-02T08:03:59Z,10,linux_16_core,0.026,0.26,ubuntu-latest-16-core-arm-oss
36980948706,131699,build-and-test,push,github-actions[bot],Bot,bot,110764394727,test cache components dev (1/6) / build,2026-10-02T07:54:36Z,2026-10-02T08:01:17Z,7,linux_16_core,0.026,0.182,ubuntu-latest-16-core-arm-oss
36980948706,131699,build-and-test,push,github-actions[bot],Bot,bot,110764394759,test cache components dev (6/6) / build,2026-10-02T07:54:36Z,2026-10-02T08:02:07Z,8,linux_16_core,0.026,0.208,ubuntu-latest-16-core-arm-oss
36980948706,131699,build-and-test,push,github-actions[bot],Bot,bot,110764394788,test cache components prod (3/7) / build,2026-10-02T07:55:19Z,2026-10-02T08:02:26Z,8,linux_16_core,0.026,0.208,ubuntu-latest-16-core-arm-oss
36980948706,131699,build-and-test,push,github-actions[bot],Bot,bot,110764394840,"test dev (4/10, 18.3.1) / build",2026-10-02T07:54:36Z,2026-10-02T08:07:37Z,14,linux_16_core,0.026,0.364,ubuntu-latest-16-core-arm-oss
36980948706,131699,build-and-test,push,github-actions[bot],Bot,bot,110764394941,Test new and changed tests for flakes (dev) (2/5) / build,2026-10-02T07:54:27Z,2026-10-02T07:55:08Z,1,linux_16_core,0.026,0.026,ubuntu-latest-16-core-arm-oss
36980948706,131699,build-and-test,push,github-actions[bot],Bot,bot,110764394952,"test prod (9/10, 18.3.1) / build",2026-10-02T07:54:37Z,2026-10-02T08:09:14Z,15,linux_16_core,0.026,0.38999999999999996,ubuntu-latest-16-core-arm-oss
36980948706,131699,build-and-test,push,github-actions[bot],Bot,bot,110764394963,"test prod (7/10, 18.3.1) / build",2026-10-02T07:55:52Z,2026-10-02T08:08:10Z,13,linux_16_core,0.026,0.33799999999999997,ubuntu-latest-16-core-arm-oss
36980948706,131699,build-and-test,push,github-actions[bot],Bot,bot,110764395154,"test dev (10/10, 18.3.1) / build",2026-10-02T07:54:36Z,2026-10-02T08:07:09Z,13,linux_16_core,0.026,0.33799999999999997,ubuntu-latest-16-core-arm-oss
36980948706,131699,build-and-test,push,github-actions[bot],Bot,bot,110764395181,"test dev (9/10, 18.3.1) / build",2026-10-02T07:54:36Z,2026-10-02T08:08:14Z,14,linux_16_core,0.026,0.364,ubuntu-latest-16-core-arm-oss
36980948706,131699,build-and-test,push,github-actions[bot],Bot,bot,110764395193,"test prod (6/10, 18.3.1) / build",2026-10-02T07:55:27Z,2026-10-02T08:08:42Z,14,linux_16_core,0.026,0.364,ubuntu-latest-16-core-arm-oss
36980948706,131699,build-and-test,push,github-actions[bot],Bot,bot,110764395234,"test dev (6/10, 18.3.1) / build",2026-10-02T07:54:36Z,2026-10-02T08:04:27Z,10,linux_16_core,0.026,0.26,ubuntu-latest-16-core-arm-oss
36980948706,131699,build-and-test,push,github-actions[bot],Bot,bot,110764395316,test cache components prod (1/7) / build,2026-10-02T07:55:33Z,2026-10-02T08:01:56Z,7,linux_16_core,0.026,0.182,ubuntu-latest-16-core-arm-oss
36980948706,131699,build-and-test,push,github-actions[bot],Bot,bot,110764395332,"test dev (2/10, 18.3.1) / build",2026-10-02T07:54:36Z,2026-10-02T08:08:26Z,14,linux_16_core,0.026,0.364,ubuntu-latest-16-core-arm-oss
36980948706,131699,build-and-test,push,github-actions[bot],Bot,bot,110764395403,"test prod (8/10, 18.3.1) / build",2026-10-02T08:21:37Z,2026-10-02T08:23:07Z,2,linux_16_core,0.026,0.052,ubuntu-latest-16-core-arm-oss
36980948706,131699,build-and-test,push,github-actions[bot],Bot,bot,110764395405,test cache components prod (5/7) / build,2026-10-02T07:54:37Z,2026-10-02T08:08:39Z,15,linux_16_core,0.026,0.38999999999999996,ubuntu-latest-16-core-arm-oss
36980948706,131699,build-and-test,push,github-actions[bot],Bot,bot,110764395425,"test dev (8/10, 18.3.1) / build",2026-10-02T07:54:36Z,2026-10-02T08:05:59Z,12,linux_16_core,0.026,0.312,ubuntu-latest-16-core-arm-oss
36980948706,131699,build-and-test,push,github-actions[bot],Bot,bot,110764395509,"test prod (5/10, 18.3.1) / build",2026-10-02T07:54:37Z,2026-10-02T08:08:50Z,15,linux_16_core,0.026,0.38999999999999996,ubuntu-latest-16-core-arm-oss
36980948706,131699,build-and-test,push,github-actions[bot],Bot,bot,110764395539,test cache components prod (4/7) / build,2026-10-02T07:54:45Z,2026-10-02T08:04:21Z,10,linux_16_core,0.026,0.26,ubuntu-latest-16-core-arm-oss
36980948706,131699,build-and-test,push,github-actions[bot],Bot,bot,110764395618,"test dev (3/10, 18.3.1) / build",2026-10-02T07:54:36Z,2026-10-02T08:04:21Z,10,linux_16_core,0.026,0.26,ubuntu-latest-16-core-arm-oss
36980948706,131699,build-and-test,push,github-actions[bot],Bot,bot,110764395764,test cache components prod (7/7) / build,2026-10-02T07:54:37Z,2026-10-02T08:02:50Z,9,linux_16_core,0.026,0.23399999999999999,ubuntu-latest-16-core-arm-oss
36980948706,131699,build-and-test,push,github-actions[bot],Bot,bot,110764395811,"test dev (7/10, 18.3.1) / build",2026-10-02T07:54:36Z,2026-10-02T08:08:05Z,14,linux_16_core,0.026,0.364,ubuntu-latest-16-core-arm-oss
36980948706,131699,build-and-test,push,github-actions[bot],Bot,bot,110764395882,test cache components prod (6/7) / build,2026-10-02T07:54:37Z,2026-10-02T08:02:37Z,8,linux_16_core,0.026,0.208,ubuntu-latest-16-core-arm-oss
36980948706,131699,build-and-test,push,github-actions[bot],Bot,bot,110764395935,test cache components prod (2/7) / build,2026-10-02T07:55:13Z,2026-10-02T08:02:41Z,8,linux_16_core,0.026,0.208,ubuntu-latest-16-core-arm-oss
36980948706,131699,build-and-test,push,github-actions[bot],Bot,bot,110764432240,Upload PR CI metadata,2026-10-02T08:25:03Z,2026-10-02T07:53:15Z,1,actions_linux,0.006,0.006,ubuntu-latest
36980948706,131699,build-and-test,push,github-actions[bot],Bot,bot,110765176721,"thank you, next",2026-10-02T08:27:36Z,2026-10-02T08:27:40Z,1,actions_linux,0.006,0.006,ubuntu-latest
36980948110,148115,build-and-deploy,push,bgw,User,human,110755096996,deploy-target,2026-10-02T07:53:16Z,2026-10-02T07:53:35Z,1,actions_linux,0.006,0.006,ubuntu-latest
36980948110,148115,build-and-deploy,push,bgw,User,human,110755194334,generate-native-matrix,2026-10-02T07:53:40Z,2026-10-02T07:53:44Z,1,actions_linux,0.006,0.006,ubuntu-latest
36980948110,148115,build-and-deploy,push,bgw,User,human,110755194360,build-wasm (web),2026-10-02T07:53:38Z,2026-10-02T07:54:16Z,1,linux_16_core,0.042,0.042,ubuntu-latest-16-core-oss
36980948110,148115,build-and-deploy,push,bgw,User,human,110755194443,build,2026-10-02T07:53:38Z,2026-10-02T07:57:06Z,4,actions_linux,0.006,0.024,ubuntu-latest
36980948110,148115,build-and-deploy,push,bgw,User,human,110755194464,build-wasm (nodejs),2026-10-02T07:53:38Z,2026-10-02T07:54:15Z,1,linux_16_core,0.042,0.042,ubuntu-latest-16-core-oss
36980948110,148115,build-and-deploy,push,bgw,User,human,110755236619,stable - x86_64-pc-windows-msvc - node@20,2026-10-02T07:53:48Z,2026-10-02T08:07:56Z,15,windows_8_core,0.042,0.63,windows-latest-8-core-oss
36980948110,148115,build-and-deploy,push,bgw,User,human,110755236628,stable - aarch64-apple-darwin - node@20,2026-10-02T07:53:54Z,2026-10-02T08:15:02Z,22,actions_macos,0.062,1.3639999999999999,macos-15
36980948110,148115,build-and-deploy,push,bgw,User,human,110755236635,stable - aarch64-pc-windows-msvc - node@20,2026-10-02T07:53:47Z,2026-10-02T08:04:12Z,11,windows_8_core,0.042,0.462,windows-latest-8-core-oss
36980948110,148115,build-and-deploy,push,bgw,User,human,110755236661,stable - aarch64-unknown-linux-gnu - node@20,2026-10-02T07:53:47Z,2026-10-02T07:59:12Z,6,linux_16_core,0.042,0.252,ubuntu-latest-16-core-oss
36980948110,148115,build-and-deploy,push,bgw,User,human,110755236717,stable - x86_64-unknown-linux-gnu - node@20,2026-10-02T07:54:45Z,2026-10-02T08:01:40Z,7,linux_16_core,0.042,0.29400000000000004,ubuntu-latest-16-core-oss
36980948110,148115,build-and-deploy,push,bgw,User,human,110755236728,stable - x86_64-apple-darwin - node@20,2026-10-02T07:53:53Z,2026-10-02T08:12:33Z,19,actions_macos,0.062,1.178,macos-15
36980948110,148115,build-and-deploy,push,bgw,User,human,110755236764,stable - x86_64-unknown-linux-musl - node@20,2026-10-02T07:54:53Z,2026-10-02T08:01:40Z,7,linux_16_core,0.042,0.29400000000000004,ubuntu-latest-16-core-oss
36980948110,148115,build-and-deploy,push,bgw,User,human,110755236796,stable - aarch64-unknown-linux-musl - node@20,2026-10-02T07:53:47Z,2026-10-02T08:00:41Z,7,linux_16_core,0.042,0.29400000000000004,ubuntu-latest-16-core-oss
36980948110,148115,build-and-deploy,push,bgw,User,human,110761486360,Prepare preview tarball,2026-10-02T08:15:05Z,2026-10-02T08:18:12Z,4,actions_linux,0.006,0.024,ubuntu-latest
36980948110,148115,build-and-deploy,push,bgw,User,human,110761486467,Upload Turbopack Bytesize metrics to Datadog,2026-10-02T08:15:05Z,2026-10-02T08:15:12Z,1,actions_linux,0.006,0.006,ubuntu-latest
36980948110,148115,build-and-deploy,push,bgw,User,human,110761486529,"thank you, build",2026-10-02T08:15:05Z,2026-10-02T08:15:08Z,1,actions_linux,0.006,0.006,ubuntu-latest
36980948110,148115,build-and-deploy,push,bgw,User,human,110761488659,Potentially publish release,2026-10-02T08:15:03Z,2026-10-02T08:15:02Z,1,actions_linux,0.006,0.006,ubuntu-latest
36980948110,148115,build-and-deploy,push,bgw,User,human,110761488839,report publish failure to slack,2026-10-02T08:15:03Z,2026-10-02T08:15:03Z,1,actions_linux,0.006,0.006,ubuntu-latest
36980941806,78008,PR CI Comment,workflow_run,bgw,User,human,110755078072,Comment on PR,2026-10-02T07:53:13Z,2026-10-02T07:53:36Z,1,actions_linux,0.006,0.006,ubuntu-latest
36980861537,10064,Poll React Sync,schedule,eps1lon,User,human,110754832383,poll,2026-10-02T07:52:19Z,2026-10-02T07:52:24Z,1,actions_linux,0.006,0.006,ubuntu-latest
36980592528,78007,PR CI Comment,workflow_run,bgw,User,human,110753993814,Comment on PR,2026-10-02T07:49:18Z,2026-10-02T07:49:17Z,1,actions_linux,0.006,0.006,ubuntu-latest
36980588927,131698,build-and-test,push,github-actions[bot],Bot,bot,110762636122,optimize-ci / PR Stack CI Gate,2026-10-02T07:49:18Z,2026-10-02T07:49:24Z,1,actions_linux,0.006,0.006,ubuntu-latest
36980588927,131698,build-and-test,push,github-actions[bot],Bot,bot,110762636664,validate-docs-links,2026-10-02T07:49:27Z,2026-10-02T07:49:45Z,1,actions_linux,0.006,0.006,ubuntu-latest
36980588927,131698,build-and-test,push,github-actions[bot],Bot,bot,110762636992,build-next / build,2026-10-02T07:49:27Z,2026-10-02T07:50:07Z,1,linux_16_core,0.026,0.026,ubuntu-latest-16-core-arm-oss
36980588927,131698,build-and-test,push,github-actions[bot],Bot,bot,110762637130,lint / build,2026-10-02T07:50:10Z,2026-10-02T07:54:37Z,5,linux_16_core,0.026,0.13,ubuntu-latest-16-core-arm-oss
36980588927,131698,build-and-test,push,github-actions[bot],Bot,bot,110762637170,rust check / build,2026-10-02T07:50:10Z,2026-10-02T07:50:48Z,1,linux_16_core,0.026,0.026,ubuntu-latest-16-core-arm-oss
36980588927,131698,build-and-test,push,github-actions[bot],Bot,bot,110762637252,test devlow package / build,2026-10-02T07:49:42Z,2026-10-02T07:50:21Z,1,linux_16_core,0.026,0.026,ubuntu-latest-16-core-arm-oss
36980588927,131698,build-and-test,push,github-actions[bot],Bot,bot,110762637303,rustdoc check / build,2026-10-02T07:50:10Z,2026-10-02T07:52:20Z,3,linux_16_core,0.026,0.078,ubuntu-latest-16-core-arm-oss
36980588927,131698,build-and-test,push,github-actions[bot],Bot,bot,110762637338,build-native / build,2026-10-02T07:49:42Z,2026-10-02T07:50:19Z,1,linux_16_core,0.026,0.026,ubuntu-latest-16-core-arm-oss
36980588927,131698,build-and-test,push,github-actions[bot],Bot,bot,110762637342,fetch test timings,2026-10-02T07:49:42Z,2026-10-02T07:50:37Z,1,actions_linux,0.006,0.006,ubuntu-latest
36980588927,131698,build-and-test,push,github-actions[bot],Bot,bot,110762637495,build-native-windows / build,2026-10-02T07:49:42Z,2026-10-02T07:50:46Z,2,windows_8_core,0.042,0.084,windows-latest-8-core-oss
36980588927,131698,build-and-test,push,github-actions[bot],Bot,bot,110762637689,test next-swc wasi / build,2026-10-02T07:50:10Z,2026-10-02T07:52:47Z,3,linux_16_core,0.026,0.078,ubuntu-latest-16-core-arm-oss
36980588927,131698,build-and-test,push,github-actions[bot],Bot,bot,110762637710,test cargo unit (miri) / build,2026-10-02T07:50:09Z,2026-10-02T07:58:27Z,9,linux_16_core,0.026,0.23399999999999999,ubuntu-latest-16-core-arm-oss
36980588927,131698,build-and-test,push,github-actions[bot],Bot,bot,110762637761,test cargo benches / Test,2026-10-02T07:50:09Z,2026-10-02T07:56:22Z,7,linux_16_core,0.042,0.29400000000000004,ubuntu-latest-16-core-oss
36980588927,131698,build-and-test,push,github-actions[bot],Bot,bot,110762637809,test next-swc wasm / build,2026-10-02T08:16:27Z,2026-10-02T08:17:27Z,1,linux_16_core,0.026,0.026,ubuntu-latest-16-core-arm-oss
36980588927,131698,build-and-test,push,github-actions[bot],Bot,bot,110762637825,test cargo unit / build,2026-10-02T07:50:09Z,2026-10-02T07:59:57Z,10,linux_16_core,0.042,0.42000000000000004,ubuntu-latest-16-core-oss
36980588927,131698,build-and-test,push,github-actions[bot],Bot,bot,110762637901,Test new and changed tests when deployed (cache components) (3/5) / build,2026-10-02T08:15:12Z,2026-10-02T08:15:54Z,1,linux_16_core,0.026,0.026,ubuntu-latest-16-core-arm-oss
36980588927,131698,build-and-test,push,github-actions[bot],Bot,bot,110762638134,Test new and changed tests when deployed (5/5) / build,2026-10-02T08:15:11Z,2026-10-02T08:15:53Z,1,linux_16_core,0.026,0.026,ubuntu-latest-16-core-arm-oss
36980588927,131698,build-and-test,push,github-actions[bot],Bot,bot,110762638240,test rspack dev,2026-10-02T08:18:56Z,2026-10-02T08:18:56Z,1,actions_linux,0.006,0.006,
36980588927,131698,build-and-test,push,github-actions[bot],Bot,bot,110762638243,Test new and changed tests when deployed (cache components) (4/5) / build,2026-10-02T08:15:11Z,2026-10-02T08:15:52Z,1,linux_16_core,0.026,0.026,ubuntu-latest-16-core-arm-oss
36980588927,131698,build-and-test,push,github-actions[bot],Bot,bot,110762638298,ast-grep lint,2026-10-02T07:50:10Z,2026-10-02T07:50:22Z,1,actions_linux,0.006,0.006,ubuntu-latest
36980588927,131698,build-and-test,push,github-actions[bot],Bot,bot,110762638369,Test new and changed tests when deployed (cache components) (5/5) / build,2026-10-02T08:15:11Z,2026-10-02T08:15:55Z,1,linux_16_core,0.026,0.026,ubuntu-latest-16-core-arm-oss
36980588927,131698,build-and-test,push,github-actions[bot],Bot,bot,110762638373,Test new and changed tests when deployed (2/5) / build,2026-10-02T08:15:11Z,2026-10-02T08:15:55Z,1,linux_16_core,0.026,0.026,ubuntu-latest-16-core-arm-oss
36980588927,131698,build-and-test,push,github-actions[bot],Bot,bot,110762638440,Test new and changed tests when deployed (4/5) / build,2026-10-02T08:15:11Z,2026-10-02T08:15:58Z,1,linux_16_core,0.026,0.026,ubuntu-latest-16-core-arm-oss
36980588927,131698,build-and-test,push,github-actions[bot],Bot,bot,110762638528,Test new and changed tests when deployed (3/5) / build,2026-10-02T08:15:12Z,2026-10-02T08:16:01Z,1,linux_16_core,0.026,0.026,ubuntu-latest-16-core-arm-oss
36980588927,131698,build-and-test,push,github-actions[bot],Bot,bot,110762638559,Test new and changed tests when deployed (cache components) (1/5) / build,2026-10-02T08:15:12Z,2026-10-02T08:16:00Z,1,linux_16_core,0.026,0.026,ubuntu-latest-16-core-arm-oss
36980588927,131698,build-and-test,push,github-actions[bot],Bot,bot,110762638658,test dev windows / build,2026-10-02T07:50:52Z,2026-10-02T07:56:18Z,6,windows_8_core,0.042,0.252,windows-latest-8-core-oss
36980588927,131698,build-and-test,push,github-actions[bot],Bot,bot,110762638856,Test new and changed tests when deployed (1/5) / build,2026-10-02T08:15:12Z,2026-10-02T08:15:53Z,1,linux_16_core,0.026,0.026,ubuntu-latest-16-core-arm-oss
36980588927,131698,build-and-test,push,github-actions[bot],Bot,bot,110762639283,test rspack production,2026-10-02T08:18:57Z,2026-10-02T08:18:56Z,1,actions_linux,0.006,0.006,
36980588927,131698,build-and-test,push,github-actions[bot],Bot,bot,110762639325,test prod windows / build,2026-10-02T07:50:49Z,2026-10-02T07:55:52Z,6,windows_8_core,0.042,0.252,windows-latest-8-core-oss
36980588927,131698,build-and-test,push,github-actions[bot],Bot,bot,110762639860,test integration windows / build,2026-10-02T07:50:49Z,2026-10-02T07:58:34Z,8,windows_8_core,0.042,0.336,windows-latest-8-core-oss
36980588927,131698,build-and-test,push,github-actions[bot],Bot,bot,110762640087,Test new and changed tests when deployed (cache components) (2/5) / build,2026-10-02T08:15:11Z,2026-10-02T08:15:54Z,1,linux_16_core,0.026,0.026,ubuntu-latest-16-core-arm-oss
36980588927,131698,build-and-test,push,github-actions[bot],Bot,bot,110762640187,test unit windows (22) / build,2026-10-02T07:50:49Z,2026-10-02T07:56:36Z,6,windows_8_core,0.042,0.252,windows-latest-8-core-oss
36980588927,131698,build-and-test,push,github-actions[bot],Bot,bot,110762640452,"test turbopack production (1/7, 18.3.1) / build",2026-10-02T08:19:00Z,2026-10-02T08:20:28Z,2,linux_16_core,0.026,0.052,ubuntu-latest-16-core-arm-oss
36980588927,131698,build-and-test,push,github-actions[bot],Bot,bot,110762640887,types and precompiled / build,2026-10-02T07:50:22Z,2026-10-02T07:51:46Z,2,linux_16_core,0.026,0.052,ubuntu-latest-16-core-arm-oss
36980588927,131698,build-and-test,push,github-actions[bot],Bot,bot,110762640936,test firefox and safari / build,2026-10-02T07:50:22Z,2026-10-02T07:55:26Z,6,linux_16_core,0.026,0.156,ubuntu-latest-16-core-arm-oss
36980588927,131698,build-and-test,push,github-actions[bot],Bot,bot,110762640993,test unit windows (20) / build,2026-10-02T07:50:49Z,2026-10-02T07:56:32Z,6,windows_8_core,0.042,0.252,windows-latest-8-core-oss
36980588927,131698,build-and-test,push,github-actions[bot],Bot,bot,110762641242,"test turbopack production (3/7, 18.3.1) / build",2026-10-02T07:50:42Z,2026-10-02T08:03:10Z,13,linux_16_core,0.026,0.33799999999999997,ubuntu-latest-16-core-arm-oss
36980588927,131698,build-and-test,push,github-actions[bot],Bot,bot,110762641244,"Run devlow benchmarks (-F turbopack=false, --scenario=heavy-npm-deps-build -F page=homepage) / build",2026-10-02T07:50:23Z,2026-10-02T07:59:02Z,9,linux_16_core,0.026,0.23399999999999999,ubuntu-latest-16-core-arm-oss
36980588927,131698,build-and-test,push,github-actions[bot],Bot,bot,110762641264,"Run devlow benchmarks (-F turbopack=false, --scenario=heavy-npm-deps-dev -F page=homepage) / build",2026-10-02T07:50:23Z,2026-10-02T07:53:59Z,4,linux_16_core,0.026,0.104,ubuntu-latest-16-core-arm-oss
36980588927,131698,build-and-test,push,github-actions[bot],Bot,bot,110762641269,"Run devlow benchmarks (-F turbopack=true, --scenario=heavy-npm-deps-dev -F page=homepage) / build",2026-10-02T07:50:23Z,2026-10-02T07:52:29Z,3,linux_16_core,0.026,0.078,ubuntu-latest-16-core-arm-oss
36980588927,131698,build-and-test,push,github-actions[bot],Bot,bot,110762641511,"test turbopack dev (4/7, 18.3.1) / build",2026-10-02T07:51:16Z,2026-10-02T08:01:05Z,10,linux_16_core,0.026,0.26,ubuntu-latest-16-core-arm-oss
36980588927,131698,build-and-test,push,github-actions[bot],Bot,bot,110762641611,"test turbopack production (4/7, 18.3.1) / build",2026-10-02T07:50:41Z,2026-10-02T08:03:10Z,13,linux_16_core,0.026,0.33799999999999997,ubuntu-latest-16-core-arm-oss
36980588927,131698,build-and-test,push,github-actions[bot],Bot,bot,110762641624,"test turbopack production (7/7, 18.3.1) / build",2026-10-02T07:50:41Z,2026-10-02T08:02:50Z,13,linux_16_core,0.026,0.33799999999999997,ubuntu-latest-16-core-arm-oss
36980588927,131698,build-and-test,push,github-actions[bot],Bot,bot,110762641637,"test turbopack dev (1/7, 18.3.1) / build",2026-10-02T07:50:42Z,2026-10-02T08:01:37Z,11,linux_16_core,0.026,0.286,ubuntu-latest-16-core-arm-oss
36980588927,131698,build-and-test,push,github-actions[bot],Bot,bot,110762641727,Test new and changed tests for flakes (prod) (3/5) / build,2026-10-02T07:50:23Z,2026-10-02T07:51:06Z,1,linux_16_core,0.026,0.026,ubuntu-latest-16-core-arm-oss
36980588927,131698,build-and-test,push,github-actions[bot],Bot,bot,110762641745,Test new and changed tests for flakes (dev) (4/5) / build,2026-10-02T07:50:22Z,2026-10-02T07:51:03Z,1,linux_16_core,0.026,0.026,ubuntu-latest-16-core-arm-oss
36980588927,131698,build-and-test,push,github-actions[bot],Bot,bot,110762641757,"Run devlow benchmarks (-F turbopack=true, --scenario=heavy-npm-deps-build -F page=homepage) / build",2026-10-02T07:50:22Z,2026-10-02T07:54:23Z,5,linux_16_core,0.026,0.13,ubuntu-latest-16-core-arm-oss
36980588927,131698,build-and-test,push,github-actions[bot],Bot,bot,110762641790,"test turbopack dev (5/7, 18.3.1) / build",2026-10-02T07:50:42Z,2026-10-02T08:00:15Z,10,linux_16_core,0.026,0.26,ubuntu-latest-16-core-arm-oss
36980588927,131698,build-and-test,push,github-actions[bot],Bot,bot,110762641809,"test turbopack production (5/7, 18.3.1) / build",2026-10-02T07:50:41Z,2026-10-02T08:02:59Z,13,linux_16_core,0.026,0.33799999999999997,ubuntu-latest-16-core-arm-oss
36980588927,131698,build-and-test,push,github-actions[bot],Bot,bot,110762641833,"Run devlow benchmarks (-F turbopack=true, --scenario=heavy-npm-deps-build-turbo-cache-enabled -F ... / build",2026-10-02T07:50:23Z,2026-10-02T07:52:52Z,3,linux_16_core,0.026,0.078,ubuntu-latest-16-core-arm-oss
36980588927,131698,build-and-test,push,github-actions[bot],Bot,bot,110762641872,test next-config-ts-native-ts prod (22) / build,2026-10-02T07:50:23Z,2026-10-02T07:52:26Z,3,linux_16_core,0.026,0.078,ubuntu-latest-16-core-arm-oss
36980588927,131698,build-and-test,push,github-actions[bot],Bot,bot,110762641933,"test prod (5/10, 18.3.1) / build",2026-10-02T08:19:00Z,2026-10-02T08:21:00Z,2,linux_16_core,0.026,0.052,ubuntu-latest-16-core-arm-oss
36980588927,131698,build-and-test,push,github-actions[bot],Bot,bot,110762641936,"test dev (9/10, 18.3.1) / build",2026-10-02T07:50:41Z,2026-10-02T08:03:04Z,13,linux_16_core,0.026,0.33799999999999997,ubuntu-latest-16-core-arm-oss
36980588927,131698,build-and-test,push,github-actions[bot],Bot,bot,110762641938,Test new and changed tests for flakes (prod) (2/5) / build,2026-10-02T07:50:23Z,2026-10-02T07:51:07Z,1,linux_16_core,0.026,0.026,ubuntu-latest-16-core-arm-oss
36980588927,131698,build-and-test,push,github-actions[bot],Bot,bot,110762641982,"test dev (8/10, 18.3.1) / build",2026-10-02T07:50:41Z,2026-10-02T08:02:21Z,12,linux_16_core,0.026,0.312,ubuntu-latest-16-core-arm-oss
36980588927,131698,build-and-test,push,github-actions[bot],Bot,bot,110762641986,"test turbopack production (2/7, 18.3.1) / build",2026-10-02T07:50:41Z,2026-10-02T08:02:58Z,13,linux_16_core,0.026,0.33799999999999997,ubuntu-latest-16-core-arm-oss
36980588927,131698,build-and-test,push,github-actions[bot],Bot,bot,110762641991,"test dev (7/10, 18.3.1) / build",2026-10-02T07:50:41Z,2026-10-02T08:04:14Z,14,linux_16_core,0.026,0.364,ubuntu-latest-16-core-arm-oss
36980588927,131698,build-and-test,push,github-actions[bot],Bot,bot,110762642040,"Run devlow benchmarks (-F turbopack=false, --scenario=heavy-npm-deps-build-turbo-cache-enabled -F... / build",2026-10-02T07:50:22Z,2026-10-02T07:55:01Z,5,linux_16_core,0.026,0.13,ubuntu-latest-16-core-arm-oss
36980588927,131698,build-and-test,push,github-actions[bot],Bot,bot,110762642042,Test new and changed tests for flakes (prod) (1/5) / build,2026-10-02T07:50:23Z,2026-10-02T07:51:09Z,1,linux_16_core,0.026,0.026,ubuntu-latest-16-core-arm-oss
36980588927,131698,build-and-test,push,github-actions[bot],Bot,bot,110762642047,test next-config-ts-native-ts prod (24.15.0) / build,2026-10-02T07:50:22Z,2026-10-02T07:52:15Z,2,linux_16_core,0.026,0.052,ubuntu-latest-16-core-arm-oss
36980588927,131698,build-and-test,push,github-actions[bot],Bot,bot,110762642085,Test new and changed tests for flakes (dev) (1/5) / build,2026-10-02T07:50:23Z,2026-10-02T07:51:09Z,1,linux_16_core,0.026,0.026,ubuntu-latest-16-core-arm-oss
36980588927,131698,build-and-test,push,github-actions[bot],Bot,bot,110762642115,test next-config-ts-native-ts dev (24.15.0) / build,2026-10-02T07:50:22Z,2026-10-02T07:51:59Z,2,linux_16_core,0.026,0.052,ubuntu-latest-16-core-arm-oss
36980588927,131698,build-and-test,push,github-actions[bot],Bot,bot,110762642117,"test turbopack dev (3/7, 18.3.1) / build",2026-10-02T07:50:41Z,2026-10-02T08:02:24Z,12,linux_16_core,0.026,0.312,ubuntu-latest-16-core-arm-oss
36980588927,131698,build-and-test,push,github-actions[bot],Bot,bot,110762642149,"test turbopack dev (6/7, 18.3.1) / build",2026-10-02T07:50:41Z,2026-10-02T08:09:31Z,19,linux_16_core,0.026,0.494,ubuntu-latest-16-core-arm-oss
36980588927,131698,build-and-test,push,github-actions[bot],Bot,bot,110762642151,"test turbopack dev (7/7, 18.3.1) / build",2026-10-02T07:50:41Z,2026-10-02T08:01:10Z,11,linux_16_core,0.026,0.286,ubuntu-latest-16-core-arm-oss
36980588927,131698,build-and-test,push,github-actions[bot],Bot,bot,110762642162,"test turbopack production (6/7, 18.3.1) / build",2026-10-02T07:50:41Z,2026-10-02T08:02:34Z,12,linux_16_core,0.026,0.312,ubuntu-latest-16-core-arm-oss
36980588927,131698,build-and-test,push,github-actions[bot],Bot,bot,110762642194,"test dev (1/10, 18.3.1) / build",2026-10-02T07:50:41Z,2026-10-02T08:01:21Z,11,linux_16_core,0.026,0.286,ubuntu-latest-16-core-arm-oss
36980588927,131698,build-and-test,push,github-actions[bot],Bot,bot,110762642199,test cache components prod (4/7) / build,2026-10-02T07:50:41Z,2026-10-02T07:56:52Z,7,linux_16_core,0.026,0.182,ubuntu-latest-16-core-arm-oss
36980588927,131698,build-and-test,push,github-actions[bot],Bot,bot,110762642203,test cache components prod (5/7) / build,2026-10-02T07:50:41Z,2026-10-02T08:05:05Z,15,linux_16_core,0.026,0.38999999999999996,ubuntu-latest-16-core-arm-oss
36980588927,131698,build-and-test,push,github-actions[bot],Bot,bot,110762642213,Test new and changed tests for flakes (dev) (2/5) / build,2026-10-02T07:50:22Z,2026-10-02T07:51:00Z,1,linux_16_core,0.026,0.026,ubuntu-latest-16-core-arm-oss
36980588927,131698,build-and-test,push,github-actions[bot],Bot,bot,110762642229,"test dev (5/10, 18.3.1) / build",2026-10-02T07:51:13Z,2026-10-02T07:58:49Z,8,linux_16_core,0.026,0.208,ubuntu-latest-16-core-arm-oss
36980588927,131698,build-and-test,push,github-actions[bot],Bot,bot,110762642308,test next-config-ts-native-ts dev (22) / build,2026-10-02T07:50:22Z,2026-10-02T07:51:54Z,2,linux_16_core,0.026,0.052,ubuntu-latest-16-core-arm-oss
36980588927,131698,build-and-test,push,github-actions[bot],Bot,bot,110762642340,Test new and changed tests for flakes (dev) (5/5) / build,2026-10-02T07:50:22Z,2026-10-02T07:51:02Z,1,linux_16_core,0.026,0.026,ubuntu-latest-16-core-arm-oss
36980588927,131698,build-and-test,push,github-actions[bot],Bot,bot,110762642411,Test new and changed tests for flakes (prod) (4/5) / build,2026-10-02T07:50:23Z,2026-10-02T07:51:04Z,1,linux_16_core,0.026,0.026,ubuntu-latest-16-core-arm-oss
36980588927,131698,build-and-test,push,github-actions[bot],Bot,bot,110762642416,"test turbopack dev (2/7, 18.3.1) / build",2026-10-02T07:51:27Z,2026-10-02T07:59:13Z,8,linux_16_core,0.026,0.208,ubuntu-latest-16-core-arm-oss
36980588927,131698,build-and-test,push,github-actions[bot],Bot,bot,110762642575,"test dev (4/10, 18.3.1) / build",2026-10-02T07:50:42Z,2026-10-02T08:03:08Z,13,linux_16_core,0.026,0.33799999999999997,ubuntu-latest-16-core-arm-oss
36980588927,131698,build-and-test,push,github-actions[bot],Bot,bot,110762642582,"test dev (3/10, 18.3.1) / build",2026-10-02T07:50:41Z,2026-10-02T07:58:22Z,8,linux_16_core,0.026,0.208,ubuntu-latest-16-core-arm-oss
36980588927,131698,build-and-test,push,github-actions[bot],Bot,bot,110762642603,test cache components prod (2/7) / build,2026-10-02T07:50:41Z,2026-10-02T07:58:51Z,9,linux_16_core,0.026,0.23399999999999999,ubuntu-latest-16-core-arm-oss
36980588927,131698,build-and-test,push,github-actions[bot],Bot,bot,110762642607,test cache components prod (6/7) / build,2026-10-02T07:50:41Z,2026-10-02T07:58:40Z,8,linux_16_core,0.026,0.208,ubuntu-latest-16-core-arm-oss
36980588927,131698,build-and-test,push,github-actions[bot],Bot,bot,110762642645,"test dev (2/10, 18.3.1) / build",2026-10-02T07:50:41Z,2026-10-02T08:01:33Z,11,linux_16_core,0.026,0.286,ubuntu-latest-16-core-arm-oss
36980588927,131698,build-and-test,push,github-actions[bot],Bot,bot,110762642654,Test new and changed tests for flakes (prod) (5/5) / build,2026-10-02T07:50:23Z,2026-10-02T07:51:01Z,1,linux_16_core,0.026,0.026,ubuntu-latest-16-core-arm-oss
36980588927,131698,build-and-test,push,github-actions[bot],Bot,bot,110762642717,"test prod (7/10, 18.3.1) / build",2026-10-02T07:50:41Z,2026-10-02T08:04:10Z,14,linux_16_core,0.026,0.364,ubuntu-latest-16-core-arm-oss
36980588927,131698,build-and-test,push,github-actions[bot],Bot,bot,110762642750,Test new and changed tests for flakes (dev) (3/5) / build,2026-10-02T07:50:23Z,2026-10-02T07:51:08Z,1,linux_16_core,0.026,0.026,ubuntu-latest-16-core-arm-oss
36980588927,131698,build-and-test,push,github-actions[bot],Bot,bot,110762642753,test unit (20) / build,2026-10-02T07:50:22Z,2026-10-02T07:52:00Z,2,linux_16_core,0.026,0.052,ubuntu-latest-16-core-arm-oss
36980588927,131698,build-and-test,push,github-actions[bot],Bot,bot,110762642766,"test prod (10/10, 18.3.1) / build",2026-10-02T07:50:41Z,2026-10-02T08:04:12Z,14,linux_16_core,0.026,0.364,ubuntu-latest-16-core-arm-oss
36980588927,131698,build-and-test,push,github-actions[bot],Bot,bot,110762642808,test cache components prod (3/7) / build,2026-10-02T07:50:41Z,2026-10-02T07:58:01Z,8,linux_16_core,0.026,0.208,ubuntu-latest-16-core-arm-oss
36980588927,131698,build-and-test,push,github-actions[bot],Bot,bot,110762642832,test cache components dev (6/6) / build,2026-10-02T07:50:42Z,2026-10-02T07:58:20Z,8,linux_16_core,0.026,0.208,ubuntu-latest-16-core-arm-oss
36980588927,131698,build-and-test,push,github-actions[bot],Bot,bot,110762642857,"test prod (3/10, 18.3.1) / build",2026-10-02T07:50:41Z,2026-10-02T08:06:06Z,16,linux_16_core,0.026,0.416,ubuntu-latest-16-core-arm-oss
36980588927,131698,build-and-test,push,github-actions[bot],Bot,bot,110762642861,"test prod (6/10, 18.3.1) / build",2026-10-02T07:50:41Z,2026-10-02T08:04:01Z,14,linux_16_core,0.026,0.364,ubuntu-latest-16-core-arm-oss
36980588927,131698,build-and-test,push,github-actions[bot],Bot,bot,110762642866,"test dev (6/10, 18.3.1) / build",2026-10-02T07:50:41Z,2026-10-02T08:04:03Z,14,linux_16_core,0.026,0.364,ubuntu-latest-16-core-arm-oss
36980588927,131698,build-and-test,push,github-actions[bot],Bot,bot,110762642879,test unit (22) / build,2026-10-02T07:50:22Z,2026-10-02T07:52:25Z,3,linux_16_core,0.026,0.078,ubuntu-latest-16-core-arm-oss
36980588927,131698,build-and-test,push,github-actions[bot],Bot,bot,110762642886,test cache components dev (3/6) / build,2026-10-02T07:50:42Z,2026-10-02T07:57:58Z,8,linux_16_core,0.026,0.208,ubuntu-latest-16-core-arm-oss
36980588927,131698,build-and-test,push,github-actions[bot],Bot,bot,110762642937,test cache components prod (7/7) / build,2026-10-02T07:50:41Z,2026-10-02T07:58:14Z,8,linux_16_core,0.026,0.208,ubuntu-latest-16-core-arm-oss
36980588927,131698,build-and-test,push,github-actions[bot],Bot,bot,110762642957,"test prod (1/10, 18.3.1) / build",2026-10-02T07:50:41Z,2026-10-02T08:08:21Z,18,linux_16_core,0.026,0.46799999999999997,ubuntu-latest-16-core-arm-oss
36980588927,131698,build-and-test,push,github-actions[bot],Bot,bot,110762642959,"test prod (2/10, 18.3.1) / build",2026-10-02T07:50:41Z,2026-10-02T08:05:27Z,15,linux_16_core,0.026,0.38999999999999996,ubuntu-latest-16-core-arm-oss
36980588927,131698,build-and-test,push,github-actions[bot],Bot,bot,110762642972,test cache components dev (4/6) / build,2026-10-02T07:50:41Z,2026-10-02T07:55:50Z,6,linux_16_core,0.026,0.156,ubuntu-latest-16-core-arm-oss
36980588927,131698,build-and-test,push,github-actions[bot],Bot,bot,110762643008,test cache components prod (1/7) / build,2026-10-02T07:50:41Z,2026-10-02T07:57:28Z,7,linux_16_core,0.026,0.182,ubuntu-latest-16-core-arm-oss
36980588927,131698,build-and-test,push,github-actions[bot],Bot,bot,110762643029,test cache components dev (2/6) / build,2026-10-02T07:50:41Z,2026-10-02T07:58:21Z,8,linux_16_core,0.026,0.208,ubuntu-latest-16-core-arm-oss
36980588927,131698,build-and-test,push,github-actions[bot],Bot,bot,110762643046,"test prod (4/10, 18.3.1) / build",2026-10-02T07:50:41Z,2026-10-02T08:05:04Z,15,linux_16_core,0.026,0.38999999999999996,ubuntu-latest-16-core-arm-oss
36980588927,131698,build-and-test,push,github-actions[bot],Bot,bot,110762643141,"test prod (9/10, 18.3.1) / build",2026-10-02T07:50:41Z,2026-10-02T08:04:58Z,15,linux_16_core,0.026,0.38999999999999996,ubuntu-latest-16-core-arm-oss
36980588927,131698,build-and-test,push,github-actions[bot],Bot,bot,110762643169,test cache components dev (5/6) / build,2026-10-02T07:50:41Z,2026-10-02T08:06:31Z,16,linux_16_core,0.026,0.416,ubuntu-latest-16-core-arm-oss
36980588927,131698,build-and-test,push,github-actions[bot],Bot,bot,110762643205,test cache components dev (1/6) / build,2026-10-02T07:50:41Z,2026-10-02T07:57:07Z,7,linux_16_core,0.026,0.182,ubuntu-latest-16-core-arm-oss
36980588927,131698,build-and-test,push,github-actions[bot],Bot,bot,110762643304,"test prod (8/10, 18.3.1) / build",2026-10-02T07:50:41Z,2026-10-02T08:04:45Z,15,linux_16_core,0.026,0.38999999999999996,ubuntu-latest-16-core-arm-oss
36980588927,131698,build-and-test,push,github-actions[bot],Bot,bot,110762643790,"test dev (10/10, 18.3.1) / build",2026-10-02T07:50:41Z,2026-10-02T08:02:38Z,12,linux_16_core,0.026,0.312,ubuntu-latest-16-core-arm-oss
36980588927,131698,build-and-test,push,github-actions[bot],Bot,bot,110762674677,Upload PR CI metadata,2026-10-02T08:19:04Z,2026-10-02T07:49:16Z,1,actions_linux,0.006,0.006,ubuntu-latest
36980588927,131698,build-and-test,push,github-actions[bot],Bot,bot,110762677677,Determine changes,2026-10-02T07:49:27Z,2026-10-02T07:49:39Z,1,actions_linux,0.006,0.006,ubuntu-latest
36980588927,131698,build-and-test,push,github-actions[bot],Bot,bot,110762677924,Wait for preview tarball,2026-10-02T07:49:42Z,2026-10-02T08:15:09Z,26,actions_linux,0.006,0.156,ubuntu-latest
36980588927,131698,build-and-test,push,github-actions[bot],Bot,bot,110763240280,"thank you, next",2026-10-02T08:21:03Z,2026-10-02T08:21:05Z,1,actions_linux,0.006,0.006,ubuntu-latest
36980588292,148114,build-and-deploy,push,bgw,User,human,110753978625,deploy-target,2026-10-02T07:49:16Z,2026-10-02T07:49:35Z,1,actions_linux,0.006,0.006,ubuntu-latest
36980588292,148114,build-and-deploy,push,bgw,User,human,110754075596,build,2026-10-02T07:49:38Z,2026-10-02T07:52:55Z,4,actions_linux,0.006,0.024,ubuntu-latest
36980588292,148114,build-and-deploy,push,bgw,User,human,110754075664,build-wasm (web),2026-10-02T07:49:38Z,2026-10-02T07:50:19Z,1,linux_16_core,0.042,0.042,ubuntu-latest-16-core-oss
36980588292,148114,build-and-deploy,push,bgw,User,human,110754075666,generate-native-matrix,2026-10-02T07:49:38Z,2026-10-02T07:49:43Z,1,actions_linux,0.006,0.006,ubuntu-latest
36980588292,148114,build-and-deploy,push,bgw,User,human,110754075694,build-wasm (nodejs),2026-10-02T07:49:38Z,2026-10-02T07:50:11Z,1,linux_16_core,0.042,0.042,ubuntu-latest-16-core-oss
36980588292,148114,build-and-deploy,push,bgw,User,human,110754109580,stable - x86_64-apple-darwin - node@20,2026-10-02T07:49:53Z,2026-10-02T08:10:46Z,21,actions_macos,0.062,1.302,macos-15
36980588292,148114,build-and-deploy,push,bgw,User,human,110754109629,stable - x86_64-unknown-linux-musl - node@20,2026-10-02T07:49:45Z,2026-10-02T07:56:30Z,7,linux_16_core,0.042,0.29400000000000004,ubuntu-latest-16-core-oss
36980588292,148114,build-and-deploy,push,bgw,User,human,110754109636,stable - aarch64-unknown-linux-gnu - node@20,2026-10-02T07:49:46Z,2026-10-02T07:55:44Z,6,linux_16_core,0.042,0.252,ubuntu-latest-16-core-oss
36980588292,148114,build-and-deploy,push,bgw,User,human,110754109638,stable - aarch64-unknown-linux-musl - node@20,2026-10-02T07:49:46Z,2026-10-02T07:56:52Z,8,linux_16_core,0.042,0.336,ubuntu-latest-16-core-oss
36980588292,148114,build-and-deploy,push,bgw,User,human,110754109639,stable - x86_64-unknown-linux-gnu - node@20,2026-10-02T07:49:46Z,2026-10-02T07:55:09Z,6,linux_16_core,0.042,0.252,ubuntu-latest-16-core-oss
36980588292,148114,build-and-deploy,push,bgw,User,human,110754109641,stable - aarch64-pc-windows-msvc - node@20,2026-10-02T07:49:45Z,2026-10-02T08:00:09Z,11,windows_8_core,0.042,0.462,windows-latest-8-core-oss
36980588292,148114,build-and-deploy,push,bgw,User,human,110754109642,stable - x86_64-pc-windows-msvc - node@20,2026-10-02T07:49:46Z,2026-10-02T07:59:40Z,10,windows_8_core,0.042,0.42000000000000004,windows-latest-8-core-oss
36980588292,148114,build-and-deploy,push,bgw,User,human,110754109687,stable - aarch64-apple-darwin - node@20,2026-10-02T07:49:52Z,2026-10-02T08:10:07Z,21,actions_macos,0.062,1.302,macos-15
36980588292,148114,build-and-deploy,push,bgw,User,human,110760201153,Prepare preview tarball,2026-10-02T08:10:49Z,2026-10-02T08:14:27Z,4,actions_linux,0.006,0.024,ubuntu-latest
36980588292,148114,build-and-deploy,push,bgw,User,human,110760201155,Upload Turbopack Bytesize metrics to Datadog,2026-10-02T08:10:49Z,2026-10-02T08:10:59Z,1,actions_linux,0.006,0.006,ubuntu-latest
36980588292,148114,build-and-deploy,push,bgw,User,human,110760201231,"thank you, build",2026-10-02T08:10:49Z,2026-10-02T08:10:51Z,1,actions_linux,0.006,0.006,ubuntu-latest
36980588292,148114,build-and-deploy,push,bgw,User,human,110760202189,Potentially publish release,2026-10-02T08:10:47Z,2026-10-02T08:10:47Z,1,actions_linux,0.006,0.006,ubuntu-latest
36980588292,148114,build-and-deploy,push,bgw,User,human,110760203559,report publish failure to slack,2026-10-02T08:10:47Z,2026-10-02T08:10:47Z,1,actions_linux,0.006,0.006,ubuntu-latest
36980005724,88606,Triage issues,issue_comment,rodyvansambeek,User,human,110752142829,Nissuer,2026-10-02T07:42:43Z,2026-10-02T07:42:54Z,1,actions_linux,0.006,0.006,ubuntu-latest
36980005699,3955,Allow issue participants to reopen issues,issue_comment,rodyvansambeek,User,human,110752172036,Handle issue reopening,2026-10-02T07:42:50Z,2026-10-02T07:42:56Z,1,actions_linux,0.006,0.006,ubuntu-latest
36980004306,3954,Allow issue participants to reopen issues,issues,rodyvansambeek,User,human,110752138934,Handle issue reopening,2026-10-02T07:42:42Z,2026-10-02T07:42:47Z,1,actions_linux,0.006,0.006,ubuntu-latest
36979780634,10063,Poll React Sync,schedule,eps1lon,User,human,110751444462,poll,2026-10-02T07:40:14Z,2026-10-02T07:40:19Z,1,actions_linux,0.006,0.006,ubuntu-latest
36979378305,36719,retry-tests,workflow_run,unstubbable,User,human,110750180205,report failure to slack,2026-10-02T07:35:39Z,2026-10-02T07:35:54Z,1,actions_linux,0.006,0.006,ubuntu-latest
36979378305,36719,retry-tests,workflow_run,unstubbable,User,human,110750181704,retry failed jobs,2026-10-02T07:35:38Z,2026-10-02T07:35:37Z,1,actions_linux,0.006,0.006,ubuntu-latest
36979378263,78006,PR CI Comment,workflow_run,unstubbable,User,human,110750181186,Comment on PR,2026-10-02T07:35:38Z,2026-10-02T07:35:37Z,1,actions_linux,0.006,0.006,ubuntu-latest
36979126865,78005,PR CI Comment,workflow_run,unstubbable,User,human,110749403355,Comment on PR,2026-10-02T07:32:48Z,2026-10-02T07:32:48Z,1,actions_linux,0.006,0.006,ubuntu-latest
36979126831,36718,retry-tests,workflow_run,unstubbable,User,human,110749402291,retry failed jobs,2026-10-02T07:32:50Z,2026-10-02T07:33:07Z,1,actions_linux,0.006,0.006,ubuntu-latest
36979126831,36718,retry-tests,workflow_run,unstubbable,User,human,110749403660,report failure to slack,2026-10-02T07:32:48Z,2026-10-02T07:32:48Z,1,actions_linux,0.006,0.006,ubuntu-latest
36978647820,78004,PR CI Comment,workflow_run,unstubbable,User,human,110747942171,Comment on PR,2026-10-02T07:27:27Z,2026-10-02T07:27:26Z,1,actions_linux,0.006,0.006,ubuntu-latest
36978647772,36717,retry-tests,workflow_run,unstubbable,User,human,110747938220,retry failed jobs,2026-10-02T07:27:29Z,2026-10-02T07:27:37Z,1,actions_linux,0.006,0.006,ubuntu-latest
36978647772,36717,retry-tests,workflow_run,unstubbable,User,human,110747942606,report failure to slack,2026-10-02T07:27:27Z,2026-10-02T07:27:27Z,1,actions_linux,0.006,0.006,ubuntu-latest
36978374208,10062,Poll React Sync,schedule,eps1lon,User,human,110747100775,poll,2026-10-02T07:24:20Z,2026-10-02T07:24:24Z,1,actions_linux,0.006,0.006,ubuntu-latest
36978283585,688,Next Maintainer Auto Close,schedule,marcoshernanz,User,human,110746824181,close-one-verified-issue,2026-10-02T07:23:18Z,2026-10-02T07:23:26Z,1,actions_linux,0.006,0.006,ubuntu-latest
36978139002,36716,retry-tests,workflow_run,unstubbable,User,human,110746381766,retry failed jobs,2026-10-02T07:21:38Z,2026-10-02T07:21:37Z,1,actions_linux,0.006,0.006,ubuntu-latest
36978139002,36716,retry-tests,workflow_run,unstubbable,User,human,110746410420,report failure to slack,2026-10-02T07:21:44Z,2026-10-02T07:21:37Z,1,actions_linux,0.006,0.006,ubuntu-latest
36978138986,37847,Sync Canary After Backport Release,workflow_run,unstubbable,User,human,110746381800,evaluate,2026-10-02T07:21:38Z,2026-10-02T07:21:37Z,1,actions_linux,0.006,0.006,ubuntu-latest
36978138986,37847,Sync Canary After Backport Release,workflow_run,unstubbable,User,human,110746382112,dispatch,2026-10-02T07:21:38Z,2026-10-02T07:21:37Z,1,actions_linux,0.006,0.006,ubuntu-latest
36978138978,36089,upload-preview-tarballs,workflow_run,unstubbable,User,human,110746380079,Upload preview tarballs to Blob,2026-10-02T07:21:39Z,2026-10-02T07:22:05Z,1,actions_linux,0.006,0.006,ubuntu-latest
36977749530,36088,upload-preview-tarballs,workflow_run,refirst11,User,human,110745171900,Upload preview tarballs to Blob,2026-10-02T07:17:03Z,2026-10-02T07:17:02Z,1,actions_linux,0.006,0.006,ubuntu-latest
36977749441,37846,Sync Canary After Backport Release,workflow_run,refirst11,User,human,110745171411,evaluate,2026-10-02T07:17:03Z,2026-10-02T07:17:02Z,1,actions_linux,0.006,0.006,ubuntu-latest
36977749441,37846,Sync Canary After Backport Release,workflow_run,refirst11,User,human,110745172578,dispatch,2026-10-02T07:17:03Z,2026-10-02T07:17:03Z,1,actions_linux,0.006,0.006,ubuntu-latest
36977749435,78003,PR CI Comment,workflow_run,refirst11,User,human,110745170031,Comment on PR,2026-10-02T07:17:04Z,2026-10-02T07:17:15Z,1,actions_linux,0.006,0.006,ubuntu-latest
36977621050,78002,PR CI Comment,workflow_run,sokra,User,human,110744773488,Comment on PR,2026-10-02T07:15:33Z,2026-10-02T07:15:46Z,1,actions_linux,0.006,0.006,ubuntu-latest
36976946703,622,Update Rspack test manifest,schedule,timneutkens,User,human,110742710965,Update and upload Rspack development test manifest,2026-10-02T07:07:43Z,2026-10-02T07:08:34Z,1,actions_linux,0.006,0.006,ubuntu-latest
36976946703,622,Update Rspack test manifest,schedule,timneutkens,User,human,110742711380,Update and upload Rspack production test manifest,2026-10-02T07:07:42Z,2026-10-02T07:08:27Z,1,actions_linux,0.006,0.006,ubuntu-latest
36976421099,36087,upload-preview-tarballs,workflow_run,sokra,User,human,110741128923,Upload preview tarballs to Blob,2026-10-02T07:01:38Z,2026-10-02T07:01:49Z,1,actions_linux,0.006,0.006,ubuntu-latest
36976420956,37845,Sync Canary After Backport Release,workflow_run,sokra,User,human,110741129897,evaluate,2026-10-02T07:01:37Z,2026-10-02T07:01:36Z,1,actions_linux,0.006,0.006,ubuntu-latest
36976420956,37845,Sync Canary After Backport Release,workflow_run,sokra,User,human,110741130315,dispatch,2026-10-02T07:01:37Z,2026-10-02T07:01:36Z,1,actions_linux,0.006,0.006,ubuntu-latest
36976165243,10061,Poll React Sync,schedule,eps1lon,User,human,110740358409,poll,2026-10-02T06:58:40Z,2026-10-02T06:58:44Z,1,actions_linux,0.006,0.006,ubuntu-latest
36976102899,78001,PR CI Comment,workflow_run,unstubbable,User,human,110740165215,Comment on PR,2026-10-02T06:57:52Z,2026-10-02T06:57:51Z,1,actions_linux,0.006,0.006,ubuntu-latest
36976099741,131697,build-and-test,push,github-actions[bot],Bot,bot,110749489721,Upload PR CI metadata,2026-10-02T07:33:08Z,2026-10-02T06:57:49Z,1,actions_linux,0.006,0.006,ubuntu-latest
36976099741,131697,build-and-test,push,github-actions[bot],Bot,bot,110749490544,validate-docs-links,2026-10-02T06:58:01Z,2026-10-02T06:58:18Z,1,actions_linux,0.006,0.006,ubuntu-latest
36976099741,131697,build-and-test,push,github-actions[bot],Bot,bot,110749490657,build-next / build,2026-10-02T06:58:01Z,2026-10-02T06:58:44Z,1,linux_16_core,0.026,0.026,ubuntu-latest-16-core-arm-oss
36976099741,131697,build-and-test,push,github-actions[bot],Bot,bot,110749491077,Wait for preview tarball,2026-10-02T06:58:14Z,2026-10-02T07:22:20Z,25,actions_linux,0.006,0.15,ubuntu-latest
36976099741,131697,build-and-test,push,github-actions[bot],Bot,bot,110749491455,test cargo benches / Test,2026-10-02T06:58:47Z,2026-10-02T07:06:12Z,8,linux_16_core,0.042,0.336,ubuntu-latest-16-core-oss
36976099741,131697,build-and-test,push,github-actions[bot],Bot,bot,110749491499,fetch test timings,2026-10-02T06:58:14Z,2026-10-02T06:59:03Z,1,actions_linux,0.006,0.006,ubuntu-latest
36976099741,131697,build-and-test,push,github-actions[bot],Bot,bot,110749491600,ast-grep lint,2026-10-02T06:58:47Z,2026-10-02T06:59:03Z,1,actions_linux,0.006,0.006,ubuntu-latest
36976099741,131697,build-and-test,push,github-actions[bot],Bot,bot,110749491643,rust check / build,2026-10-02T06:58:47Z,2026-10-02T06:59:25Z,1,linux_16_core,0.026,0.026,ubuntu-latest-16-core-arm-oss
36976099741,131697,build-and-test,push,github-actions[bot],Bot,bot,110749491667,build-native-windows / build,2026-10-02T06:58:19Z,2026-10-02T06:59:42Z,2,windows_8_core,0.042,0.084,windows-latest-8-core-oss
36976099741,131697,build-and-test,push,github-actions[bot],Bot,bot,110749491672,test next-swc wasm / build,2026-10-02T06:58:47Z,2026-10-02T07:01:38Z,3,linux_16_core,0.026,0.078,ubuntu-latest-16-core-arm-oss
36976099741,131697,build-and-test,push,github-actions[bot],Bot,bot,110749491807,test devlow package / build,2026-10-02T06:58:14Z,2026-10-02T06:58:57Z,1,linux_16_core,0.026,0.026,ubuntu-latest-16-core-arm-oss
36976099741,131697,build-and-test,push,github-actions[bot],Bot,bot,110749491822,test cargo unit (miri) / build,2026-10-02T06:58:47Z,2026-10-02T07:07:14Z,9,linux_16_core,0.026,0.23399999999999999,ubuntu-latest-16-core-arm-oss
36976099741,131697,build-and-test,push,github-actions[bot],Bot,bot,110749491843,test cargo unit / build,2026-10-02T06:58:47Z,2026-10-02T07:09:51Z,12,linux_16_core,0.042,0.504,ubuntu-latest-16-core-oss
36976099741,131697,build-and-test,push,github-actions[bot],Bot,bot,110749491970,lint / build,2026-10-02T06:58:47Z,2026-10-02T07:03:25Z,5,linux_16_core,0.026,0.13,ubuntu-latest-16-core-arm-oss
36976099741,131697,build-and-test,push,github-actions[bot],Bot,bot,110749492076,rustdoc check / build,2026-10-02T06:58:47Z,2026-10-02T07:00:59Z,3,linux_16_core,0.026,0.078,ubuntu-latest-16-core-arm-oss
36976099741,131697,build-and-test,push,github-actions[bot],Bot,bot,110749492188,test next-swc wasi / build,2026-10-02T06:58:47Z,2026-10-02T07:02:36Z,4,linux_16_core,0.026,0.104,ubuntu-latest-16-core-arm-oss
36976099741,131697,build-and-test,push,github-actions[bot],Bot,bot,110749492414,build-native / build,2026-10-02T06:58:14Z,2026-10-02T06:58:54Z,1,linux_16_core,0.026,0.026,ubuntu-latest-16-core-arm-oss
36976099741,131697,build-and-test,push,github-actions[bot],Bot,bot,110749492736,Test new and changed tests when deployed (1/5) / build,2026-10-02T07:27:43Z,2026-10-02T07:32:37Z,5,linux_16_core,0.026,0.13,ubuntu-latest-16-core-arm-oss
36976099741,131697,build-and-test,push,github-actions[bot],Bot,bot,110749492812,Test new and changed tests when deployed (cache components) (4/5) / build,2026-10-02T07:22:23Z,2026-10-02T07:24:21Z,2,linux_16_core,0.026,0.052,ubuntu-latest-16-core-arm-oss
36976099741,131697,build-and-test,push,github-actions[bot],Bot,bot,110749492912,Test new and changed tests when deployed (cache components) (1/5) / build,2026-10-02T07:22:23Z,2026-10-02T07:27:16Z,5,linux_16_core,0.026,0.13,ubuntu-latest-16-core-arm-oss
36976099741,131697,build-and-test,push,github-actions[bot],Bot,bot,110749493076,Test new and changed tests when deployed (cache components) (5/5) / build,2026-10-02T07:22:23Z,2026-10-02T07:23:18Z,1,linux_16_core,0.026,0.026,ubuntu-latest-16-core-arm-oss
36976099741,131697,build-and-test,push,github-actions[bot],Bot,bot,110749493104,Test new and changed tests when deployed (cache components) (2/5) / build,2026-10-02T07:22:23Z,2026-10-02T07:24:13Z,2,linux_16_core,0.026,0.052,ubuntu-latest-16-core-arm-oss
36976099741,131697,build-and-test,push,github-actions[bot],Bot,bot,110749493172,test rspack production,2026-10-02T07:33:08Z,2026-10-02T07:33:08Z,1,actions_linux,0.006,0.006,
36976099741,131697,build-and-test,push,github-actions[bot],Bot,bot,110749493180,Test new and changed tests when deployed (cache components) (3/5) / build,2026-10-02T07:22:23Z,2026-10-02T07:24:36Z,3,linux_16_core,0.026,0.078,ubuntu-latest-16-core-arm-oss
36976099741,131697,build-and-test,push,github-actions[bot],Bot,bot,110749493264,Test new and changed tests when deployed (3/5) / build,2026-10-02T07:22:23Z,2026-10-02T07:24:36Z,3,linux_16_core,0.026,0.078,ubuntu-latest-16-core-arm-oss
36976099741,131697,build-and-test,push,github-actions[bot],Bot,bot,110749493380,Test new and changed tests when deployed (2/5) / build,2026-10-02T07:22:24Z,2026-10-02T07:24:22Z,2,linux_16_core,0.026,0.052,ubuntu-latest-16-core-arm-oss
36976099741,131697,build-and-test,push,github-actions[bot],Bot,bot,110749493386,Test new and changed tests when deployed (4/5) / build,2026-10-02T07:22:23Z,2026-10-02T07:24:12Z,2,linux_16_core,0.026,0.052,ubuntu-latest-16-core-arm-oss
36976099741,131697,build-and-test,push,github-actions[bot],Bot,bot,110749493503,Test new and changed tests when deployed (5/5) / build,2026-10-02T07:22:23Z,2026-10-02T07:23:10Z,1,linux_16_core,0.026,0.026,ubuntu-latest-16-core-arm-oss
36976099741,131697,build-and-test,push,github-actions[bot],Bot,bot,110749493769,test dev windows / build,2026-10-02T07:01:13Z,2026-10-02T07:06:21Z,6,windows_8_core,0.042,0.252,windows-latest-8-core-oss
36976099741,131697,build-and-test,push,github-actions[bot],Bot,bot,110749493959,test prod windows / build,2026-10-02T07:01:30Z,2026-10-02T07:08:40Z,8,windows_8_core,0.042,0.336,windows-latest-8-core-oss
36976099741,131697,build-and-test,push,github-actions[bot],Bot,bot,110749494061,test rspack dev,2026-10-02T07:33:09Z,2026-10-02T07:33:08Z,1,actions_linux,0.006,0.006,
36976099741,131697,build-and-test,push,github-actions[bot],Bot,bot,110749494129,test integration windows / build,2026-10-02T07:01:40Z,2026-10-02T07:11:52Z,11,windows_8_core,0.042,0.462,windows-latest-8-core-oss
36976099741,131697,build-and-test,push,github-actions[bot],Bot,bot,110749494250,types and precompiled / build,2026-10-02T06:58:57Z,2026-10-02T07:00:56Z,2,linux_16_core,0.026,0.052,ubuntu-latest-16-core-arm-oss
36976099741,131697,build-and-test,push,github-actions[bot],Bot,bot,110749495648,test unit (22) / build,2026-10-02T06:58:58Z,2026-10-02T07:01:05Z,3,linux_16_core,0.026,0.078,ubuntu-latest-16-core-arm-oss
36976099741,131697,build-and-test,push,github-actions[bot],Bot,bot,110749495657,test unit windows (20) / build,2026-10-02T07:01:40Z,2026-10-02T07:12:32Z,11,windows_8_core,0.042,0.462,windows-latest-8-core-oss
36976099741,131697,build-and-test,push,github-actions[bot],Bot,bot,110749495682,test firefox and safari / build,2026-10-02T06:58:58Z,2026-10-02T07:04:21Z,6,linux_16_core,0.026,0.156,ubuntu-latest-16-core-arm-oss
36976099741,131697,build-and-test,push,github-actions[bot],Bot,bot,110749495684,"test turbopack dev (6/7, 18.3.1) / build",2026-10-02T06:59:06Z,2026-10-02T07:11:04Z,12,linux_16_core,0.026,0.312,ubuntu-latest-16-core-arm-oss
36976099741,131697,build-and-test,push,github-actions[bot],Bot,bot,110749495800,"test turbopack dev (2/7, 18.3.1) / build",2026-10-02T06:59:07Z,2026-10-02T07:18:33Z,20,linux_16_core,0.026,0.52,ubuntu-latest-16-core-arm-oss
36976099741,131697,build-and-test,push,github-actions[bot],Bot,bot,110749495832,test unit (20) / build,2026-10-02T06:58:57Z,2026-10-02T07:01:03Z,3,linux_16_core,0.026,0.078,ubuntu-latest-16-core-arm-oss
36976099741,131697,build-and-test,push,github-actions[bot],Bot,bot,110749495851,test unit windows (22) / build,2026-10-02T06:59:45Z,2026-10-02T07:10:53Z,12,windows_8_core,0.042,0.504,windows-latest-8-core-oss
36976099741,131697,build-and-test,push,github-actions[bot],Bot,bot,110749495864,"test turbopack dev (4/7, 18.3.1) / build",2026-10-02T06:59:06Z,2026-10-02T07:09:56Z,11,linux_16_core,0.026,0.286,ubuntu-latest-16-core-arm-oss
36976099741,131697,build-and-test,push,github-actions[bot],Bot,bot,110749495962,"test turbopack dev (1/7, 18.3.1) / build",2026-10-02T06:59:06Z,2026-10-02T07:09:10Z,11,linux_16_core,0.026,0.286,ubuntu-latest-16-core-arm-oss
36976099741,131697,build-and-test,push,github-actions[bot],Bot,bot,110749496029,"test turbopack dev (7/7, 18.3.1) / build",2026-10-02T06:59:06Z,2026-10-02T07:10:44Z,12,linux_16_core,0.026,0.312,ubuntu-latest-16-core-arm-oss
36976099741,131697,build-and-test,push,github-actions[bot],Bot,bot,110749496104,Test new and changed tests for flakes (dev) (2/5) / build,2026-10-02T06:58:57Z,2026-10-02T07:00:17Z,2,linux_16_core,0.026,0.052,ubuntu-latest-16-core-arm-oss
36976099741,131697,build-and-test,push,github-actions[bot],Bot,bot,110749496181,Test new and changed tests for flakes (dev) (5/5) / build,2026-10-02T06:58:57Z,2026-10-02T07:00:13Z,2,linux_16_core,0.026,0.052,ubuntu-latest-16-core-arm-oss
36976099741,131697,build-and-test,push,github-actions[bot],Bot,bot,110749496183,"test turbopack dev (3/7, 18.3.1) / build",2026-10-02T06:59:06Z,2026-10-02T07:08:19Z,10,linux_16_core,0.026,0.26,ubuntu-latest-16-core-arm-oss
36976099741,131697,build-and-test,push,github-actions[bot],Bot,bot,110749496184,Test new and changed tests for flakes (dev) (4/5) / build,2026-10-02T06:58:58Z,2026-10-02T07:00:41Z,2,linux_16_core,0.026,0.052,ubuntu-latest-16-core-arm-oss
36976099741,131697,build-and-test,push,github-actions[bot],Bot,bot,110749496213,"test dev (6/10, 18.3.1) / build",2026-10-02T07:00:19Z,2026-10-02T07:11:01Z,11,linux_16_core,0.026,0.286,ubuntu-latest-16-core-arm-oss
36976099741,131697,build-and-test,push,github-actions[bot],Bot,bot,110749496282,"test dev (10/10, 18.3.1) / build",2026-10-02T07:00:23Z,2026-10-02T07:12:43Z,13,linux_16_core,0.026,0.33799999999999997,ubuntu-latest-16-core-arm-oss
36976099741,131697,build-and-test,push,github-actions[bot],Bot,bot,110749496296,"test turbopack dev (5/7, 18.3.1) / build",2026-10-02T06:59:06Z,2026-10-02T07:08:26Z,10,linux_16_core,0.026,0.26,ubuntu-latest-16-core-arm-oss
36976099741,131697,build-and-test,push,github-actions[bot],Bot,bot,110749496312,Test new and changed tests for flakes (dev) (3/5) / build,2026-10-02T06:58:58Z,2026-10-02T07:00:15Z,2,linux_16_core,0.026,0.052,ubuntu-latest-16-core-arm-oss
36976099741,131697,build-and-test,push,github-actions[bot],Bot,bot,110749496392,"test turbopack production (4/7, 18.3.1) / build",2026-10-02T06:59:06Z,2026-10-02T07:11:25Z,13,linux_16_core,0.026,0.33799999999999997,ubuntu-latest-16-core-arm-oss
36976099741,131697,build-and-test,push,github-actions[bot],Bot,bot,110749496393,"test dev (2/10, 18.3.1) / build",2026-10-02T06:59:06Z,2026-10-02T07:08:27Z,10,linux_16_core,0.026,0.26,ubuntu-latest-16-core-arm-oss
36976099741,131697,build-and-test,push,github-actions[bot],Bot,bot,110749496461,Test new and changed tests for flakes (dev) (1/5) / build,2026-10-02T06:58:58Z,2026-10-02T07:02:36Z,4,linux_16_core,0.026,0.104,ubuntu-latest-16-core-arm-oss
36976099741,131697,build-and-test,push,github-actions[bot],Bot,bot,110749496479,"test turbopack production (5/7, 18.3.1) / build",2026-10-02T07:00:15Z,2026-10-02T07:12:13Z,12,linux_16_core,0.026,0.312,ubuntu-latest-16-core-arm-oss
36976099741,131697,build-and-test,push,github-actions[bot],Bot,bot,110749496538,"test turbopack production (7/7, 18.3.1) / build",2026-10-02T07:33:12Z,2026-10-02T07:34:46Z,2,linux_16_core,0.026,0.052,ubuntu-latest-16-core-arm-oss
36976099741,131697,build-and-test,push,github-actions[bot],Bot,bot,110749496539,"test turbopack production (6/7, 18.3.1) / build",2026-10-02T07:00:24Z,2026-10-02T07:18:01Z,18,linux_16_core,0.026,0.46799999999999997,ubuntu-latest-16-core-arm-oss
36976099741,131697,build-and-test,push,github-actions[bot],Bot,bot,110749496575,"test turbopack production (2/7, 18.3.1) / build",2026-10-02T06:59:43Z,2026-10-02T07:11:53Z,13,linux_16_core,0.026,0.33799999999999997,ubuntu-latest-16-core-arm-oss
36976099741,131697,build-and-test,push,github-actions[bot],Bot,bot,110749496609,"Run devlow benchmarks (-F turbopack=false, --scenario=heavy-npm-deps-build -F page=homepage) / build",2026-10-02T06:58:58Z,2026-10-02T07:07:35Z,9,linux_16_core,0.026,0.23399999999999999,ubuntu-latest-16-core-arm-oss
36976099741,131697,build-and-test,push,github-actions[bot],Bot,bot,110749496614,"Run devlow benchmarks (-F turbopack=true, --scenario=heavy-npm-deps-dev -F page=homepage) / build",2026-10-02T06:58:57Z,2026-10-02T07:01:00Z,3,linux_16_core,0.026,0.078,ubuntu-latest-16-core-arm-oss
36976099741,131697,build-and-test,push,github-actions[bot],Bot,bot,110749496663,"test dev (5/10, 18.3.1) / build",2026-10-02T06:59:06Z,2026-10-02T07:11:10Z,13,linux_16_core,0.026,0.33799999999999997,ubuntu-latest-16-core-arm-oss
36976099741,131697,build-and-test,push,github-actions[bot],Bot,bot,110749496686,"test turbopack production (1/7, 18.3.1) / build",2026-10-02T07:00:04Z,2026-10-02T07:13:48Z,14,linux_16_core,0.026,0.364,ubuntu-latest-16-core-arm-oss
36976099741,131697,build-and-test,push,github-actions[bot],Bot,bot,110749496687,"test dev (1/10, 18.3.1) / build",2026-10-02T06:59:06Z,2026-10-02T07:09:38Z,11,linux_16_core,0.026,0.286,ubuntu-latest-16-core-arm-oss
36976099741,131697,build-and-test,push,github-actions[bot],Bot,bot,110749496703,"test dev (9/10, 18.3.1) / build",2026-10-02T06:59:06Z,2026-10-02T07:09:39Z,11,linux_16_core,0.026,0.286,ubuntu-latest-16-core-arm-oss
36976099741,131697,build-and-test,push,github-actions[bot],Bot,bot,110749496717,"test dev (3/10, 18.3.1) / build",2026-10-02T07:00:22Z,2026-10-02T07:09:29Z,10,linux_16_core,0.026,0.26,ubuntu-latest-16-core-arm-oss
36976099741,131697,build-and-test,push,github-actions[bot],Bot,bot,110749496782,"test dev (7/10, 18.3.1) / build",2026-10-02T06:59:06Z,2026-10-02T07:10:14Z,12,linux_16_core,0.026,0.312,ubuntu-latest-16-core-arm-oss
36976099741,131697,build-and-test,push,github-actions[bot],Bot,bot,110749496791,"test turbopack production (3/7, 18.3.1) / build",2026-10-02T06:59:06Z,2026-10-02T07:10:58Z,12,linux_16_core,0.026,0.312,ubuntu-latest-16-core-arm-oss
36976099741,131697,build-and-test,push,github-actions[bot],Bot,bot,110749496816,"test dev (4/10, 18.3.1) / build",2026-10-02T07:00:22Z,2026-10-02T07:20:32Z,21,linux_16_core,0.026,0.5459999999999999,ubuntu-latest-16-core-arm-oss
36976099741,131697,build-and-test,push,github-actions[bot],Bot,bot,110749496840,"Run devlow benchmarks (-F turbopack=true, --scenario=heavy-npm-deps-build-turbo-cache-enabled -F ... / build",2026-10-02T06:58:58Z,2026-10-02T07:01:17Z,3,linux_16_core,0.026,0.078,ubuntu-latest-16-core-arm-oss
36976099741,131697,build-and-test,push,github-actions[bot],Bot,bot,110749496927,"test dev (8/10, 18.3.1) / build",2026-10-02T06:59:06Z,2026-10-02T07:10:08Z,12,linux_16_core,0.026,0.312,ubuntu-latest-16-core-arm-oss
36976099741,131697,build-and-test,push,github-actions[bot],Bot,bot,110749497050,"Run devlow benchmarks (-F turbopack=false, --scenario=heavy-npm-deps-dev -F page=homepage) / build",2026-10-02T06:58:58Z,2026-10-02T07:02:38Z,4,linux_16_core,0.026,0.104,ubuntu-latest-16-core-arm-oss
36976099741,131697,build-and-test,push,github-actions[bot],Bot,bot,110749497071,Test new and changed tests for flakes (prod) (5/5) / build,2026-10-02T06:58:58Z,2026-10-02T07:02:23Z,4,linux_16_core,0.026,0.104,ubuntu-latest-16-core-arm-oss
36976099741,131697,build-and-test,push,github-actions[bot],Bot,bot,110749497128,test next-config-ts-native-ts prod (22) / build,2026-10-02T06:58:58Z,2026-10-02T07:01:05Z,3,linux_16_core,0.026,0.078,ubuntu-latest-16-core-arm-oss
36976099741,131697,build-and-test,push,github-actions[bot],Bot,bot,110749497169,test next-config-ts-native-ts dev (22) / build,2026-10-02T06:58:58Z,2026-10-02T07:00:38Z,2,linux_16_core,0.026,0.052,ubuntu-latest-16-core-arm-oss
36976099741,131697,build-and-test,push,github-actions[bot],Bot,bot,110749497213,"Run devlow benchmarks (-F turbopack=true, --scenario=heavy-npm-deps-build -F page=homepage) / build",2026-10-02T06:58:57Z,2026-10-02T07:03:06Z,5,linux_16_core,0.026,0.13,ubuntu-latest-16-core-arm-oss
36976099741,131697,build-and-test,push,github-actions[bot],Bot,bot,110749497239,"Run devlow benchmarks (-F turbopack=false, --scenario=heavy-npm-deps-build-turbo-cache-enabled -F... / build",2026-10-02T06:58:57Z,2026-10-02T07:03:37Z,5,linux_16_core,0.026,0.13,ubuntu-latest-16-core-arm-oss
36976099741,131697,build-and-test,push,github-actions[bot],Bot,bot,110749497271,"test prod (3/10, 18.3.1) / build",2026-10-02T07:33:12Z,2026-10-02T07:34:53Z,2,linux_16_core,0.026,0.052,ubuntu-latest-16-core-arm-oss
36976099741,131697,build-and-test,push,github-actions[bot],Bot,bot,110749497424,"test prod (7/10, 18.3.1) / build",2026-10-02T07:00:21Z,2026-10-02T07:13:48Z,14,linux_16_core,0.026,0.364,ubuntu-latest-16-core-arm-oss
36976099741,131697,build-and-test,push,github-actions[bot],Bot,bot,110749497467,"test prod (9/10, 18.3.1) / build",2026-10-02T07:00:21Z,2026-10-02T07:18:06Z,18,linux_16_core,0.026,0.46799999999999997,ubuntu-latest-16-core-arm-oss
36976099741,131697,build-and-test,push,github-actions[bot],Bot,bot,110749497486,test next-config-ts-native-ts dev (24.15.0) / build,2026-10-02T06:58:57Z,2026-10-02T07:00:35Z,2,linux_16_core,0.026,0.052,ubuntu-latest-16-core-arm-oss
36976099741,131697,build-and-test,push,github-actions[bot],Bot,bot,110749497530,test cache components dev (1/6) / build,2026-10-02T07:00:21Z,2026-10-02T07:07:15Z,7,linux_16_core,0.026,0.182,ubuntu-latest-16-core-arm-oss
36976099741,131697,build-and-test,push,github-actions[bot],Bot,bot,110749497626,"test prod (6/10, 18.3.1) / build",2026-10-02T07:00:20Z,2026-10-02T07:14:26Z,15,linux_16_core,0.026,0.38999999999999996,ubuntu-latest-16-core-arm-oss
36976099741,131697,build-and-test,push,github-actions[bot],Bot,bot,110749497637,Test new and changed tests for flakes (prod) (2/5) / build,2026-10-02T06:58:58Z,2026-10-02T07:00:38Z,2,linux_16_core,0.026,0.052,ubuntu-latest-16-core-arm-oss
36976099741,131697,build-and-test,push,github-actions[bot],Bot,bot,110749497674,"test prod (10/10, 18.3.1) / build",2026-10-02T07:00:23Z,2026-10-02T07:14:15Z,14,linux_16_core,0.026,0.364,ubuntu-latest-16-core-arm-oss
36976099741,131697,build-and-test,push,github-actions[bot],Bot,bot,110749497687,test cache components dev (2/6) / build,2026-10-02T07:00:19Z,2026-10-02T07:06:51Z,7,linux_16_core,0.026,0.182,ubuntu-latest-16-core-arm-oss
36976099741,131697,build-and-test,push,github-actions[bot],Bot,bot,110749497688,"test prod (8/10, 18.3.1) / build",2026-10-02T06:59:06Z,2026-10-02T07:13:09Z,15,linux_16_core,0.026,0.38999999999999996,ubuntu-latest-16-core-arm-oss
36976099741,131697,build-and-test,push,github-actions[bot],Bot,bot,110749497721,"test prod (1/10, 18.3.1) / build",2026-10-02T06:59:06Z,2026-10-02T07:15:40Z,17,linux_16_core,0.026,0.442,ubuntu-latest-16-core-arm-oss
36976099741,131697,build-and-test,push,github-actions[bot],Bot,bot,110749497757,Test new and changed tests for flakes (prod) (4/5) / build,2026-10-02T06:58:58Z,2026-10-02T07:00:39Z,2,linux_16_core,0.026,0.052,ubuntu-latest-16-core-arm-oss
36976099741,131697,build-and-test,push,github-actions[bot],Bot,bot,110749497773,Test new and changed tests for flakes (prod) (3/5) / build,2026-10-02T06:58:58Z,2026-10-02T07:01:41Z,3,linux_16_core,0.026,0.078,ubuntu-latest-16-core-arm-oss
36976099741,131697,build-and-test,push,github-actions[bot],Bot,bot,110749497775,test cache components dev (5/6) / build,2026-10-02T07:00:17Z,2026-10-02T07:08:00Z,8,linux_16_core,0.026,0.208,ubuntu-latest-16-core-arm-oss
36976099741,131697,build-and-test,push,github-actions[bot],Bot,bot,110749497804,test cache components dev (3/6) / build,2026-10-02T07:00:13Z,2026-10-02T07:16:36Z,17,linux_16_core,0.026,0.442,ubuntu-latest-16-core-arm-oss
36976099741,131697,build-and-test,push,github-actions[bot],Bot,bot,110749497815,test cache components prod (5/7) / build,2026-10-02T07:00:23Z,2026-10-02T07:05:58Z,6,linux_16_core,0.026,0.156,ubuntu-latest-16-core-arm-oss
36976099741,131697,build-and-test,push,github-actions[bot],Bot,bot,110749497828,test cache components dev (6/6) / build,2026-10-02T07:00:21Z,2026-10-02T07:07:24Z,8,linux_16_core,0.026,0.208,ubuntu-latest-16-core-arm-oss
36976099741,131697,build-and-test,push,github-actions[bot],Bot,bot,110749497869,test next-config-ts-native-ts prod (24.15.0) / build,2026-10-02T06:58:58Z,2026-10-02T07:01:08Z,3,linux_16_core,0.026,0.078,ubuntu-latest-16-core-arm-oss
36976099741,131697,build-and-test,push,github-actions[bot],Bot,bot,110749497951,test cache components prod (4/7) / build,2026-10-02T07:00:20Z,2026-10-02T07:15:10Z,15,linux_16_core,0.026,0.38999999999999996,ubuntu-latest-16-core-arm-oss
36976099741,131697,build-and-test,push,github-actions[bot],Bot,bot,110749497962,Test new and changed tests for flakes (prod) (1/5) / build,2026-10-02T06:58:58Z,2026-10-02T07:03:24Z,5,linux_16_core,0.026,0.13,ubuntu-latest-16-core-arm-oss
36976099741,131697,build-and-test,push,github-actions[bot],Bot,bot,110749498067,"test prod (4/10, 18.3.1) / build",2026-10-02T07:00:24Z,2026-10-02T07:13:42Z,14,linux_16_core,0.026,0.364,ubuntu-latest-16-core-arm-oss
36976099741,131697,build-and-test,push,github-actions[bot],Bot,bot,110749498194,"test prod (2/10, 18.3.1) / build",2026-10-02T06:59:06Z,2026-10-02T07:12:30Z,14,linux_16_core,0.026,0.364,ubuntu-latest-16-core-arm-oss
36976099741,131697,build-and-test,push,github-actions[bot],Bot,bot,110749498222,test cache components prod (3/7) / build,2026-10-02T07:00:23Z,2026-10-02T07:08:51Z,9,linux_16_core,0.026,0.23399999999999999,ubuntu-latest-16-core-arm-oss
36976099741,131697,build-and-test,push,github-actions[bot],Bot,bot,110749498263,test cache components prod (7/7) / build,2026-10-02T07:00:24Z,2026-10-02T07:08:23Z,8,linux_16_core,0.026,0.208,ubuntu-latest-16-core-arm-oss
36976099741,131697,build-and-test,push,github-actions[bot],Bot,bot,110749498353,test cache components prod (2/7) / build,2026-10-02T07:00:21Z,2026-10-02T07:10:05Z,10,linux_16_core,0.026,0.26,ubuntu-latest-16-core-arm-oss
36976099741,131697,build-and-test,push,github-actions[bot],Bot,bot,110749498473,test cache components dev (4/6) / build,2026-10-02T07:00:18Z,2026-10-02T07:07:20Z,8,linux_16_core,0.026,0.208,ubuntu-latest-16-core-arm-oss
36976099741,131697,build-and-test,push,github-actions[bot],Bot,bot,110749498702,test cache components prod (6/7) / build,2026-10-02T07:00:19Z,2026-10-02T07:07:42Z,8,linux_16_core,0.026,0.208,ubuntu-latest-16-core-arm-oss
36976099741,131697,build-and-test,push,github-actions[bot],Bot,bot,110749498834,test cache components prod (1/7) / build,2026-10-02T07:00:19Z,2026-10-02T07:08:39Z,9,linux_16_core,0.026,0.23399999999999999,ubuntu-latest-16-core-arm-oss
36976099741,131697,build-and-test,push,github-actions[bot],Bot,bot,110749498892,"test prod (5/10, 18.3.1) / build",2026-10-02T06:59:06Z,2026-10-02T07:14:41Z,16,linux_16_core,0.026,0.416,ubuntu-latest-16-core-arm-oss
36976099741,131697,build-and-test,push,github-actions[bot],Bot,bot,110749533655,optimize-ci / PR Stack CI Gate,2026-10-02T06:57:51Z,2026-10-02T06:57:58Z,1,actions_linux,0.006,0.006,ubuntu-latest
36976099741,131697,build-and-test,push,github-actions[bot],Bot,bot,110749535816,Determine changes,2026-10-02T06:58:00Z,2026-10-02T06:58:11Z,1,actions_linux,0.006,0.006,ubuntu-latest
36976099741,131697,build-and-test,push,github-actions[bot],Bot,bot,110749969284,"thank you, next",2026-10-02T07:34:55Z,2026-10-02T07:35:33Z,1,actions_linux,0.006,0.006,ubuntu-latest
36976099123,148113,build-and-deploy,push,unstubbable,User,human,110740151245,deploy-target,2026-10-02T06:57:50Z,2026-10-02T06:58:08Z,1,actions_linux,0.006,0.006,ubuntu-latest
36976099123,148113,build-and-deploy,push,unstubbable,User,human,110740231654,build,2026-10-02T06:58:11Z,2026-10-02T07:01:26Z,4,actions_linux,0.006,0.024,ubuntu-latest
36976099123,148113,build-and-deploy,push,unstubbable,User,human,110740231689,build-wasm (nodejs),2026-10-02T06:58:10Z,2026-10-02T06:58:50Z,1,linux_16_core,0.042,0.042,ubuntu-latest-16-core-oss
36976099123,148113,build-and-deploy,push,unstubbable,User,human,110740231699,generate-native-matrix,2026-10-02T06:58:10Z,2026-10-02T06:58:14Z,1,actions_linux,0.006,0.006,ubuntu-latest
36976099123,148113,build-and-deploy,push,unstubbable,User,human,110740231714,build-wasm (web),2026-10-02T06:58:10Z,2026-10-02T06:58:43Z,1,linux_16_core,0.042,0.042,ubuntu-latest-16-core-oss
36976099123,148113,build-and-deploy,push,unstubbable,User,human,110740256456,stable - aarch64-pc-windows-msvc - node@20,2026-10-02T06:58:16Z,2026-10-02T07:09:34Z,12,windows_8_core,0.042,0.504,windows-latest-8-core-oss
36976099123,148113,build-and-deploy,push,unstubbable,User,human,110740256458,stable - aarch64-unknown-linux-gnu - node@20,2026-10-02T06:58:16Z,2026-10-02T07:04:13Z,6,linux_16_core,0.042,0.252,ubuntu-latest-16-core-oss
36976099123,148113,build-and-deploy,push,unstubbable,User,human,110740256509,stable - x86_64-unknown-linux-gnu - node@20,2026-10-02T06:58:17Z,2026-10-02T07:04:19Z,7,linux_16_core,0.042,0.29400000000000004,ubuntu-latest-16-core-oss
36976099123,148113,build-and-deploy,push,unstubbable,User,human,110740256528,stable - aarch64-apple-darwin - node@20,2026-10-02T06:58:20Z,2026-10-02T07:18:03Z,20,actions_macos,0.062,1.24,macos-15
36976099123,148113,build-and-deploy,push,unstubbable,User,human,110740256543,stable - x86_64-apple-darwin - node@20,2026-10-02T06:58:22Z,2026-10-02T07:15:58Z,18,actions_macos,0.062,1.116,macos-15
36976099123,148113,build-and-deploy,push,unstubbable,User,human,110740256551,stable - x86_64-unknown-linux-musl - node@20,2026-10-02T06:58:17Z,2026-10-02T07:04:12Z,6,linux_16_core,0.042,0.252,ubuntu-latest-16-core-oss
36976099123,148113,build-and-deploy,push,unstubbable,User,human,110740256579,stable - x86_64-pc-windows-msvc - node@20,2026-10-02T06:58:17Z,2026-10-02T07:10:29Z,13,windows_8_core,0.042,0.546,windows-latest-8-core-oss
36976099123,148113,build-and-deploy,push,unstubbable,User,human,110740256646,stable - aarch64-unknown-linux-musl - node@20,2026-10-02T06:58:17Z,2026-10-02T07:04:13Z,6,linux_16_core,0.042,0.252,ubuntu-latest-16-core-oss
36976099123,148113,build-and-deploy,push,unstubbable,User,human,110745439817,"thank you, build",2026-10-02T07:18:06Z,2026-10-02T07:18:09Z,1,actions_linux,0.006,0.006,ubuntu-latest
36976099123,148113,build-and-deploy,push,unstubbable,User,human,110745439936,Upload Turbopack Bytesize metrics to Datadog,2026-10-02T07:18:05Z,2026-10-02T07:18:14Z,1,actions_linux,0.006,0.006,ubuntu-latest
36976099123,148113,build-and-deploy,push,unstubbable,User,human,110745440090,Prepare preview tarball,2026-10-02T07:18:06Z,2026-10-02T07:21:34Z,4,actions_linux,0.006,0.024,ubuntu-latest
36976099123,148113,build-and-deploy,push,unstubbable,User,human,110745441273,Potentially publish release,2026-10-02T07:18:04Z,2026-10-02T07:18:03Z,1,actions_linux,0.006,0.006,ubuntu-latest
36976099123,148113,build-and-deploy,push,unstubbable,User,human,110745441856,report publish failure to slack,2026-10-02T07:18:04Z,2026-10-02T07:18:03Z,1,actions_linux,0.006,0.006,ubuntu-latest
36976013065,3953,Allow issue participants to reopen issues,issue_comment,sokra,User,human,110739887259,Handle issue reopening,2026-10-02T06:56:45Z,2026-10-02T06:56:45Z,1,actions_linux,0.006,0.006,ubuntu-latest
36976012842,88605,Triage issues,issue_comment,sokra,User,human,110739885091,Nissuer,2026-10-02T06:56:47Z,2026-10-02T06:56:58Z,1,actions_linux,0.006,0.006,ubuntu-latest
36975538758,78000,PR CI Comment,workflow_run,sokra,User,human,110738445313,Comment on PR,2026-10-02T06:50:59Z,2026-10-02T06:51:12Z,1,actions_linux,0.006,0.006,ubuntu-latest
36975536245,131696,build-and-test,pull_request,sokra,User,human,110738439982,Upload PR CI metadata,2026-10-02T06:50:58Z,2026-10-02T06:51:03Z,1,actions_linux,0.006,0.006,ubuntu-latest
36975536245,131696,build-and-test,pull_request,sokra,User,human,110738440241,optimize-ci / PR Stack CI Gate,2026-10-02T06:50:58Z,2026-10-02T06:51:05Z,1,actions_linux,0.006,0.006,ubuntu-latest
36975536245,131696,build-and-test,pull_request,sokra,User,human,110738477050,Determine changes,2026-10-02T06:51:07Z,2026-10-02T06:51:18Z,1,actions_linux,0.006,0.006,ubuntu-latest
36975536245,131696,build-and-test,pull_request,sokra,User,human,110738477074,validate-docs-links,2026-10-02T06:51:07Z,2026-10-02T06:51:28Z,1,actions_linux,0.006,0.006,ubuntu-latest
36975536245,131696,build-and-test,pull_request,sokra,User,human,110738477207,build-next / build,2026-10-02T06:51:08Z,2026-10-02T06:52:47Z,2,linux_16_core,0.026,0.052,ubuntu-latest-16-core-arm-oss
36975536245,131696,build-and-test,pull_request,sokra,User,human,110738534195,Wait for preview tarball,2026-10-02T06:51:20Z,2026-10-02T07:01:56Z,11,actions_linux,0.006,0.066,ubuntu-latest
36975536245,131696,build-and-test,pull_request,sokra,User,human,110738534226,fetch test timings,2026-10-02T06:51:20Z,2026-10-02T06:52:16Z,1,actions_linux,0.006,0.006,ubuntu-latest
36975536245,131696,build-and-test,pull_request,sokra,User,human,110738534363,build-native-windows / build,2026-10-02T06:51:23Z,2026-10-02T07:03:45Z,13,windows_8_core,0.042,0.546,windows-latest-8-core-oss
36975536245,131696,build-and-test,pull_request,sokra,User,human,110738534383,build-native / build,2026-10-02T06:51:22Z,2026-10-02T06:55:17Z,4,linux_16_core,0.026,0.104,ubuntu-latest-16-core-arm-oss
36975536245,131696,build-and-test,pull_request,sokra,User,human,110738534469,test devlow package / build,2026-10-02T06:51:22Z,2026-10-02T06:52:57Z,2,linux_16_core,0.026,0.052,ubuntu-latest-16-core-arm-oss
36975536245,131696,build-and-test,pull_request,sokra,User,human,110738897942,ast-grep lint,2026-10-02T06:52:49Z,2026-10-02T06:53:42Z,1,actions_linux,0.006,0.006,ubuntu-latest
36975536245,131696,build-and-test,pull_request,sokra,User,human,110738898118,test cargo unit (miri) / build,2026-10-02T06:52:49Z,2026-10-02T07:01:00Z,9,linux_16_core,0.026,0.23399999999999999,ubuntu-latest-16-core-arm-oss
36975536245,131696,build-and-test,pull_request,sokra,User,human,110738898146,lint / build,2026-10-02T06:52:50Z,2026-10-02T06:58:01Z,6,linux_16_core,0.026,0.156,ubuntu-latest-16-core-arm-oss
36975536245,131696,build-and-test,pull_request,sokra,User,human,110738898224,test cargo unit / build,2026-10-02T06:52:54Z,2026-10-02T07:02:51Z,10,linux_16_core,0.042,0.42000000000000004,ubuntu-latest-16-core-oss
36975536245,131696,build-and-test,pull_request,sokra,User,human,110738898229,test cargo benches / Test,2026-10-02T06:52:54Z,2026-10-02T06:59:06Z,7,linux_16_core,0.042,0.29400000000000004,ubuntu-latest-16-core-oss
36975536245,131696,build-and-test,pull_request,sokra,User,human,110738898291,rust check / build,2026-10-02T06:52:49Z,2026-10-02T06:57:20Z,5,linux_16_core,0.026,0.13,ubuntu-latest-16-core-arm-oss
36975536245,131696,build-and-test,pull_request,sokra,User,human,110738898369,test next-swc wasm / build,2026-10-02T06:52:49Z,2026-10-02T06:57:12Z,5,linux_16_core,0.026,0.13,ubuntu-latest-16-core-arm-oss
36975536245,131696,build-and-test,pull_request,sokra,User,human,110738898392,rustdoc check / build,2026-10-02T06:52:50Z,2026-10-02T06:54:59Z,3,linux_16_core,0.026,0.078,ubuntu-latest-16-core-arm-oss
36975536245,131696,build-and-test,pull_request,sokra,User,human,110738898461,test next-swc wasi / build,2026-10-02T06:52:49Z,2026-10-02T06:56:35Z,4,linux_16_core,0.026,0.104,ubuntu-latest-16-core-arm-oss
36975536245,131696,build-and-test,pull_request,sokra,User,human,110739519034,types and precompiled / build,2026-10-02T06:55:20Z,2026-10-02T06:57:40Z,3,linux_16_core,0.026,0.078,ubuntu-latest-16-core-arm-oss
36975536245,131696,build-and-test,pull_request,sokra,User,human,110739519299,test rspack production,2026-10-02T06:55:17Z,2026-10-02T06:55:17Z,1,actions_linux,0.006,0.006,
36975536245,131696,build-and-test,pull_request,sokra,User,human,110739519600,test firefox and safari / build,2026-10-02T06:55:20Z,2026-10-02T07:00:18Z,5,linux_16_core,0.026,0.13,ubuntu-latest-16-core-arm-oss
36975536245,131696,build-and-test,pull_request,sokra,User,human,110739519691,Run devlow benchmarks,2026-10-02T06:55:17Z,2026-10-02T06:55:17Z,1,actions_linux,0.006,0.006,
36975536245,131696,build-and-test,pull_request,sokra,User,human,110739520070,test rspack dev,2026-10-02T06:55:17Z,2026-10-02T06:55:17Z,1,actions_linux,0.006,0.006,
36975536245,131696,build-and-test,pull_request,sokra,User,human,110739520241,test turbopack production (1/7) / build,2026-10-02T06:55:20Z,2026-10-02T07:08:59Z,14,linux_16_core,0.026,0.364,ubuntu-latest-16-core-arm-oss
36975536245,131696,build-and-test,pull_request,sokra,User,human,110739520251,test turbopack production (2/7) / build,2026-10-02T06:55:20Z,2026-10-02T07:07:11Z,12,linux_16_core,0.026,0.312,ubuntu-latest-16-core-arm-oss
36975536245,131696,build-and-test,pull_request,sokra,User,human,110739520275,test turbopack production (7/7) / build,2026-10-02T06:55:20Z,2026-10-02T07:08:08Z,13,linux_16_core,0.026,0.33799999999999997,ubuntu-latest-16-core-arm-oss
36975536245,131696,build-and-test,pull_request,sokra,User,human,110739520327,test turbopack production (3/7) / build,2026-10-02T06:55:20Z,2026-10-02T07:08:02Z,13,linux_16_core,0.026,0.33799999999999997,ubuntu-latest-16-core-arm-oss
36975536245,131696,build-and-test,pull_request,sokra,User,human,110739520382,test turbopack production (4/7) / build,2026-10-02T06:55:20Z,2026-10-02T07:08:19Z,13,linux_16_core,0.026,0.33799999999999997,ubuntu-latest-16-core-arm-oss
36975536245,131696,build-and-test,pull_request,sokra,User,human,110739520415,test turbopack production (5/7) / build,2026-10-02T06:55:20Z,2026-10-02T07:11:15Z,16,linux_16_core,0.026,0.416,ubuntu-latest-16-core-arm-oss
36975536245,131696,build-and-test,pull_request,sokra,User,human,110739520429,test unit (22) / build,2026-10-02T06:55:20Z,2026-10-02T06:57:29Z,3,linux_16_core,0.026,0.078,ubuntu-latest-16-core-arm-oss
36975536245,131696,build-and-test,pull_request,sokra,User,human,110739520434,test turbopack dev (1/7) / build,2026-10-02T06:55:20Z,2026-10-02T07:14:22Z,20,linux_16_core,0.026,0.52,ubuntu-latest-16-core-arm-oss
36975536245,131696,build-and-test,pull_request,sokra,User,human,110739520478,test turbopack dev (3/7) / build,2026-10-02T06:55:20Z,2026-10-02T07:05:38Z,11,linux_16_core,0.026,0.286,ubuntu-latest-16-core-arm-oss
36975536245,131696,build-and-test,pull_request,sokra,User,human,110739520482,test unit (20) / build,2026-10-02T06:55:20Z,2026-10-02T06:57:33Z,3,linux_16_core,0.026,0.078,ubuntu-latest-16-core-arm-oss
36975536245,131696,build-and-test,pull_request,sokra,User,human,110739520499,test turbopack dev (4/7) / build,2026-10-02T06:55:20Z,2026-10-02T07:05:34Z,11,linux_16_core,0.026,0.286,ubuntu-latest-16-core-arm-oss
36975536245,131696,build-and-test,pull_request,sokra,User,human,110739520501,test turbopack production (6/7) / build,2026-10-02T06:55:20Z,2026-10-02T07:08:18Z,13,linux_16_core,0.026,0.33799999999999997,ubuntu-latest-16-core-arm-oss
36975536245,131696,build-and-test,pull_request,sokra,User,human,110739520520,test turbopack dev (5/7) / build,2026-10-02T06:55:20Z,2026-10-02T07:04:49Z,10,linux_16_core,0.026,0.26,ubuntu-latest-16-core-arm-oss
36975536245,131696,build-and-test,pull_request,sokra,User,human,110739520573,test turbopack dev (6/7) / build,2026-10-02T06:55:20Z,2026-10-02T07:07:41Z,13,linux_16_core,0.026,0.33799999999999997,ubuntu-latest-16-core-arm-oss
36975536245,131696,build-and-test,pull_request,sokra,User,human,110739520580,Test new and changed tests for flakes (dev) (1/5) / build,2026-10-02T06:55:20Z,2026-10-02T06:56:37Z,2,linux_16_core,0.026,0.052,ubuntu-latest-16-core-arm-oss
36975536245,131696,build-and-test,pull_request,sokra,User,human,110739520592,test turbopack dev (7/7) / build,2026-10-02T06:55:20Z,2026-10-02T07:05:33Z,11,linux_16_core,0.026,0.286,ubuntu-latest-16-core-arm-oss
36975536245,131696,build-and-test,pull_request,sokra,User,human,110739520605,Test new and changed tests for flakes (dev) (4/5) / build,2026-10-02T06:55:20Z,2026-10-02T06:56:02Z,1,linux_16_core,0.026,0.026,ubuntu-latest-16-core-arm-oss
36975536245,131696,build-and-test,pull_request,sokra,User,human,110739520632,Test new and changed tests for flakes (dev) (3/5) / build,2026-10-02T06:55:20Z,2026-10-02T06:56:05Z,1,linux_16_core,0.026,0.026,ubuntu-latest-16-core-arm-oss
36975536245,131696,build-and-test,pull_request,sokra,User,human,110739520645,Test new and changed tests for flakes (dev) (5/5) / build,2026-10-02T06:55:20Z,2026-10-02T06:56:04Z,1,linux_16_core,0.026,0.026,ubuntu-latest-16-core-arm-oss
36975536245,131696,build-and-test,pull_request,sokra,User,human,110739520676,test turbopack dev (2/7) / build,2026-10-02T06:55:20Z,2026-10-02T07:07:02Z,12,linux_16_core,0.026,0.312,ubuntu-latest-16-core-arm-oss
36975536245,131696,build-and-test,pull_request,sokra,User,human,110739520763,Test new and changed tests for flakes (dev) (2/5) / build,2026-10-02T06:55:20Z,2026-10-02T06:56:03Z,1,linux_16_core,0.026,0.026,ubuntu-latest-16-core-arm-oss
36975536245,131696,build-and-test,pull_request,sokra,User,human,110739520840,test next-config-ts-native-ts dev (22) / build,2026-10-02T06:55:20Z,2026-10-02T06:56:57Z,2,linux_16_core,0.026,0.052,ubuntu-latest-16-core-arm-oss
36975536245,131696,build-and-test,pull_request,sokra,User,human,110739520939,test prod (8/10) / build,2026-10-02T06:55:20Z,2026-10-02T07:08:45Z,14,linux_16_core,0.026,0.364,ubuntu-latest-16-core-arm-oss
36975536245,131696,build-and-test,pull_request,sokra,User,human,110739520967,test prod (9/10) / build,2026-10-02T06:55:20Z,2026-10-02T07:10:01Z,15,linux_16_core,0.026,0.38999999999999996,ubuntu-latest-16-core-arm-oss
36975536245,131696,build-and-test,pull_request,sokra,User,human,110739520978,test prod (10/10) / build,2026-10-02T06:55:20Z,2026-10-02T07:09:11Z,14,linux_16_core,0.026,0.364,ubuntu-latest-16-core-arm-oss
36975536245,131696,build-and-test,pull_request,sokra,User,human,110739520986,test prod (7/10) / build,2026-10-02T06:55:20Z,2026-10-02T07:11:10Z,16,linux_16_core,0.026,0.416,ubuntu-latest-16-core-arm-oss
36975536245,131696,build-and-test,pull_request,sokra,User,human,110739520998,test next-config-ts-native-ts dev (24.15.0) / build,2026-10-02T06:55:20Z,2026-10-02T06:56:52Z,2,linux_16_core,0.026,0.052,ubuntu-latest-16-core-arm-oss
36975536245,131696,build-and-test,pull_request,sokra,User,human,110739521001,test prod (1/10) / build,2026-10-02T06:55:20Z,2026-10-02T07:08:49Z,14,linux_16_core,0.026,0.364,ubuntu-latest-16-core-arm-oss
36975536245,131696,build-and-test,pull_request,sokra,User,human,110739521004,test prod (3/10) / build,2026-10-02T06:55:20Z,2026-10-02T07:10:39Z,16,linux_16_core,0.026,0.416,ubuntu-latest-16-core-arm-oss
36975536245,131696,build-and-test,pull_request,sokra,User,human,110739521007,test prod (6/10) / build,2026-10-02T06:55:20Z,2026-10-02T07:12:20Z,17,linux_16_core,0.026,0.442,ubuntu-latest-16-core-arm-oss
36975536245,131696,build-and-test,pull_request,sokra,User,human,110739521103,test dev (9/10) / build,2026-10-02T06:55:20Z,2026-10-02T07:05:48Z,11,linux_16_core,0.026,0.286,ubuntu-latest-16-core-arm-oss
36975536245,131696,build-and-test,pull_request,sokra,User,human,110739521136,test dev (8/10) / build,2026-10-02T06:55:20Z,2026-10-02T07:06:05Z,11,linux_16_core,0.026,0.286,ubuntu-latest-16-core-arm-oss
36975536245,131696,build-and-test,pull_request,sokra,User,human,110739521140,test prod (5/10) / build,2026-10-02T06:55:20Z,2026-10-02T07:08:16Z,13,linux_16_core,0.026,0.33799999999999997,ubuntu-latest-16-core-arm-oss
36975536245,131696,build-and-test,pull_request,sokra,User,human,110739521145,test prod (4/10) / build,2026-10-02T06:55:20Z,2026-10-02T07:06:22Z,12,linux_16_core,0.026,0.312,ubuntu-latest-16-core-arm-oss
36975536245,131696,build-and-test,pull_request,sokra,User,human,110739521146,test dev (2/10) / build,2026-10-02T06:55:20Z,2026-10-02T07:05:42Z,11,linux_16_core,0.026,0.286,ubuntu-latest-16-core-arm-oss
36975536245,131696,build-and-test,pull_request,sokra,User,human,110739521154,test dev (1/10) / build,2026-10-02T06:55:20Z,2026-10-02T07:06:26Z,12,linux_16_core,0.026,0.312,ubuntu-latest-16-core-arm-oss
36975536245,131696,build-and-test,pull_request,sokra,User,human,110739521193,test prod (2/10) / build,2026-10-02T06:55:20Z,2026-10-02T07:12:42Z,18,linux_16_core,0.026,0.46799999999999997,ubuntu-latest-16-core-arm-oss
36975536245,131696,build-and-test,pull_request,sokra,User,human,110739521221,test dev (6/10) / build,2026-10-02T06:55:20Z,2026-10-02T07:03:47Z,9,linux_16_core,0.026,0.23399999999999999,ubuntu-latest-16-core-arm-oss
36975536245,131696,build-and-test,pull_request,sokra,User,human,110739521244,test dev (3/10) / build,2026-10-02T06:55:20Z,2026-10-02T07:06:14Z,11,linux_16_core,0.026,0.286,ubuntu-latest-16-core-arm-oss
36975536245,131696,build-and-test,pull_request,sokra,User,human,110739521247,test dev (7/10) / build,2026-10-02T06:55:20Z,2026-10-02T07:05:52Z,11,linux_16_core,0.026,0.286,ubuntu-latest-16-core-arm-oss
36975536245,131696,build-and-test,pull_request,sokra,User,human,110739521274,test dev (5/10) / build,2026-10-02T06:55:20Z,2026-10-02T07:07:32Z,13,linux_16_core,0.026,0.33799999999999997,ubuntu-latest-16-core-arm-oss
36975536245,131696,build-and-test,pull_request,sokra,User,human,110739521345,test dev (4/10) / build,2026-10-02T06:55:21Z,2026-10-02T07:08:40Z,14,linux_16_core,0.026,0.364,ubuntu-latest-16-core-arm-oss
36975536245,131696,build-and-test,pull_request,sokra,User,human,110739521371,test dev (10/10) / build,2026-10-02T06:55:21Z,2026-10-02T07:08:04Z,13,linux_16_core,0.026,0.33799999999999997,ubuntu-latest-16-core-arm-oss
36975536245,131696,build-and-test,pull_request,sokra,User,human,110739521378,test cache components dev (3/6) / build,2026-10-02T06:55:20Z,2026-10-02T07:02:48Z,8,linux_16_core,0.026,0.208,ubuntu-latest-16-core-arm-oss
36975536245,131696,build-and-test,pull_request,sokra,User,human,110739521397,test cache components dev (1/6) / build,2026-10-02T06:55:20Z,2026-10-02T07:02:14Z,7,linux_16_core,0.026,0.182,ubuntu-latest-16-core-arm-oss
36975536245,131696,build-and-test,pull_request,sokra,User,human,110739521408,test cache components dev (4/6) / build,2026-10-02T06:55:21Z,2026-10-02T07:02:46Z,8,linux_16_core,0.026,0.208,ubuntu-latest-16-core-arm-oss
36975536245,131696,build-and-test,pull_request,sokra,User,human,110739521427,test cache components dev (2/6) / build,2026-10-02T06:55:20Z,2026-10-02T07:11:47Z,17,linux_16_core,0.026,0.442,ubuntu-latest-16-core-arm-oss
36975536245,131696,build-and-test,pull_request,sokra,User,human,110739521467,Test new and changed tests for flakes (prod) (5/5) / build,2026-10-02T06:55:21Z,2026-10-02T06:56:02Z,1,linux_16_core,0.026,0.026,ubuntu-latest-16-core-arm-oss
36975536245,131696,build-and-test,pull_request,sokra,User,human,110739521489,test cache components prod (2/7) / build,2026-10-02T06:55:20Z,2026-10-02T07:04:30Z,10,linux_16_core,0.026,0.26,ubuntu-latest-16-core-arm-oss
36975536245,131696,build-and-test,pull_request,sokra,User,human,110739521506,Test new and changed tests for flakes (prod) (3/5) / build,2026-10-02T06:55:21Z,2026-10-02T06:56:12Z,1,linux_16_core,0.026,0.026,ubuntu-latest-16-core-arm-oss
36975536245,131696,build-and-test,pull_request,sokra,User,human,110739521511,test next-config-ts-native-ts prod (22) / build,2026-10-02T06:55:21Z,2026-10-02T06:57:34Z,3,linux_16_core,0.026,0.078,ubuntu-latest-16-core-arm-oss
36975536245,131696,build-and-test,pull_request,sokra,User,human,110739521524,test cache components dev (6/6) / build,2026-10-02T06:55:20Z,2026-10-02T07:03:18Z,8,linux_16_core,0.026,0.208,ubuntu-latest-16-core-arm-oss
36975536245,131696,build-and-test,pull_request,sokra,User,human,110739521550,test cache components prod (7/7) / build,2026-10-02T06:55:21Z,2026-10-02T07:03:01Z,8,linux_16_core,0.026,0.208,ubuntu-latest-16-core-arm-oss
36975536245,131696,build-and-test,pull_request,sokra,User,human,110739521551,Test new and changed tests for flakes (prod) (1/5) / build,2026-10-02T06:55:20Z,2026-10-02T06:56:51Z,2,linux_16_core,0.026,0.052,ubuntu-latest-16-core-arm-oss
36975536245,131696,build-and-test,pull_request,sokra,User,human,110739521555,test cache components prod (3/7) / build,2026-10-02T06:55:21Z,2026-10-02T07:03:12Z,8,linux_16_core,0.026,0.208,ubuntu-latest-16-core-arm-oss
36975536245,131696,build-and-test,pull_request,sokra,User,human,110739521556,test cache components dev (5/6) / build,2026-10-02T06:55:21Z,2026-10-02T07:02:46Z,8,linux_16_core,0.026,0.208,ubuntu-latest-16-core-arm-oss
36975536245,131696,build-and-test,pull_request,sokra,User,human,110739521558,Test new and changed tests for flakes (prod) (2/5) / build,2026-10-02T06:55:21Z,2026-10-02T06:56:06Z,1,linux_16_core,0.026,0.026,ubuntu-latest-16-core-arm-oss
36975536245,131696,build-and-test,pull_request,sokra,User,human,110739521563,Test new and changed tests for flakes (prod) (4/5) / build,2026-10-02T06:55:21Z,2026-10-02T06:56:04Z,1,linux_16_core,0.026,0.026,ubuntu-latest-16-core-arm-oss
36975536245,131696,build-and-test,pull_request,sokra,User,human,110739521574,test cache components prod (1/7) / build,2026-10-02T06:55:21Z,2026-10-02T07:03:24Z,9,linux_16_core,0.026,0.23399999999999999,ubuntu-latest-16-core-arm-oss
36975536245,131696,build-and-test,pull_request,sokra,User,human,110739521590,test cache components prod (6/7) / build,2026-10-02T06:55:21Z,2026-10-02T07:03:40Z,9,linux_16_core,0.026,0.23399999999999999,ubuntu-latest-16-core-arm-oss
36975536245,131696,build-and-test,pull_request,sokra,User,human,110739521612,test next-config-ts-native-ts prod (24.15.0) / build,2026-10-02T06:55:21Z,2026-10-02T06:57:18Z,2,linux_16_core,0.026,0.052,ubuntu-latest-16-core-arm-oss
36975536245,131696,build-and-test,pull_request,sokra,User,human,110739521623,test cache components prod (4/7) / build,2026-10-02T06:55:21Z,2026-10-02T07:10:33Z,16,linux_16_core,0.026,0.416,ubuntu-latest-16-core-arm-oss
36975536245,131696,build-and-test,pull_request,sokra,User,human,110739521736,test cache components prod (5/7) / build,2026-10-02T06:55:21Z,2026-10-02T07:01:12Z,6,linux_16_core,0.026,0.156,ubuntu-latest-16-core-arm-oss
36975536245,131696,build-and-test,pull_request,sokra,User,human,110741216586,Test new and changed tests when deployed (cache components) (3/5) / build,2026-10-02T07:01:59Z,2026-10-02T07:02:42Z,1,linux_16_core,0.026,0.026,ubuntu-latest-16-core-arm-oss
36975536245,131696,build-and-test,pull_request,sokra,User,human,110741216607,Test new and changed tests when deployed (4/5) / build,2026-10-02T07:01:59Z,2026-10-02T07:02:43Z,1,linux_16_core,0.026,0.026,ubuntu-latest-16-core-arm-oss
36975536245,131696,build-and-test,pull_request,sokra,User,human,110741216643,Test new and changed tests when deployed (cache components) (5/5) / build,2026-10-02T07:01:59Z,2026-10-02T07:02:42Z,1,linux_16_core,0.026,0.026,ubuntu-latest-16-core-arm-oss
36975536245,131696,build-and-test,pull_request,sokra,User,human,110741216646,Test new and changed tests when deployed (cache components) (1/5) / build,2026-10-02T07:01:59Z,2026-10-02T07:03:55Z,2,linux_16_core,0.026,0.052,ubuntu-latest-16-core-arm-oss
36975536245,131696,build-and-test,pull_request,sokra,User,human,110741216675,Test new and changed tests when deployed (cache components) (4/5) / build,2026-10-02T07:01:59Z,2026-10-02T07:02:42Z,1,linux_16_core,0.026,0.026,ubuntu-latest-16-core-arm-oss
36975536245,131696,build-and-test,pull_request,sokra,User,human,110741216681,Test new and changed tests when deployed (1/5) / build,2026-10-02T07:01:59Z,2026-10-02T07:03:56Z,2,linux_16_core,0.026,0.052,ubuntu-latest-16-core-arm-oss
36975536245,131696,build-and-test,pull_request,sokra,User,human,110741216728,Test new and changed tests when deployed (cache components) (2/5) / build,2026-10-02T07:01:59Z,2026-10-02T07:02:48Z,1,linux_16_core,0.026,0.026,ubuntu-latest-16-core-arm-oss
36975536245,131696,build-and-test,pull_request,sokra,User,human,110741216742,Test new and changed tests when deployed (3/5) / build,2026-10-02T07:01:59Z,2026-10-02T07:02:46Z,1,linux_16_core,0.026,0.026,ubuntu-latest-16-core-arm-oss
36975536245,131696,build-and-test,pull_request,sokra,User,human,110741216752,Test new and changed tests when deployed (5/5) / build,2026-10-02T07:01:59Z,2026-10-02T07:02:43Z,1,linux_16_core,0.026,0.026,ubuntu-latest-16-core-arm-oss
36975536245,131696,build-and-test,pull_request,sokra,User,human,110741216765,Test new and changed tests when deployed (2/5) / build,2026-10-02T07:01:59Z,2026-10-02T07:02:43Z,1,linux_16_core,0.026,0.026,ubuntu-latest-16-core-arm-oss
36975536245,131696,build-and-test,pull_request,sokra,User,human,110741684000,test integration windows / build,2026-10-02T07:03:48Z,2026-10-02T07:12:31Z,9,windows_8_core,0.042,0.378,windows-latest-8-core-oss
36975536245,131696,build-and-test,pull_request,sokra,User,human,110741684023,test prod windows / build,2026-10-02T07:03:48Z,2026-10-02T07:12:12Z,9,windows_8_core,0.042,0.378,windows-latest-8-core-oss
36975536245,131696,build-and-test,pull_request,sokra,User,human,110741684025,test dev windows / build,2026-10-02T07:05:16Z,2026-10-02T07:11:46Z,7,windows_8_core,0.042,0.29400000000000004,windows-latest-8-core-oss
36975536245,131696,build-and-test,pull_request,sokra,User,human,110741684126,test unit windows (20) / build,2026-10-02T07:04:57Z,2026-10-02T07:11:08Z,7,windows_8_core,0.042,0.29400000000000004,windows-latest-8-core-oss
36975536245,131696,build-and-test,pull_request,sokra,User,human,110741684160,test unit windows (22) / build,2026-10-02T07:03:48Z,2026-10-02T07:15:23Z,12,windows_8_core,0.042,0.504,windows-latest-8-core-oss
36975536245,131696,build-and-test,pull_request,sokra,User,human,110744738300,"thank you, next",2026-10-02T07:15:25Z,2026-10-02T07:15:27Z,1,actions_linux,0.006,0.006,ubuntu-latest
36975536124,148112,build-and-deploy,pull_request,sokra,User,human,110738438074,deploy-target,2026-10-02T06:50:57Z,2026-10-02T06:51:13Z,1,actions_linux,0.006,0.006,ubuntu-latest
36975536124,148112,build-and-deploy,pull_request,sokra,User,human,110738512100,generate-native-matrix,2026-10-02T06:51:16Z,2026-10-02T06:51:20Z,1,actions_linux,0.006,0.006,ubuntu-latest
36975536124,148112,build-and-deploy,pull_request,sokra,User,human,110738512138,build-wasm (nodejs),2026-10-02T06:51:16Z,2026-10-02T06:53:39Z,3,linux_16_core,0.042,0.126,ubuntu-latest-16-core-oss
36975536124,148112,build-and-deploy,pull_request,sokra,User,human,110738512156,build-wasm (web),2026-10-02T06:51:16Z,2026-10-02T06:53:49Z,3,linux_16_core,0.042,0.126,ubuntu-latest-16-core-oss
36975536124,148112,build-and-deploy,pull_request,sokra,User,human,110738512203,build,2026-10-02T06:51:16Z,2026-10-02T06:54:31Z,4,actions_linux,0.006,0.024,ubuntu-latest
36975536124,148112,build-and-deploy,pull_request,sokra,User,human,110738542134,stable - x86_64-unknown-linux-gnu - node@20,2026-10-02T06:51:23Z,2026-10-02T06:57:59Z,7,linux_16_core,0.042,0.29400000000000004,ubuntu-latest-16-core-oss
36975536124,148112,build-and-deploy,pull_request,sokra,User,human,110738564604,Docs Link Validation,2026-10-02T06:51:26Z,2026-10-02T06:51:26Z,1,actions_linux,0.006,0.006,
36975536124,148112,build-and-deploy,pull_request,sokra,User,human,110740195032,"thank you, build",2026-10-02T06:58:01Z,2026-10-02T06:58:03Z,1,actions_linux,0.006,0.006,ubuntu-latest
36975536124,148112,build-and-deploy,pull_request,sokra,User,human,110740195103,Prepare preview tarball,2026-10-02T06:58:02Z,2026-10-02T07:01:33Z,4,actions_linux,0.006,0.024,ubuntu-latest
36975536124,148112,build-and-deploy,pull_request,sokra,User,human,110740196355,Upload Turbopack Bytesize metrics to Datadog,2026-10-02T06:58:00Z,2026-10-02T06:57:59Z,1,actions_linux,0.006,0.006,ubuntu-latest
36975536124,148112,build-and-deploy,pull_request,sokra,User,human,110740196506,Potentially publish release,2026-10-02T06:58:00Z,2026-10-02T06:57:59Z,1,actions_linux,0.006,0.006,ubuntu-latest
36975536124,148112,build-and-deploy,pull_request,sokra,User,human,110740197162,report publish failure to slack,2026-10-02T06:58:00Z,2026-10-02T06:57:59Z,1,actions_linux,0.006,0.006,ubuntu-latest
36974224321,10060,Poll React Sync,schedule,eps1lon,User,human,110734454831,poll,2026-10-02T06:34:48Z,2026-10-02T06:34:53Z,1,actions_linux,0.006,0.006,ubuntu-latest
36974037239,88604,Triage issues,issue_comment,VovaChampion,User,human,110733890068,Nissuer,2026-10-02T06:32:30Z,2026-10-02T06:32:41Z,1,actions_linux,0.006,0.006,ubuntu-latest
36974037132,3952,Allow issue participants to reopen issues,issue_comment,VovaChampion,User,human,110733926736,Handle issue reopening,2026-10-02T06:32:37Z,2026-10-02T06:32:28Z,1,actions_linux,0.006,0.006,ubuntu-latest
36973875633,687,Next Maintainer Auto Close,schedule,marcoshernanz,User,human,110733403635,close-one-verified-issue,2026-10-02T06:30:30Z,2026-10-02T06:30:36Z,1,actions_linux,0.006,0.006,ubuntu-latest
36973296997,88603,Triage issues,issue_comment,sokra,User,human,110731656889,Nissuer,2026-10-02T06:23:18Z,2026-10-02T06:23:32Z,1,actions_linux,0.006,0.006,ubuntu-latest
36973296992,3951,Allow issue participants to reopen issues,issue_comment,sokra,User,human,110731659095,Handle issue reopening,2026-10-02T06:23:16Z,2026-10-02T06:23:16Z,1,actions_linux,0.006,0.006,ubuntu-latest
36973267067,88602,Triage issues,issue_comment,sokra,User,human,110731569931,Nissuer,2026-10-02T06:22:56Z,2026-10-02T06:23:09Z,1,actions_linux,0.006,0.006,ubuntu-latest
36973266985,3950,Allow issue participants to reopen issues,issue_comment,sokra,User,human,110731570819,Handle issue reopening,2026-10-02T06:22:55Z,2026-10-02T06:22:54Z,1,actions_linux,0.006,0.006,ubuntu-latest
36973054672,77999,PR CI Comment,workflow_run,lukesandberg,User,human,110730920712,Comment on PR,2026-10-02T06:20:14Z,2026-10-02T06:20:27Z,1,actions_linux,0.006,0.006,ubuntu-latest
36972737170,77998,PR CI Comment,workflow_run,devjiwonchoi,User,human,110729962351,Comment on PR,2026-10-02T06:16:09Z,2026-10-02T06:16:22Z,1,actions_linux,0.006,0.006,ubuntu-latest
36972427898,77997,PR CI Comment,workflow_run,lukesandberg,User,human,110729024481,Comment on PR,2026-10-02T06:12:16Z,2026-10-02T06:12:33Z,1,actions_linux,0.006,0.006,ubuntu-latest
36971653325,77996,PR CI Comment,workflow_run,lukesandberg,User,human,110726686893,Comment on PR,2026-10-02T06:02:29Z,2026-10-02T06:02:45Z,1,actions_linux,0.006,0.006,ubuntu-latest
36971634681,77995,PR CI Comment,workflow_run,devjiwonchoi,User,human,110726630278,Comment on PR,2026-10-02T06:02:15Z,2026-10-02T06:02:32Z,1,actions_linux,0.006,0.006,ubuntu-latest
36971552908,36086,upload-preview-tarballs,workflow_run,devjiwonchoi,User,human,110726385553,Upload preview tarballs to Blob,2026-10-02T06:01:12Z,2026-10-02T06:01:37Z,1,actions_linux,0.006,0.006,ubuntu-latest
36971552896,37844,Sync Canary After Backport Release,workflow_run,devjiwonchoi,User,human,110726387030,evaluate,2026-10-02T06:01:10Z,2026-10-02T06:01:10Z,1,actions_linux,0.006,0.006,ubuntu-latest
36971552896,37844,Sync Canary After Backport Release,workflow_run,devjiwonchoi,User,human,110726387775,dispatch,2026-10-02T06:01:10Z,2026-10-02T06:01:10Z,1,actions_linux,0.006,0.006,ubuntu-latest
36971378672,10059,Poll React Sync,schedule,eps1lon,User,human,110725882417,poll,2026-10-02T05:59:01Z,2026-10-02T05:59:06Z,1,actions_linux,0.006,0.006,ubuntu-latest
36971157263,77994,PR CI Comment,workflow_run,lukesandberg,User,human,110725217026,Comment on PR,2026-10-02T05:55:59Z,2026-10-02T05:56:12Z,1,actions_linux,0.006,0.006,ubuntu-latest
36971055723,77993,PR CI Comment,workflow_run,devjiwonchoi,User,human,110724915765,Comment on PR,2026-10-02T05:54:39Z,2026-10-02T05:54:52Z,1,actions_linux,0.006,0.006,ubuntu-latest
36971052546,131695,build-and-test,pull_request,devjiwonchoi,User,human,110724909100,Upload PR CI metadata,2026-10-02T05:54:37Z,2026-10-02T05:54:41Z,1,actions_linux,0.006,0.006,ubuntu-latest
36971052546,131695,build-and-test,pull_request,devjiwonchoi,User,human,110724909244,optimize-ci / PR Stack CI Gate,2026-10-02T05:54:38Z,2026-10-02T05:54:44Z,1,actions_linux,0.006,0.006,ubuntu-latest
36971052546,131695,build-and-test,pull_request,devjiwonchoi,User,human,110724940897,Determine changes,2026-10-02T05:54:46Z,2026-10-02T05:54:58Z,1,actions_linux,0.006,0.006,ubuntu-latest
36971052546,131695,build-and-test,pull_request,devjiwonchoi,User,human,110724940929,validate-docs-links,2026-10-02T05:54:47Z,2026-10-02T05:55:09Z,1,actions_linux,0.006,0.006,ubuntu-latest
36971052546,131695,build-and-test,pull_request,devjiwonchoi,User,human,110724941059,build-next / build,2026-10-02T05:54:47Z,2026-10-02T05:55:29Z,1,linux_16_core,0.026,0.026,ubuntu-latest-16-core-arm-oss
36971052546,131695,build-and-test,pull_request,devjiwonchoi,User,human,110724991901,Wait for preview tarball,2026-10-02T05:55:00Z,2026-10-02T06:01:43Z,7,actions_linux,0.006,0.042,ubuntu-latest
36971052546,131695,build-and-test,pull_request,devjiwonchoi,User,human,110724992047,fetch test timings,2026-10-02T05:55:01Z,2026-10-02T05:55:47Z,1,actions_linux,0.006,0.006,ubuntu-latest
36971052546,131695,build-and-test,pull_request,devjiwonchoi,User,human,110724992053,build-native / build,2026-10-02T05:55:01Z,2026-10-02T05:55:44Z,1,linux_16_core,0.026,0.026,ubuntu-latest-16-core-arm-oss
36971052546,131695,build-and-test,pull_request,devjiwonchoi,User,human,110724992054,build-native-windows / build,2026-10-02T05:55:00Z,2026-10-02T05:55:56Z,1,windows_8_core,0.042,0.042,windows-latest-8-core-oss
36971052546,131695,build-and-test,pull_request,devjiwonchoi,User,human,110724992063,test devlow package / build,2026-10-02T05:55:00Z,2026-10-02T05:55:41Z,1,linux_16_core,0.026,0.026,ubuntu-latest-16-core-arm-oss
36971052546,131695,build-and-test,pull_request,devjiwonchoi,User,human,110725110137,ast-grep lint,2026-10-02T05:55:31Z,2026-10-02T05:55:50Z,1,actions_linux,0.006,0.006,ubuntu-latest
36971052546,131695,build-and-test,pull_request,devjiwonchoi,User,human,110725110243,rust check / build,2026-10-02T05:55:32Z,2026-10-02T05:56:09Z,1,linux_16_core,0.026,0.026,ubuntu-latest-16-core-arm-oss
36971052546,131695,build-and-test,pull_request,devjiwonchoi,User,human,110725110267,test cargo unit / build,2026-10-02T05:55:32Z,2026-10-02T06:07:32Z,12,linux_16_core,0.042,0.504,ubuntu-latest-16-core-oss
36971052546,131695,build-and-test,pull_request,devjiwonchoi,User,human,110725110277,test cargo benches / Test,2026-10-02T05:55:31Z,2026-10-02T06:01:32Z,7,linux_16_core,0.042,0.29400000000000004,ubuntu-latest-16-core-oss
36971052546,131695,build-and-test,pull_request,devjiwonchoi,User,human,110725110319,rustdoc check / build,2026-10-02T05:55:31Z,2026-10-02T05:57:52Z,3,linux_16_core,0.026,0.078,ubuntu-latest-16-core-arm-oss
36971052546,131695,build-and-test,pull_request,devjiwonchoi,User,human,110725110325,test next-swc wasi / build,2026-10-02T05:55:31Z,2026-10-02T06:00:24Z,5,linux_16_core,0.026,0.13,ubuntu-latest-16-core-arm-oss
36971052546,131695,build-and-test,pull_request,devjiwonchoi,User,human,110725110342,lint / build,2026-10-02T05:55:32Z,2026-10-02T06:00:43Z,6,linux_16_core,0.026,0.156,ubuntu-latest-16-core-arm-oss
36971052546,131695,build-and-test,pull_request,devjiwonchoi,User,human,110725110364,test cargo unit (miri) / build,2026-10-02T05:55:31Z,2026-10-02T06:07:21Z,12,linux_16_core,0.026,0.312,ubuntu-latest-16-core-arm-oss
36971052546,131695,build-and-test,pull_request,devjiwonchoi,User,human,110725110387,test next-swc wasm / build,2026-10-02T05:55:31Z,2026-10-02T05:58:07Z,3,linux_16_core,0.026,0.078,ubuntu-latest-16-core-arm-oss
36971052546,131695,build-and-test,pull_request,devjiwonchoi,User,human,110725170302,types and precompiled / build,2026-10-02T05:55:47Z,2026-10-02T05:57:23Z,2,linux_16_core,0.026,0.052,ubuntu-latest-16-core-arm-oss
36971052546,131695,build-and-test,pull_request,devjiwonchoi,User,human,110725170321,test firefox and safari / build,2026-10-02T05:55:46Z,2026-10-02T06:00:57Z,6,linux_16_core,0.026,0.156,ubuntu-latest-16-core-arm-oss
36971052546,131695,build-and-test,pull_request,devjiwonchoi,User,human,110725170402,test unit (20) / build,2026-10-02T05:55:46Z,2026-10-02T05:57:53Z,3,linux_16_core,0.026,0.078,ubuntu-latest-16-core-arm-oss
36971052546,131695,build-and-test,pull_request,devjiwonchoi,User,human,110725170503,test next-config-ts-native-ts prod (22) / build,2026-10-02T05:55:47Z,2026-10-02T05:57:49Z,3,linux_16_core,0.026,0.078,ubuntu-latest-16-core-arm-oss
36971052546,131695,build-and-test,pull_request,devjiwonchoi,User,human,110725170508,test unit (22) / build,2026-10-02T05:55:47Z,2026-10-02T05:57:49Z,3,linux_16_core,0.026,0.078,ubuntu-latest-16-core-arm-oss
36971052546,131695,build-and-test,pull_request,devjiwonchoi,User,human,110725170513,test next-config-ts-native-ts prod (24.15.0) / build,2026-10-02T05:55:47Z,2026-10-02T05:57:41Z,2,linux_16_core,0.026,0.052,ubuntu-latest-16-core-arm-oss
36971052546,131695,build-and-test,pull_request,devjiwonchoi,User,human,110725170520,Test new and changed tests for flakes (dev) (2/5) / build,2026-10-02T05:55:47Z,2026-10-02T05:56:25Z,1,linux_16_core,0.026,0.026,ubuntu-latest-16-core-arm-oss
36971052546,131695,build-and-test,pull_request,devjiwonchoi,User,human,110725170533,test next-config-ts-native-ts dev (24.15.0) / build,2026-10-02T05:55:47Z,2026-10-02T05:57:41Z,2,linux_16_core,0.026,0.052,ubuntu-latest-16-core-arm-oss
36971052546,131695,build-and-test,pull_request,devjiwonchoi,User,human,110725170540,Test new and changed tests for flakes (dev) (1/5) / build,2026-10-02T05:55:48Z,2026-10-02T05:56:36Z,1,linux_16_core,0.026,0.026,ubuntu-latest-16-core-arm-oss
36971052546,131695,build-and-test,pull_request,devjiwonchoi,User,human,110725170542,test next-config-ts-native-ts dev (22) / build,2026-10-02T05:55:47Z,2026-10-02T05:57:19Z,2,linux_16_core,0.026,0.052,ubuntu-latest-16-core-arm-oss
36971052546,131695,build-and-test,pull_request,devjiwonchoi,User,human,110725170600,Test new and changed tests for flakes (prod) (2/5) / build,2026-10-02T05:55:47Z,2026-10-02T05:56:37Z,1,linux_16_core,0.026,0.026,ubuntu-latest-16-core-arm-oss
36971052546,131695,build-and-test,pull_request,devjiwonchoi,User,human,110725170602,Test new and changed tests for flakes (prod) (1/5) / build,2026-10-02T05:55:47Z,2026-10-02T05:58:20Z,3,linux_16_core,0.026,0.078,ubuntu-latest-16-core-arm-oss
36971052546,131695,build-and-test,pull_request,devjiwonchoi,User,human,110725170605,Test new and changed tests for flakes (dev) (3/5) / build,2026-10-02T05:55:47Z,2026-10-02T05:56:36Z,1,linux_16_core,0.026,0.026,ubuntu-latest-16-core-arm-oss
36971052546,131695,build-and-test,pull_request,devjiwonchoi,User,human,110725170630,Test new and changed tests for flakes (dev) (4/5) / build,2026-10-02T05:55:47Z,2026-10-02T05:56:29Z,1,linux_16_core,0.026,0.026,ubuntu-latest-16-core-arm-oss
36971052546,131695,build-and-test,pull_request,devjiwonchoi,User,human,110725170635,Test new and changed tests for flakes (prod) (3/5) / build,2026-10-02T05:55:47Z,2026-10-02T05:56:26Z,1,linux_16_core,0.026,0.026,ubuntu-latest-16-core-arm-oss
36971052546,131695,build-and-test,pull_request,devjiwonchoi,User,human,110725170652,Test new and changed tests for flakes (prod) (5/5) / build,2026-10-02T05:55:47Z,2026-10-02T05:56:28Z,1,linux_16_core,0.026,0.026,ubuntu-latest-16-core-arm-oss
36971052546,131695,build-and-test,pull_request,devjiwonchoi,User,human,110725170659,Test new and changed tests for flakes (dev) (5/5) / build,2026-10-02T05:55:47Z,2026-10-02T05:56:24Z,1,linux_16_core,0.026,0.026,ubuntu-latest-16-core-arm-oss
36971052546,131695,build-and-test,pull_request,devjiwonchoi,User,human,110725170737,Test new and changed tests for flakes (prod) (4/5) / build,2026-10-02T05:55:47Z,2026-10-02T05:56:28Z,1,linux_16_core,0.026,0.026,ubuntu-latest-16-core-arm-oss
36971052546,131695,build-and-test,pull_request,devjiwonchoi,User,human,110725171278,Run devlow benchmarks,2026-10-02T05:55:45Z,2026-10-02T05:55:44Z,1,actions_linux,0.006,0.006,
36971052546,131695,build-and-test,pull_request,devjiwonchoi,User,human,110725181523,test rspack production,2026-10-02T05:55:47Z,2026-10-02T05:55:47Z,1,actions_linux,0.006,0.006,
36971052546,131695,build-and-test,pull_request,devjiwonchoi,User,human,110725181623,test rspack dev,2026-10-02T05:55:47Z,2026-10-02T05:55:47Z,1,actions_linux,0.006,0.006,
36971052546,131695,build-and-test,pull_request,devjiwonchoi,User,human,110725182151,test turbopack production (3/7) / build,2026-10-02T05:55:50Z,2026-10-02T06:09:11Z,14,linux_16_core,0.026,0.364,ubuntu-latest-16-core-arm-oss
36971052546,131695,build-and-test,pull_request,devjiwonchoi,User,human,110725182261,test turbopack production (7/7) / build,2026-10-02T05:55:50Z,2026-10-02T06:12:45Z,17,linux_16_core,0.026,0.442,ubuntu-latest-16-core-arm-oss
36971052546,131695,build-and-test,pull_request,devjiwonchoi,User,human,110725182279,test turbopack production (4/7) / build,2026-10-02T05:55:50Z,2026-10-02T06:07:06Z,12,linux_16_core,0.026,0.312,ubuntu-latest-16-core-arm-oss
36971052546,131695,build-and-test,pull_request,devjiwonchoi,User,human,110725182307,test turbopack production (5/7) / build,2026-10-02T05:55:50Z,2026-10-02T06:07:13Z,12,linux_16_core,0.026,0.312,ubuntu-latest-16-core-arm-oss
36971052546,131695,build-and-test,pull_request,devjiwonchoi,User,human,110725182319,test turbopack production (6/7) / build,2026-10-02T05:55:50Z,2026-10-02T06:10:22Z,15,linux_16_core,0.026,0.38999999999999996,ubuntu-latest-16-core-arm-oss
36971052546,131695,build-and-test,pull_request,devjiwonchoi,User,human,110725182479,test turbopack production (2/7) / build,2026-10-02T05:55:50Z,2026-10-02T06:08:12Z,13,linux_16_core,0.026,0.33799999999999997,ubuntu-latest-16-core-arm-oss
36971052546,131695,build-and-test,pull_request,devjiwonchoi,User,human,110725182537,test turbopack dev (1/7) / build,2026-10-02T05:55:50Z,2026-10-02T06:05:15Z,10,linux_16_core,0.026,0.26,ubuntu-latest-16-core-arm-oss
36971052546,131695,build-and-test,pull_request,devjiwonchoi,User,human,110725182555,test turbopack production (1/7) / build,2026-10-02T05:55:50Z,2026-10-02T06:07:23Z,12,linux_16_core,0.026,0.312,ubuntu-latest-16-core-arm-oss
36971052546,131695,build-and-test,pull_request,devjiwonchoi,User,human,110725182560,test turbopack dev (2/7) / build,2026-10-02T05:55:50Z,2026-10-02T06:06:21Z,11,linux_16_core,0.026,0.286,ubuntu-latest-16-core-arm-oss
36971052546,131695,build-and-test,pull_request,devjiwonchoi,User,human,110725182571,test turbopack dev (3/7) / build,2026-10-02T05:55:50Z,2026-10-02T06:05:15Z,10,linux_16_core,0.026,0.26,ubuntu-latest-16-core-arm-oss
36971052546,131695,build-and-test,pull_request,devjiwonchoi,User,human,110725182648,test turbopack dev (7/7) / build,2026-10-02T05:55:50Z,2026-10-02T06:14:01Z,19,linux_16_core,0.026,0.494,ubuntu-latest-16-core-arm-oss
36971052546,131695,build-and-test,pull_request,devjiwonchoi,User,human,110725182665,test turbopack dev (5/7) / build,2026-10-02T05:55:50Z,2026-10-02T06:06:45Z,11,linux_16_core,0.026,0.286,ubuntu-latest-16-core-arm-oss
36971052546,131695,build-and-test,pull_request,devjiwonchoi,User,human,110725182837,test cache components dev (6/6) / build,2026-10-02T05:56:51Z,2026-10-02T06:12:53Z,17,linux_16_core,0.026,0.442,ubuntu-latest-16-core-arm-oss
36971052546,131695,build-and-test,pull_request,devjiwonchoi,User,human,110725182868,test cache components dev (1/6) / build,2026-10-02T05:55:50Z,2026-10-02T06:02:53Z,8,linux_16_core,0.026,0.208,ubuntu-latest-16-core-arm-oss
36971052546,131695,build-and-test,pull_request,devjiwonchoi,User,human,110725182880,test cache components dev (3/6) / build,2026-10-02T05:56:15Z,2026-10-02T06:03:28Z,8,linux_16_core,0.026,0.208,ubuntu-latest-16-core-arm-oss
36971052546,131695,build-and-test,pull_request,devjiwonchoi,User,human,110725182883,test turbopack dev (6/7) / build,2026-10-02T05:56:14Z,2026-10-02T06:06:47Z,11,linux_16_core,0.026,0.286,ubuntu-latest-16-core-arm-oss
36971052546,131695,build-and-test,pull_request,devjiwonchoi,User,human,110725182891,test cache components dev (2/6) / build,2026-10-02T05:57:00Z,2026-10-02T06:04:11Z,8,linux_16_core,0.026,0.208,ubuntu-latest-16-core-arm-oss
36971052546,131695,build-and-test,pull_request,devjiwonchoi,User,human,110725182935,test cache components dev (4/6) / build,2026-10-02T05:57:16Z,2026-10-02T06:04:56Z,8,linux_16_core,0.026,0.208,ubuntu-latest-16-core-arm-oss
36971052546,131695,build-and-test,pull_request,devjiwonchoi,User,human,110725182942,test cache components prod (1/7) / build,2026-10-02T05:55:50Z,2026-10-02T06:03:24Z,8,linux_16_core,0.026,0.208,ubuntu-latest-16-core-arm-oss
36971052546,131695,build-and-test,pull_request,devjiwonchoi,User,human,110725182948,test cache components dev (5/6) / build,2026-10-02T05:55:50Z,2026-10-02T06:02:51Z,8,linux_16_core,0.026,0.208,ubuntu-latest-16-core-arm-oss
36971052546,131695,build-and-test,pull_request,devjiwonchoi,User,human,110725182960,test cache components prod (6/7) / build,2026-10-02T05:56:20Z,2026-10-02T06:03:08Z,7,linux_16_core,0.026,0.182,ubuntu-latest-16-core-arm-oss
36971052546,131695,build-and-test,pull_request,devjiwonchoi,User,human,110725182964,test cache components prod (3/7) / build,2026-10-02T05:56:42Z,2026-10-02T06:04:01Z,8,linux_16_core,0.026,0.208,ubuntu-latest-16-core-arm-oss
36971052546,131695,build-and-test,pull_request,devjiwonchoi,User,human,110725182989,test cache components prod (5/7) / build,2026-10-02T05:55:50Z,2026-10-02T06:02:45Z,7,linux_16_core,0.026,0.182,ubuntu-latest-16-core-arm-oss
36971052546,131695,build-and-test,pull_request,devjiwonchoi,User,human,110725183005,test cache components prod (2/7) / build,2026-10-02T05:57:19Z,2026-10-02T06:04:26Z,8,linux_16_core,0.026,0.208,ubuntu-latest-16-core-arm-oss
36971052546,131695,build-and-test,pull_request,devjiwonchoi,User,human,110725183018,test cache components prod (4/7) / build,2026-10-02T05:56:58Z,2026-10-02T06:11:35Z,15,linux_16_core,0.026,0.38999999999999996,ubuntu-latest-16-core-arm-oss
36971052546,131695,build-and-test,pull_request,devjiwonchoi,User,human,110725183036,test cache components prod (7/7) / build,2026-10-02T05:56:36Z,2026-10-02T06:04:02Z,8,linux_16_core,0.026,0.208,ubuntu-latest-16-core-arm-oss
36971052546,131695,build-and-test,pull_request,devjiwonchoi,User,human,110725183093,test prod (5/10) / build,2026-10-02T05:55:50Z,2026-10-02T06:15:58Z,21,linux_16_core,0.026,0.5459999999999999,ubuntu-latest-16-core-arm-oss
36971052546,131695,build-and-test,pull_request,devjiwonchoi,User,human,110725183095,test prod (1/10) / build,2026-10-02T05:57:14Z,2026-10-02T06:13:46Z,17,linux_16_core,0.026,0.442,ubuntu-latest-16-core-arm-oss
36971052546,131695,build-and-test,pull_request,devjiwonchoi,User,human,110725183134,test prod (6/10) / build,2026-10-02T05:57:19Z,2026-10-02T06:11:36Z,15,linux_16_core,0.026,0.38999999999999996,ubuntu-latest-16-core-arm-oss
36971052546,131695,build-and-test,pull_request,devjiwonchoi,User,human,110725183136,test prod (9/10) / build,2026-10-02T05:56:30Z,2026-10-02T06:10:48Z,15,linux_16_core,0.026,0.38999999999999996,ubuntu-latest-16-core-arm-oss
36971052546,131695,build-and-test,pull_request,devjiwonchoi,User,human,110725183172,test prod (4/10) / build,2026-10-02T05:55:50Z,2026-10-02T06:11:29Z,16,linux_16_core,0.026,0.416,ubuntu-latest-16-core-arm-oss
36971052546,131695,build-and-test,pull_request,devjiwonchoi,User,human,110725183207,test dev (5/10) / build,2026-10-02T05:57:20Z,2026-10-02T06:08:20Z,11,linux_16_core,0.026,0.286,ubuntu-latest-16-core-arm-oss
36971052546,131695,build-and-test,pull_request,devjiwonchoi,User,human,110725183230,test prod (7/10) / build,2026-10-02T05:57:18Z,2026-10-02T06:11:31Z,15,linux_16_core,0.026,0.38999999999999996,ubuntu-latest-16-core-arm-oss
36971052546,131695,build-and-test,pull_request,devjiwonchoi,User,human,110725183247,test dev (3/10) / build,2026-10-02T05:56:39Z,2026-10-02T06:10:16Z,14,linux_16_core,0.026,0.364,ubuntu-latest-16-core-arm-oss
36971052546,131695,build-and-test,pull_request,devjiwonchoi,User,human,110725183255,test prod (3/10) / build,2026-10-02T05:57:20Z,2026-10-02T06:09:09Z,12,linux_16_core,0.026,0.312,ubuntu-latest-16-core-arm-oss
36971052546,131695,build-and-test,pull_request,devjiwonchoi,User,human,110725183259,test prod (2/10) / build,2026-10-02T05:57:20Z,2026-10-02T06:12:20Z,15,linux_16_core,0.026,0.38999999999999996,ubuntu-latest-16-core-arm-oss
36971052546,131695,build-and-test,pull_request,devjiwonchoi,User,human,110725183287,test dev (1/10) / build,2026-10-02T05:57:24Z,2026-10-02T06:08:52Z,12,linux_16_core,0.026,0.312,ubuntu-latest-16-core-arm-oss
36971052546,131695,build-and-test,pull_request,devjiwonchoi,User,human,110725183295,test dev (2/10) / build,2026-10-02T05:57:19Z,2026-10-02T06:08:31Z,12,linux_16_core,0.026,0.312,ubuntu-latest-16-core-arm-oss
36971052546,131695,build-and-test,pull_request,devjiwonchoi,User,human,110725183309,test prod (8/10) / build,2026-10-02T05:55:50Z,2026-10-02T06:11:40Z,16,linux_16_core,0.026,0.416,ubuntu-latest-16-core-arm-oss
36971052546,131695,build-and-test,pull_request,devjiwonchoi,User,human,110725183319,test dev (9/10) / build,2026-10-02T05:57:23Z,2026-10-02T06:07:10Z,10,linux_16_core,0.026,0.26,ubuntu-latest-16-core-arm-oss
36971052546,131695,build-and-test,pull_request,devjiwonchoi,User,human,110725183325,test dev (4/10) / build,2026-10-02T05:57:07Z,2026-10-02T06:07:02Z,10,linux_16_core,0.026,0.26,ubuntu-latest-16-core-arm-oss
36971052546,131695,build-and-test,pull_request,devjiwonchoi,User,human,110725183381,test dev (6/10) / build,2026-10-02T05:57:19Z,2026-10-02T06:09:00Z,12,linux_16_core,0.026,0.312,ubuntu-latest-16-core-arm-oss
36971052546,131695,build-and-test,pull_request,devjiwonchoi,User,human,110725183388,test prod (10/10) / build,2026-10-02T05:57:23Z,2026-10-02T06:14:51Z,18,linux_16_core,0.026,0.46799999999999997,ubuntu-latest-16-core-arm-oss
36971052546,131695,build-and-test,pull_request,devjiwonchoi,User,human,110725183397,test dev (7/10) / build,2026-10-02T05:57:24Z,2026-10-02T06:10:08Z,13,linux_16_core,0.026,0.33799999999999997,ubuntu-latest-16-core-arm-oss
36971052546,131695,build-and-test,pull_request,devjiwonchoi,User,human,110725183415,test dev (8/10) / build,2026-10-02T05:57:21Z,2026-10-02T06:09:13Z,12,linux_16_core,0.026,0.312,ubuntu-latest-16-core-arm-oss
36971052546,131695,build-and-test,pull_request,devjiwonchoi,User,human,110725183443,test dev (10/10) / build,2026-10-02T05:57:25Z,2026-10-02T06:08:33Z,12,linux_16_core,0.026,0.312,ubuntu-latest-16-core-arm-oss
36971052546,131695,build-and-test,pull_request,devjiwonchoi,User,human,110725183468,test turbopack dev (4/7) / build,2026-10-02T05:57:24Z,2026-10-02T06:08:53Z,12,linux_16_core,0.026,0.312,ubuntu-latest-16-core-arm-oss
36971052546,131695,build-and-test,pull_request,devjiwonchoi,User,human,110725215228,test prod windows / build,2026-10-02T05:55:58Z,2026-10-02T06:00:52Z,5,windows_8_core,0.042,0.21000000000000002,windows-latest-8-core-oss
36971052546,131695,build-and-test,pull_request,devjiwonchoi,User,human,110725215250,test unit windows (20) / build,2026-10-02T05:55:58Z,2026-10-02T06:01:44Z,6,windows_8_core,0.042,0.252,windows-latest-8-core-oss
36971052546,131695,build-and-test,pull_request,devjiwonchoi,User,human,110725215262,test integration windows / build,2026-10-02T05:55:58Z,2026-10-02T06:03:13Z,8,windows_8_core,0.042,0.336,windows-latest-8-core-oss
36971052546,131695,build-and-test,pull_request,devjiwonchoi,User,human,110725215276,test unit windows (22) / build,2026-10-02T05:55:58Z,2026-10-02T06:01:21Z,6,windows_8_core,0.042,0.252,windows-latest-8-core-oss
36971052546,131695,build-and-test,pull_request,devjiwonchoi,User,human,110725215302,test dev windows / build,2026-10-02T05:55:58Z,2026-10-02T06:01:13Z,6,windows_8_core,0.042,0.252,windows-latest-8-core-oss
36971052546,131695,build-and-test,pull_request,devjiwonchoi,User,human,110726517108,Test new and changed tests when deployed (5/5) / build,2026-10-02T06:02:47Z,2026-10-02T06:03:26Z,1,linux_16_core,0.026,0.026,ubuntu-latest-16-core-arm-oss
36971052546,131695,build-and-test,pull_request,devjiwonchoi,User,human,110726517164,Test new and changed tests when deployed (1/5) / build,2026-10-02T06:02:47Z,2026-10-02T06:03:30Z,1,linux_16_core,0.026,0.026,ubuntu-latest-16-core-arm-oss
36971052546,131695,build-and-test,pull_request,devjiwonchoi,User,human,110726517165,Test new and changed tests when deployed (3/5) / build,2026-10-02T06:02:47Z,2026-10-02T06:03:26Z,1,linux_16_core,0.026,0.026,ubuntu-latest-16-core-arm-oss
36971052546,131695,build-and-test,pull_request,devjiwonchoi,User,human,110726517186,Test new and changed tests when deployed (2/5) / build,2026-10-02T06:02:47Z,2026-10-02T06:03:33Z,1,linux_16_core,0.026,0.026,ubuntu-latest-16-core-arm-oss
36971052546,131695,build-and-test,pull_request,devjiwonchoi,User,human,110726517198,Test new and changed tests when deployed (4/5) / build,2026-10-02T06:02:46Z,2026-10-02T06:03:28Z,1,linux_16_core,0.026,0.026,ubuntu-latest-16-core-arm-oss
36971052546,131695,build-and-test,pull_request,devjiwonchoi,User,human,110726517298,Test new and changed tests when deployed (cache components) (3/5) / build,2026-10-02T06:02:47Z,2026-10-02T06:03:29Z,1,linux_16_core,0.026,0.026,ubuntu-latest-16-core-arm-oss
36971052546,131695,build-and-test,pull_request,devjiwonchoi,User,human,110726517310,Test new and changed tests when deployed (cache components) (2/5) / build,2026-10-02T06:02:47Z,2026-10-02T06:03:29Z,1,linux_16_core,0.026,0.026,ubuntu-latest-16-core-arm-oss
36971052546,131695,build-and-test,pull_request,devjiwonchoi,User,human,110726517330,Test new and changed tests when deployed (cache components) (1/5) / build,2026-10-02T06:02:47Z,2026-10-02T06:03:28Z,1,linux_16_core,0.026,0.026,ubuntu-latest-16-core-arm-oss
36971052546,131695,build-and-test,pull_request,devjiwonchoi,User,human,110726517335,Test new and changed tests when deployed (cache components) (5/5) / build,2026-10-02T06:02:47Z,2026-10-02T06:03:32Z,1,linux_16_core,0.026,0.026,ubuntu-latest-16-core-arm-oss
36971052546,131695,build-and-test,pull_request,devjiwonchoi,User,human,110726517389,Test new and changed tests when deployed (cache components) (4/5) / build,2026-10-02T06:02:46Z,2026-10-02T06:03:30Z,1,linux_16_core,0.026,0.026,ubuntu-latest-16-core-arm-oss
36971052546,131695,build-and-test,pull_request,devjiwonchoi,User,human,110729925541,"thank you, next",2026-10-02T06:16:00Z,2026-10-02T06:16:03Z,1,actions_linux,0.006,0.006,ubuntu-latest
36971052351,148111,build-and-deploy,pull_request,devjiwonchoi,User,human,110724905893,deploy-target,2026-10-02T05:54:36Z,2026-10-02T05:54:53Z,1,actions_linux,0.006,0.006,ubuntu-latest
36971052351,148111,build-and-deploy,pull_request,devjiwonchoi,User,human,110724974849,build-wasm (web),2026-10-02T05:54:56Z,2026-10-02T05:55:32Z,1,linux_16_core,0.042,0.042,ubuntu-latest-16-core-oss
36971052351,148111,build-and-deploy,pull_request,devjiwonchoi,User,human,110724974887,build,2026-10-02T05:54:56Z,2026-10-02T05:58:22Z,4,actions_linux,0.006,0.024,ubuntu-latest
36971052351,148111,build-and-deploy,pull_request,devjiwonchoi,User,human,110724974916,generate-native-matrix,2026-10-02T05:54:55Z,2026-10-02T05:54:59Z,1,actions_linux,0.006,0.006,ubuntu-latest
36971052351,148111,build-and-deploy,pull_request,devjiwonchoi,User,human,110724974942,build-wasm (nodejs),2026-10-02T05:54:56Z,2026-10-02T05:55:30Z,1,linux_16_core,0.042,0.042,ubuntu-latest-16-core-oss
36971052351,148111,build-and-deploy,pull_request,devjiwonchoi,User,human,110724995837,stable - x86_64-unknown-linux-gnu - node@20,2026-10-02T05:55:01Z,2026-10-02T05:55:28Z,1,linux_16_core,0.042,0.042,ubuntu-latest-16-core-oss
36971052351,148111,build-and-deploy,pull_request,devjiwonchoi,User,human,110725023819,Docs Link Validation,2026-10-02T05:55:06Z,2026-10-02T05:55:06Z,1,actions_linux,0.006,0.006,
36971052351,148111,build-and-deploy,pull_request,devjiwonchoi,User,human,110725107108,Upload Turbopack Bytesize metrics to Datadog,2026-10-02T05:55:28Z,2026-10-02T05:55:28Z,1,actions_linux,0.006,0.006,ubuntu-latest
36971052351,148111,build-and-deploy,pull_request,devjiwonchoi,User,human,110725749133,"thank you, build",2026-10-02T05:58:24Z,2026-10-02T05:58:26Z,1,actions_linux,0.006,0.006,ubuntu-latest
36971052351,148111,build-and-deploy,pull_request,devjiwonchoi,User,human,110725749199,Prepare preview tarball,2026-10-02T05:58:24Z,2026-10-02T06:01:06Z,3,actions_linux,0.006,0.018000000000000002,ubuntu-latest
36971052351,148111,build-and-deploy,pull_request,devjiwonchoi,User,human,110725750013,Potentially publish release,2026-10-02T05:58:23Z,2026-10-02T05:58:22Z,1,actions_linux,0.006,0.006,ubuntu-latest
36971052351,148111,build-and-deploy,pull_request,devjiwonchoi,User,human,110725750594,report publish failure to slack,2026-10-02T05:58:23Z,2026-10-02T05:58:23Z,1,actions_linux,0.006,0.006,ubuntu-latest
36971041687,77992,PR CI Comment,workflow_run,lukesandberg,User,human,110724874348,Comment on PR,2026-10-02T05:54:28Z,2026-10-02T05:54:47Z,1,actions_linux,0.006,0.006,ubuntu-latest
36970978167,10058,Poll React Sync,schedule,eps1lon,User,human,110724688094,poll,2026-10-02T05:53:38Z,2026-10-02T05:53:47Z,1,actions_linux,0.006,0.006,ubuntu-latest
36970800704,36085,upload-preview-tarballs,workflow_run,devjiwonchoi,User,human,110724161909,Upload preview tarballs to Blob,2026-10-02T05:51:18Z,2026-10-02T05:51:39Z,1,actions_linux,0.006,0.006,ubuntu-latest
36970800619,37843,Sync Canary After Backport Release,workflow_run,devjiwonchoi,User,human,110724162741,evaluate,2026-10-02T05:51:15Z,2026-10-02T05:51:15Z,1,actions_linux,0.006,0.006,ubuntu-latest
36970800619,37843,Sync Canary After Backport Release,workflow_run,devjiwonchoi,User,human,110724163051,dispatch,2026-10-02T05:51:15Z,2026-10-02T05:51:15Z,1,actions_linux,0.006,0.006,ubuntu-latest
36970426398,10057,Poll React Sync,schedule,eps1lon,User,human,110723052281,poll,2026-10-02T05:46:14Z,2026-10-02T05:46:21Z,1,actions_linux,0.006,0.006,ubuntu-latest
36970299405,88601,Triage issues,issue_comment,chatgpt-codex-connector[bot],Bot,agent,110722678567,Nissuer,2026-10-02T05:44:34Z,2026-10-02T05:44:44Z,1,actions_linux,0.006,0.006,ubuntu-latest
36970299299,3949,Allow issue participants to reopen issues,issue_comment,chatgpt-codex-connector[bot],Bot,agent,110722678963,Handle issue reopening,2026-10-02T05:44:32Z,2026-10-02T05:44:32Z,1,actions_linux,0.006,0.006,ubuntu-latest
36970031005,36084,upload-preview-tarballs,workflow_run,lukesandberg,User,human,110721885885,Upload preview tarballs to Blob,2026-10-02T05:41:00Z,2026-10-02T05:41:14Z,1,actions_linux,0.006,0.006,ubuntu-latest
36970030977,37842,Sync Canary After Backport Release,workflow_run,lukesandberg,User,human,110721887444,evaluate,2026-10-02T05:40:59Z,2026-10-02T05:40:59Z,1,actions_linux,0.006,0.006,ubuntu-latest
36970030977,37842,Sync Canary After Backport Release,workflow_run,lukesandberg,User,human,110721888206,dispatch,2026-10-02T05:40:59Z,2026-10-02T05:40:59Z,1,actions_linux,0.006,0.006,ubuntu-latest
36970025208,36083,upload-preview-tarballs,workflow_run,lukesandberg,User,human,110721868006,Upload preview tarballs to Blob,2026-10-02T05:40:55Z,2026-10-02T05:41:07Z,1,actions_linux,0.006,0.006,ubuntu-latest
36970025206,37841,Sync Canary After Backport Release,workflow_run,lukesandberg,User,human,110721869685,evaluate,2026-10-02T05:40:54Z,2026-10-02T05:40:54Z,1,actions_linux,0.006,0.006,ubuntu-latest
36970025206,37841,Sync Canary After Backport Release,workflow_run,lukesandberg,User,human,110721870251,dispatch,2026-10-02T05:40:54Z,2026-10-02T05:40:54Z,1,actions_linux,0.006,0.006,ubuntu-latest
36970014204,37840,Sync Canary After Backport Release,workflow_run,lukesandberg,User,human,110721836830,dispatch,2026-10-02T05:40:45Z,2026-10-02T05:40:45Z,1,actions_linux,0.006,0.006,ubuntu-latest
36970014204,37840,Sync Canary After Backport Release,workflow_run,lukesandberg,User,human,110721837445,evaluate,2026-10-02T05:40:45Z,2026-10-02T05:40:45Z,1,actions_linux,0.006,0.006,ubuntu-latest
36970014168,36082,upload-preview-tarballs,workflow_run,lukesandberg,User,human,110721835147,Upload preview tarballs to Blob,2026-10-02T05:40:48Z,2026-10-02T05:41:10Z,1,actions_linux,0.006,0.006,ubuntu-latest
36969929783,36081,upload-preview-tarballs,workflow_run,lukesandberg,User,human,110721583642,Upload preview tarballs to Blob,2026-10-02T05:39:42Z,2026-10-02T05:39:57Z,1,actions_linux,0.006,0.006,ubuntu-latest
36969929736,37839,Sync Canary After Backport Release,workflow_run,lukesandberg,User,human,110721584930,evaluate,2026-10-02T05:39:40Z,2026-10-02T05:39:39Z,1,actions_linux,0.006,0.006,ubuntu-latest
36969929736,37839,Sync Canary After Backport Release,workflow_run,lukesandberg,User,human,110721585149,dispatch,2026-10-02T05:39:40Z,2026-10-02T05:39:39Z,1,actions_linux,0.006,0.006,ubuntu-latest
36969899210,77991,PR CI Comment,workflow_run,devjiwonchoi,User,human,110721493923,Comment on PR,2026-10-02T05:39:18Z,2026-10-02T05:39:33Z,1,actions_linux,0.006,0.006,ubuntu-latest
36969896616,131694,build-and-test,pull_request,devjiwonchoi,User,human,110721489380,Upload PR CI metadata,2026-10-02T05:39:16Z,2026-10-02T05:39:22Z,1,actions_linux,0.006,0.006,ubuntu-latest
36969896616,131694,build-and-test,pull_request,devjiwonchoi,User,human,110721489677,optimize-ci / PR Stack CI Gate,2026-10-02T05:39:16Z,2026-10-02T05:39:21Z,1,actions_linux,0.006,0.006,ubuntu-latest
36969896616,131694,build-and-test,pull_request,devjiwonchoi,User,human,110721515430,Determine changes,2026-10-02T05:39:23Z,2026-10-02T05:39:34Z,1,actions_linux,0.006,0.006,ubuntu-latest
36969896616,131694,build-and-test,pull_request,devjiwonchoi,User,human,110721515432,validate-docs-links,2026-10-02T05:39:23Z,2026-10-02T05:39:46Z,1,actions_linux,0.006,0.006,ubuntu-latest
36969896616,131694,build-and-test,pull_request,devjiwonchoi,User,human,110721515489,build-next / build,2026-10-02T05:39:23Z,2026-10-02T05:41:01Z,2,linux_16_core,0.026,0.052,ubuntu-latest-16-core-arm-oss
36969896616,131694,build-and-test,pull_request,devjiwonchoi,User,human,110721564808,Wait for preview tarball,2026-10-02T05:39:37Z,2026-10-02T05:51:51Z,13,actions_linux,0.006,0.078,ubuntu-latest
36969896616,131694,build-and-test,pull_request,devjiwonchoi,User,human,110721564837,fetch test timings,2026-10-02T05:39:36Z,2026-10-02T05:40:25Z,1,actions_linux,0.006,0.006,ubuntu-latest
36969896616,131694,build-and-test,pull_request,devjiwonchoi,User,human,110721564881,build-native / build,2026-10-02T05:39:37Z,2026-10-02T05:40:16Z,1,linux_16_core,0.026,0.026,ubuntu-latest-16-core-arm-oss
36969896616,131694,build-and-test,pull_request,devjiwonchoi,User,human,110721564978,build-native-windows / build,2026-10-02T05:40:01Z,2026-10-02T05:42:08Z,3,windows_8_core,0.042,0.126,windows-latest-8-core-oss
36969896616,131694,build-and-test,pull_request,devjiwonchoi,User,human,110721564991,test devlow package / build,2026-10-02T05:39:37Z,2026-10-02T05:41:10Z,2,linux_16_core,0.026,0.052,ubuntu-latest-16-core-arm-oss
36969896616,131694,build-and-test,pull_request,devjiwonchoi,User,human,110721895292,ast-grep lint,2026-10-02T05:41:03Z,2026-10-02T05:41:19Z,1,actions_linux,0.006,0.006,ubuntu-latest
36969896616,131694,build-and-test,pull_request,devjiwonchoi,User,human,110721895637,rust check / build,2026-10-02T05:41:04Z,2026-10-02T05:41:41Z,1,linux_16_core,0.026,0.026,ubuntu-latest-16-core-arm-oss
36969896616,131694,build-and-test,pull_request,devjiwonchoi,User,human,110721895761,test cargo unit (miri) / build,2026-10-02T05:41:03Z,2026-10-02T05:48:49Z,8,linux_16_core,0.026,0.208,ubuntu-latest-16-core-arm-oss
36969896616,131694,build-and-test,pull_request,devjiwonchoi,User,human,110721895877,types and precompiled / build,2026-10-02T05:41:04Z,2026-10-02T05:43:16Z,3,linux_16_core,0.026,0.078,ubuntu-latest-16-core-arm-oss
36969896616,131694,build-and-test,pull_request,devjiwonchoi,User,human,110721895883,test cargo benches / Test,2026-10-02T05:41:04Z,2026-10-02T05:47:52Z,7,linux_16_core,0.042,0.29400000000000004,ubuntu-latest-16-core-oss
36969896616,131694,build-and-test,pull_request,devjiwonchoi,User,human,110721895931,test cargo unit / build,2026-10-02T05:41:04Z,2026-10-02T05:50:46Z,10,linux_16_core,0.042,0.42000000000000004,ubuntu-latest-16-core-oss
36969896616,131694,build-and-test,pull_request,devjiwonchoi,User,human,110721895946,lint / build,2026-10-02T05:41:04Z,2026-10-02T05:45:49Z,5,linux_16_core,0.026,0.13,ubuntu-latest-16-core-arm-oss
36969896616,131694,build-and-test,pull_request,devjiwonchoi,User,human,110721896139,test next-swc wasm / build,2026-10-02T05:41:04Z,2026-10-02T05:43:43Z,3,linux_16_core,0.026,0.078,ubuntu-latest-16-core-arm-oss
36969896616,131694,build-and-test,pull_request,devjiwonchoi,User,human,110721896262,rustdoc check / build,2026-10-02T05:41:04Z,2026-10-02T05:43:14Z,3,linux_16_core,0.026,0.078,ubuntu-latest-16-core-arm-oss
36969896616,131694,build-and-test,pull_request,devjiwonchoi,User,human,110721896324,test next-swc wasi / build,2026-10-02T05:41:06Z,2026-10-02T05:45:14Z,5,linux_16_core,0.026,0.13,ubuntu-latest-16-core-arm-oss
36969896616,131694,build-and-test,pull_request,devjiwonchoi,User,human,110721896420,test rspack dev,2026-10-02T05:41:01Z,2026-10-02T05:41:01Z,1,actions_linux,0.006,0.006,
36969896616,131694,build-and-test,pull_request,devjiwonchoi,User,human,110721896455,test rspack production,2026-10-02T05:41:01Z,2026-10-02T05:41:01Z,1,actions_linux,0.006,0.006,
36969896616,131694,build-and-test,pull_request,devjiwonchoi,User,human,110721896513,Run devlow benchmarks,2026-10-02T05:41:01Z,2026-10-02T05:41:01Z,1,actions_linux,0.006,0.006,
36969896616,131694,build-and-test,pull_request,devjiwonchoi,User,human,110721896793,test firefox and safari / build,2026-10-02T05:41:04Z,2026-10-02T05:46:33Z,6,linux_16_core,0.026,0.156,ubuntu-latest-16-core-arm-oss
36969896616,131694,build-and-test,pull_request,devjiwonchoi,User,human,110721897044,test cache components dev (2/6) / build,2026-10-02T05:41:04Z,2026-10-02T05:48:54Z,8,linux_16_core,0.026,0.208,ubuntu-latest-16-core-arm-oss
36969896616,131694,build-and-test,pull_request,devjiwonchoi,User,human,110721897107,test cache components dev (1/6) / build,2026-10-02T05:41:06Z,2026-10-02T05:49:35Z,9,linux_16_core,0.026,0.23399999999999999,ubuntu-latest-16-core-arm-oss
36969896616,131694,build-and-test,pull_request,devjiwonchoi,User,human,110721897129,test unit (22) / build,2026-10-02T05:41:04Z,2026-10-02T05:43:06Z,3,linux_16_core,0.026,0.078,ubuntu-latest-16-core-arm-oss
36969896616,131694,build-and-test,pull_request,devjiwonchoi,User,human,110721897171,test cache components dev (4/6) / build,2026-10-02T05:41:05Z,2026-10-02T05:57:07Z,17,linux_16_core,0.026,0.442,ubuntu-latest-16-core-arm-oss
36969896616,131694,build-and-test,pull_request,devjiwonchoi,User,human,110721897173,test unit (20) / build,2026-10-02T05:41:05Z,2026-10-02T05:43:17Z,3,linux_16_core,0.026,0.078,ubuntu-latest-16-core-arm-oss
36969896616,131694,build-and-test,pull_request,devjiwonchoi,User,human,110721897185,test cache components dev (5/6) / build,2026-10-02T05:41:05Z,2026-10-02T05:47:50Z,7,linux_16_core,0.026,0.182,ubuntu-latest-16-core-arm-oss
36969896616,131694,build-and-test,pull_request,devjiwonchoi,User,human,110721897190,test cache components dev (6/6) / build,2026-10-02T05:41:04Z,2026-10-02T05:47:59Z,7,linux_16_core,0.026,0.182,ubuntu-latest-16-core-arm-oss
36969896616,131694,build-and-test,pull_request,devjiwonchoi,User,human,110721897192,test cache components dev (3/6) / build,2026-10-02T05:41:04Z,2026-10-02T05:47:43Z,7,linux_16_core,0.026,0.182,ubuntu-latest-16-core-arm-oss
36969896616,131694,build-and-test,pull_request,devjiwonchoi,User,human,110721897236,Test new and changed tests for flakes (dev) (2/5) / build,2026-10-02T05:41:05Z,2026-10-02T05:41:53Z,1,linux_16_core,0.026,0.026,ubuntu-latest-16-core-arm-oss
36969896616,131694,build-and-test,pull_request,devjiwonchoi,User,human,110721897268,Test new and changed tests for flakes (dev) (4/5) / build,2026-10-02T05:41:04Z,2026-10-02T05:41:44Z,1,linux_16_core,0.026,0.026,ubuntu-latest-16-core-arm-oss
36969896616,131694,build-and-test,pull_request,devjiwonchoi,User,human,110721897283,Test new and changed tests for flakes (dev) (5/5) / build,2026-10-02T05:41:04Z,2026-10-02T05:41:46Z,1,linux_16_core,0.026,0.026,ubuntu-latest-16-core-arm-oss
36969896616,131694,build-and-test,pull_request,devjiwonchoi,User,human,110721897287,Test new and changed tests for flakes (dev) (3/5) / build,2026-10-02T05:41:04Z,2026-10-02T05:41:45Z,1,linux_16_core,0.026,0.026,ubuntu-latest-16-core-arm-oss
36969896616,131694,build-and-test,pull_request,devjiwonchoi,User,human,110721897325,test dev (9/10) / build,2026-10-02T05:41:05Z,2026-10-02T05:53:56Z,13,linux_16_core,0.026,0.33799999999999997,ubuntu-latest-16-core-arm-oss
36969896616,131694,build-and-test,pull_request,devjiwonchoi,User,human,110721897347,Test new and changed tests for flakes (dev) (1/5) / build,2026-10-02T05:41:04Z,2026-10-02T05:41:44Z,1,linux_16_core,0.026,0.026,ubuntu-latest-16-core-arm-oss
36969896616,131694,build-and-test,pull_request,devjiwonchoi,User,human,110721897371,test dev (4/10) / build,2026-10-02T05:41:05Z,2026-10-02T05:53:05Z,12,linux_16_core,0.026,0.312,ubuntu-latest-16-core-arm-oss
36969896616,131694,build-and-test,pull_request,devjiwonchoi,User,human,110721897372,test dev (6/10) / build,2026-10-02T05:41:04Z,2026-10-02T05:53:08Z,13,linux_16_core,0.026,0.33799999999999997,ubuntu-latest-16-core-arm-oss
36969896616,131694,build-and-test,pull_request,devjiwonchoi,User,human,110721897378,test dev (7/10) / build,2026-10-02T05:41:04Z,2026-10-02T05:53:14Z,13,linux_16_core,0.026,0.33799999999999997,ubuntu-latest-16-core-arm-oss
36969896616,131694,build-and-test,pull_request,devjiwonchoi,User,human,110721897392,test dev (10/10) / build,2026-10-02T05:41:05Z,2026-10-02T05:51:11Z,11,linux_16_core,0.026,0.286,ubuntu-latest-16-core-arm-oss
36969896616,131694,build-and-test,pull_request,devjiwonchoi,User,human,110721897405,test dev (5/10) / build,2026-10-02T05:41:05Z,2026-10-02T05:54:14Z,14,linux_16_core,0.026,0.364,ubuntu-latest-16-core-arm-oss
36969896616,131694,build-and-test,pull_request,devjiwonchoi,User,human,110721897458,test dev (8/10) / build,2026-10-02T05:41:05Z,2026-10-02T05:51:30Z,11,linux_16_core,0.026,0.286,ubuntu-latest-16-core-arm-oss
36969896616,131694,build-and-test,pull_request,devjiwonchoi,User,human,110721897468,test dev (3/10) / build,2026-10-02T05:41:05Z,2026-10-02T05:55:14Z,15,linux_16_core,0.026,0.38999999999999996,ubuntu-latest-16-core-arm-oss
36969896616,131694,build-and-test,pull_request,devjiwonchoi,User,human,110721897472,test dev (1/10) / build,2026-10-02T05:41:05Z,2026-10-02T05:51:48Z,11,linux_16_core,0.026,0.286,ubuntu-latest-16-core-arm-oss
36969896616,131694,build-and-test,pull_request,devjiwonchoi,User,human,110721897509,test prod (5/10) / build,2026-10-02T05:41:04Z,2026-10-02T05:59:18Z,19,linux_16_core,0.026,0.494,ubuntu-latest-16-core-arm-oss
36969896616,131694,build-and-test,pull_request,devjiwonchoi,User,human,110721897574,test dev (2/10) / build,2026-10-02T05:41:05Z,2026-10-02T05:50:53Z,10,linux_16_core,0.026,0.26,ubuntu-latest-16-core-arm-oss
36969896616,131694,build-and-test,pull_request,devjiwonchoi,User,human,110721897596,test prod (6/10) / build,2026-10-02T05:41:04Z,2026-10-02T05:56:21Z,16,linux_16_core,0.026,0.416,ubuntu-latest-16-core-arm-oss
36969896616,131694,build-and-test,pull_request,devjiwonchoi,User,human,110721897622,test prod (8/10) / build,2026-10-02T05:41:04Z,2026-10-02T05:54:26Z,14,linux_16_core,0.026,0.364,ubuntu-latest-16-core-arm-oss
36969896616,131694,build-and-test,pull_request,devjiwonchoi,User,human,110721897674,test prod (9/10) / build,2026-10-02T05:41:04Z,2026-10-02T05:54:14Z,14,linux_16_core,0.026,0.364,ubuntu-latest-16-core-arm-oss
36969896616,131694,build-and-test,pull_request,devjiwonchoi,User,human,110721897774,test prod (1/10) / build,2026-10-02T05:41:05Z,2026-10-02T05:55:11Z,15,linux_16_core,0.026,0.38999999999999996,ubuntu-latest-16-core-arm-oss
36969896616,131694,build-and-test,pull_request,devjiwonchoi,User,human,110721897778,test turbopack dev (2/7) / build,2026-10-02T05:41:05Z,2026-10-02T05:52:58Z,12,linux_16_core,0.026,0.312,ubuntu-latest-16-core-arm-oss
36969896616,131694,build-and-test,pull_request,devjiwonchoi,User,human,110721897784,test prod (7/10) / build,2026-10-02T05:41:04Z,2026-10-02T05:55:26Z,15,linux_16_core,0.026,0.38999999999999996,ubuntu-latest-16-core-arm-oss
36969896616,131694,build-and-test,pull_request,devjiwonchoi,User,human,110721897786,test turbopack dev (1/7) / build,2026-10-02T05:41:04Z,2026-10-02T05:53:37Z,13,linux_16_core,0.026,0.33799999999999997,ubuntu-latest-16-core-arm-oss
36969896616,131694,build-and-test,pull_request,devjiwonchoi,User,human,110721897796,test prod (2/10) / build,2026-10-02T05:41:05Z,2026-10-02T05:55:45Z,15,linux_16_core,0.026,0.38999999999999996,ubuntu-latest-16-core-arm-oss
36969896616,131694,build-and-test,pull_request,devjiwonchoi,User,human,110721897798,test prod (4/10) / build,2026-10-02T05:41:05Z,2026-10-02T05:53:52Z,13,linux_16_core,0.026,0.33799999999999997,ubuntu-latest-16-core-arm-oss
36969896616,131694,build-and-test,pull_request,devjiwonchoi,User,human,110721897832,test prod (3/10) / build,2026-10-02T05:41:05Z,2026-10-02T05:56:58Z,16,linux_16_core,0.026,0.416,ubuntu-latest-16-core-arm-oss
36969896616,131694,build-and-test,pull_request,devjiwonchoi,User,human,110721897837,test prod (10/10) / build,2026-10-02T05:42:04Z,2026-10-02T05:56:36Z,15,linux_16_core,0.026,0.38999999999999996,ubuntu-latest-16-core-arm-oss
36969896616,131694,build-and-test,pull_request,devjiwonchoi,User,human,110721897859,test turbopack dev (4/7) / build,2026-10-02T05:41:05Z,2026-10-02T05:51:48Z,11,linux_16_core,0.026,0.286,ubuntu-latest-16-core-arm-oss
36969896616,131694,build-and-test,pull_request,devjiwonchoi,User,human,110721897897,test turbopack dev (5/7) / build,2026-10-02T05:42:32Z,2026-10-02T05:52:24Z,10,linux_16_core,0.026,0.26,ubuntu-latest-16-core-arm-oss
36969896616,131694,build-and-test,pull_request,devjiwonchoi,User,human,110721897905,test turbopack dev (6/7) / build,2026-10-02T05:42:39Z,2026-10-02T05:52:40Z,11,linux_16_core,0.026,0.286,ubuntu-latest-16-core-arm-oss
36969896616,131694,build-and-test,pull_request,devjiwonchoi,User,human,110721897916,test turbopack dev (3/7) / build,2026-10-02T05:43:05Z,2026-10-02T06:02:01Z,19,linux_16_core,0.026,0.494,ubuntu-latest-16-core-arm-oss
36969896616,131694,build-and-test,pull_request,devjiwonchoi,User,human,110721897933,test turbopack dev (7/7) / build,2026-10-02T05:41:55Z,2026-10-02T05:51:32Z,10,linux_16_core,0.026,0.26,ubuntu-latest-16-core-arm-oss
36969896616,131694,build-and-test,pull_request,devjiwonchoi,User,human,110721897995,test next-config-ts-native-ts dev (24.15.0) / build,2026-10-02T05:43:07Z,2026-10-02T05:44:34Z,2,linux_16_core,0.026,0.052,ubuntu-latest-16-core-arm-oss
36969896616,131694,build-and-test,pull_request,devjiwonchoi,User,human,110721898034,Test new and changed tests for flakes (prod) (2/5) / build,2026-10-02T05:41:05Z,2026-10-02T05:41:55Z,1,linux_16_core,0.026,0.026,ubuntu-latest-16-core-arm-oss
36969896616,131694,build-and-test,pull_request,devjiwonchoi,User,human,110721898036,test next-config-ts-native-ts dev (22) / build,2026-10-02T05:42:32Z,2026-10-02T05:44:00Z,2,linux_16_core,0.026,0.052,ubuntu-latest-16-core-arm-oss
36969896616,131694,build-and-test,pull_request,devjiwonchoi,User,human,110721898044,Test new and changed tests for flakes (prod) (1/5) / build,2026-10-02T05:41:12Z,2026-10-02T05:41:53Z,1,linux_16_core,0.026,0.026,ubuntu-latest-16-core-arm-oss
36969896616,131694,build-and-test,pull_request,devjiwonchoi,User,human,110721898085,Test new and changed tests for flakes (prod) (3/5) / build,2026-10-02T05:42:32Z,2026-10-02T05:43:13Z,1,linux_16_core,0.026,0.026,ubuntu-latest-16-core-arm-oss
36969896616,131694,build-and-test,pull_request,devjiwonchoi,User,human,110721898167,Test new and changed tests for flakes (prod) (5/5) / build,2026-10-02T05:43:09Z,2026-10-02T05:43:51Z,1,linux_16_core,0.026,0.026,ubuntu-latest-16-core-arm-oss
36969896616,131694,build-and-test,pull_request,devjiwonchoi,User,human,110721898189,test next-config-ts-native-ts prod (22) / build,2026-10-02T05:43:10Z,2026-10-02T05:45:03Z,2,linux_16_core,0.026,0.052,ubuntu-latest-16-core-arm-oss
36969896616,131694,build-and-test,pull_request,devjiwonchoi,User,human,110721898207,test next-config-ts-native-ts prod (24.15.0) / build,2026-10-02T05:43:08Z,2026-10-02T05:45:05Z,2,linux_16_core,0.026,0.052,ubuntu-latest-16-core-arm-oss
36969896616,131694,build-and-test,pull_request,devjiwonchoi,User,human,110721898223,test turbopack production (3/7) / build,2026-10-02T05:41:41Z,2026-10-02T05:52:44Z,12,linux_16_core,0.026,0.312,ubuntu-latest-16-core-arm-oss
36969896616,131694,build-and-test,pull_request,devjiwonchoi,User,human,110721898244,Test new and changed tests for flakes (prod) (4/5) / build,2026-10-02T05:43:39Z,2026-10-02T05:44:16Z,1,linux_16_core,0.026,0.026,ubuntu-latest-16-core-arm-oss
36969896616,131694,build-and-test,pull_request,devjiwonchoi,User,human,110721898280,test turbopack production (6/7) / build,2026-10-02T05:43:11Z,2026-10-02T05:59:25Z,17,linux_16_core,0.026,0.442,ubuntu-latest-16-core-arm-oss
36969896616,131694,build-and-test,pull_request,devjiwonchoi,User,human,110721898286,test turbopack production (2/7) / build,2026-10-02T05:43:17Z,2026-10-02T05:56:21Z,14,linux_16_core,0.026,0.364,ubuntu-latest-16-core-arm-oss
36969896616,131694,build-and-test,pull_request,devjiwonchoi,User,human,110721898290,test turbopack production (4/7) / build,2026-10-02T05:43:11Z,2026-10-02T05:56:25Z,14,linux_16_core,0.026,0.364,ubuntu-latest-16-core-arm-oss
36969896616,131694,build-and-test,pull_request,devjiwonchoi,User,human,110721898304,test turbopack production (1/7) / build,2026-10-02T05:43:15Z,2026-10-02T05:56:26Z,14,linux_16_core,0.026,0.364,ubuntu-latest-16-core-arm-oss
36969896616,131694,build-and-test,pull_request,devjiwonchoi,User,human,110721898308,test turbopack production (7/7) / build,2026-10-02T05:43:15Z,2026-10-02T05:55:21Z,13,linux_16_core,0.026,0.33799999999999997,ubuntu-latest-16-core-arm-oss
36969896616,131694,build-and-test,pull_request,devjiwonchoi,User,human,110721898374,test turbopack production (5/7) / build,2026-10-02T05:43:45Z,2026-10-02T05:56:20Z,13,linux_16_core,0.026,0.33799999999999997,ubuntu-latest-16-core-arm-oss
36969896616,131694,build-and-test,pull_request,devjiwonchoi,User,human,110721898389,test cache components prod (6/7) / build,2026-10-02T05:43:18Z,2026-10-02T05:58:04Z,15,linux_16_core,0.026,0.38999999999999996,ubuntu-latest-16-core-arm-oss
36969896616,131694,build-and-test,pull_request,devjiwonchoi,User,human,110721898392,test cache components prod (1/7) / build,2026-10-02T05:43:11Z,2026-10-02T05:51:56Z,9,linux_16_core,0.026,0.23399999999999999,ubuntu-latest-16-core-arm-oss
36969896616,131694,build-and-test,pull_request,devjiwonchoi,User,human,110721898405,test cache components prod (4/7) / build,2026-10-02T05:43:10Z,2026-10-02T05:49:55Z,7,linux_16_core,0.026,0.182,ubuntu-latest-16-core-arm-oss
36969896616,131694,build-and-test,pull_request,devjiwonchoi,User,human,110721898413,test cache components prod (2/7) / build,2026-10-02T05:43:19Z,2026-10-02T05:50:44Z,8,linux_16_core,0.026,0.208,ubuntu-latest-16-core-arm-oss
36969896616,131694,build-and-test,pull_request,devjiwonchoi,User,human,110721898429,test cache components prod (7/7) / build,2026-10-02T05:43:16Z,2026-10-02T05:50:08Z,7,linux_16_core,0.026,0.182,ubuntu-latest-16-core-arm-oss
36969896616,131694,build-and-test,pull_request,devjiwonchoi,User,human,110721898452,test cache components prod (5/7) / build,2026-10-02T05:43:40Z,2026-10-02T05:51:19Z,8,linux_16_core,0.026,0.208,ubuntu-latest-16-core-arm-oss
36969896616,131694,build-and-test,pull_request,devjiwonchoi,User,human,110721898488,test cache components prod (3/7) / build,2026-10-02T05:43:53Z,2026-10-02T05:51:25Z,8,linux_16_core,0.026,0.208,ubuntu-latest-16-core-arm-oss
36969896616,131694,build-and-test,pull_request,devjiwonchoi,User,human,110722142722,test prod windows / build,2026-10-02T05:44:59Z,2026-10-02T05:50:31Z,6,windows_8_core,0.042,0.252,windows-latest-8-core-oss
36969896616,131694,build-and-test,pull_request,devjiwonchoi,User,human,110722142761,test dev windows / build,2026-10-02T05:44:26Z,2026-10-02T05:50:45Z,7,windows_8_core,0.042,0.29400000000000004,windows-latest-8-core-oss
36969896616,131694,build-and-test,pull_request,devjiwonchoi,User,human,110722142797,test integration windows / build,2026-10-02T05:45:06Z,2026-10-02T05:53:25Z,9,windows_8_core,0.042,0.378,windows-latest-8-core-oss
36969896616,131694,build-and-test,pull_request,devjiwonchoi,User,human,110722142800,test unit windows (22) / build,2026-10-02T05:43:32Z,2026-10-02T05:53:39Z,11,windows_8_core,0.042,0.462,windows-latest-8-core-oss
36969896616,131694,build-and-test,pull_request,devjiwonchoi,User,human,110722142803,test unit windows (20) / build,2026-10-02T05:45:04Z,2026-10-02T05:51:22Z,7,windows_8_core,0.042,0.29400000000000004,windows-latest-8-core-oss
36969896616,131694,build-and-test,pull_request,devjiwonchoi,User,human,110724297727,Test new and changed tests when deployed (cache components) (4/5) / build,2026-10-02T05:51:53Z,2026-10-02T05:52:36Z,1,linux_16_core,0.026,0.026,ubuntu-latest-16-core-arm-oss
36969896616,131694,build-and-test,pull_request,devjiwonchoi,User,human,110724297793,Test new and changed tests when deployed (cache components) (3/5) / build,2026-10-02T05:51:53Z,2026-10-02T05:52:35Z,1,linux_16_core,0.026,0.026,ubuntu-latest-16-core-arm-oss
36969896616,131694,build-and-test,pull_request,devjiwonchoi,User,human,110724297795,Test new and changed tests when deployed (3/5) / build,2026-10-02T05:51:53Z,2026-10-02T05:52:38Z,1,linux_16_core,0.026,0.026,ubuntu-latest-16-core-arm-oss
36969896616,131694,build-and-test,pull_request,devjiwonchoi,User,human,110724297797,Test new and changed tests when deployed (cache components) (5/5) / build,2026-10-02T05:51:53Z,2026-10-02T05:52:32Z,1,linux_16_core,0.026,0.026,ubuntu-latest-16-core-arm-oss
36969896616,131694,build-and-test,pull_request,devjiwonchoi,User,human,110724297808,Test new and changed tests when deployed (2/5) / build,2026-10-02T05:51:53Z,2026-10-02T05:52:43Z,1,linux_16_core,0.026,0.026,ubuntu-latest-16-core-arm-oss
36969896616,131694,build-and-test,pull_request,devjiwonchoi,User,human,110724297825,Test new and changed tests when deployed (1/5) / build,2026-10-02T05:51:53Z,2026-10-02T05:52:33Z,1,linux_16_core,0.026,0.026,ubuntu-latest-16-core-arm-oss
36969896616,131694,build-and-test,pull_request,devjiwonchoi,User,human,110724297829,Test new and changed tests when deployed (5/5) / build,2026-10-02T05:51:53Z,2026-10-02T05:52:29Z,1,linux_16_core,0.026,0.026,ubuntu-latest-16-core-arm-oss
36969896616,131694,build-and-test,pull_request,devjiwonchoi,User,human,110724297836,Test new and changed tests when deployed (4/5) / build,2026-10-02T05:51:53Z,2026-10-02T05:52:33Z,1,linux_16_core,0.026,0.026,ubuntu-latest-16-core-arm-oss
36969896616,131694,build-and-test,pull_request,devjiwonchoi,User,human,110724297871,Test new and changed tests when deployed (cache components) (2/5) / build,2026-10-02T05:51:53Z,2026-10-02T05:52:39Z,1,linux_16_core,0.026,0.026,ubuntu-latest-16-core-arm-oss
36969896616,131694,build-and-test,pull_request,devjiwonchoi,User,human,110724297873,Test new and changed tests when deployed (cache components) (1/5) / build,2026-10-02T05:51:53Z,2026-10-02T05:52:33Z,1,linux_16_core,0.026,0.026,ubuntu-latest-16-core-arm-oss
36969896616,131694,build-and-test,pull_request,devjiwonchoi,User,human,110726584255,"thank you, next",2026-10-02T06:02:06Z,2026-10-02T06:02:09Z,1,actions_linux,0.006,0.006,ubuntu-latest
36969896494,148110,build-and-deploy,pull_request,devjiwonchoi,User,human,110721486419,deploy-target,2026-10-02T05:39:15Z,2026-10-02T05:39:35Z,1,actions_linux,0.006,0.006,ubuntu-latest
36969896494,148110,build-and-deploy,pull_request,devjiwonchoi,User,human,110721569085,build,2026-10-02T05:39:38Z,2026-10-02T05:42:28Z,3,actions_linux,0.006,0.018000000000000002,ubuntu-latest
36969896494,148110,build-and-deploy,pull_request,devjiwonchoi,User,human,110721569087,generate-native-matrix,2026-10-02T05:39:38Z,2026-10-02T05:39:41Z,1,actions_linux,0.006,0.006,ubuntu-latest
36969896494,148110,build-and-deploy,pull_request,devjiwonchoi,User,human,110721569130,build-wasm (web),2026-10-02T05:39:38Z,2026-10-02T05:40:11Z,1,linux_16_core,0.042,0.042,ubuntu-latest-16-core-oss
36969896494,148110,build-and-deploy,pull_request,devjiwonchoi,User,human,110721569167,build-wasm (nodejs),2026-10-02T05:39:38Z,2026-10-02T05:40:10Z,1,linux_16_core,0.042,0.042,ubuntu-latest-16-core-oss
36969896494,148110,build-and-deploy,pull_request,devjiwonchoi,User,human,110721592115,stable - x86_64-unknown-linux-gnu - node@20,2026-10-02T05:39:44Z,2026-10-02T05:48:30Z,9,linux_16_core,0.042,0.378,ubuntu-latest-16-core-oss
36969896494,148110,build-and-deploy,pull_request,devjiwonchoi,User,human,110721595981,Docs Link Validation,2026-10-02T05:39:43Z,2026-10-02T05:39:43Z,1,actions_linux,0.006,0.006,
36969896494,148110,build-and-deploy,pull_request,devjiwonchoi,User,human,110723558458,"thank you, build",2026-10-02T05:48:32Z,2026-10-02T05:48:34Z,1,actions_linux,0.006,0.006,ubuntu-latest
36969896494,148110,build-and-deploy,pull_request,devjiwonchoi,User,human,110723558551,Prepare preview tarball,2026-10-02T05:48:32Z,2026-10-02T05:51:11Z,3,actions_linux,0.006,0.018000000000000002,ubuntu-latest
36969896494,148110,build-and-deploy,pull_request,devjiwonchoi,User,human,110723559623,Potentially publish release,2026-10-02T05:48:30Z,2026-10-02T05:48:30Z,1,actions_linux,0.006,0.006,ubuntu-latest
36969896494,148110,build-and-deploy,pull_request,devjiwonchoi,User,human,110723560026,report publish failure to slack,2026-10-02T05:48:31Z,2026-10-02T05:48:30Z,1,actions_linux,0.006,0.006,ubuntu-latest
36969896494,148110,build-and-deploy,pull_request,devjiwonchoi,User,human,110723560142,Upload Turbopack Bytesize metrics to Datadog,2026-10-02T05:48:31Z,2026-10-02T05:48:30Z,1,actions_linux,0.006,0.006,ubuntu-latest
36969690369,36080,upload-preview-tarballs,workflow_run,lukesandberg,User,human,110720866302,Upload preview tarballs to Blob,2026-10-02T05:36:25Z,2026-10-02T05:36:25Z,1,actions_linux,0.006,0.006,ubuntu-latest
36969690276,37838,Sync Canary After Backport Release,workflow_run,lukesandberg,User,human,110720865383,evaluate,2026-10-02T05:36:25Z,2026-10-02T05:36:25Z,1,actions_linux,0.006,0.006,ubuntu-latest
36969690276,37838,Sync Canary After Backport Release,workflow_run,lukesandberg,User,human,110720866397,dispatch,2026-10-02T05:36:25Z,2026-10-02T05:36:25Z,1,actions_linux,0.006,0.006,ubuntu-latest
36969626701,37837,Sync Canary After Backport Release,workflow_run,akasakariko,User,human,110720673215,dispatch,2026-10-02T05:35:33Z,2026-10-02T05:35:33Z,1,actions_linux,0.006,0.006,ubuntu-latest
36969626701,37837,Sync Canary After Backport Release,workflow_run,akasakariko,User,human,110720696319,evaluate,2026-10-02T05:35:40Z,2026-10-02T05:35:33Z,1,actions_linux,0.006,0.006,ubuntu-latest
36969626671,36079,upload-preview-tarballs,workflow_run,akasakariko,User,human,110720671998,Upload preview tarballs to Blob,2026-10-02T05:35:33Z,2026-10-02T05:35:33Z,1,actions_linux,0.006,0.006,ubuntu-latest
36969626562,3948,Allow issue participants to reopen issues,issue_comment,bgw,User,human,110720672111,Handle issue reopening,2026-10-02T05:35:33Z,2026-10-02T05:35:33Z,1,actions_linux,0.006,0.006,ubuntu-latest
36969626540,88600,Triage issues,issue_comment,bgw,User,human,110720670579,Nissuer,2026-10-02T05:35:34Z,2026-10-02T05:35:46Z,1,actions_linux,0.006,0.006,ubuntu-latest
36969626527,77990,PR CI Comment,workflow_run,akasakariko,User,human,110720670752,Comment on PR,2026-10-02T05:35:35Z,2026-10-02T05:35:49Z,1,actions_linux,0.006,0.006,ubuntu-latest
36969621476,10056,Poll React Sync,schedule,eps1lon,User,human,110720655119,poll,2026-10-02T05:35:31Z,2026-10-02T05:35:38Z,1,actions_linux,0.006,0.006,ubuntu-latest
36969480730,77989,PR CI Comment,workflow_run,bgw,User,human,110720242921,Comment on PR,2026-10-02T05:33:40Z,2026-10-02T05:33:52Z,1,actions_linux,0.006,0.006,ubuntu-latest
36969339556,77988,PR CI Comment,workflow_run,lukesandberg,User,human,110719831359,Comment on PR,2026-10-02T05:31:50Z,2026-10-02T05:32:03Z,1,actions_linux,0.006,0.006,ubuntu-latest
36969336888,131693,build-and-test,pull_request,lukesandberg,User,human,110719826196,Upload PR CI metadata,2026-10-02T05:31:48Z,2026-10-02T05:31:52Z,1,actions_linux,0.006,0.006,ubuntu-latest
36969336888,131693,build-and-test,pull_request,lukesandberg,User,human,110719826387,optimize-ci / PR Stack CI Gate,2026-10-02T05:31:48Z,2026-10-02T05:31:55Z,1,actions_linux,0.006,0.006,ubuntu-latest
36969336888,131693,build-and-test,pull_request,lukesandberg,User,human,110719862402,Determine changes,2026-10-02T05:31:57Z,2026-10-02T05:32:08Z,1,actions_linux,0.006,0.006,ubuntu-latest
36969336888,131693,build-and-test,pull_request,lukesandberg,User,human,110719862499,validate-docs-links,2026-10-02T05:31:59Z,2026-10-02T05:32:22Z,1,actions_linux,0.006,0.006,ubuntu-latest
36969336888,131693,build-and-test,pull_request,lukesandberg,User,human,110719862534,build-next / build,2026-10-02T05:31:58Z,2026-10-02T05:33:38Z,2,linux_16_core,0.026,0.052,ubuntu-latest-16-core-arm-oss
36969336888,131693,build-and-test,pull_request,lukesandberg,User,human,110719907508,Wait for preview tarball,2026-10-02T05:32:10Z,2026-10-02T05:41:17Z,10,actions_linux,0.006,0.06,ubuntu-latest
36969336888,131693,build-and-test,pull_request,lukesandberg,User,human,110719907571,fetch test timings,2026-10-02T05:32:10Z,2026-10-02T05:32:59Z,1,actions_linux,0.006,0.006,ubuntu-latest
36969336888,131693,build-and-test,pull_request,lukesandberg,User,human,110719907646,build-native / build,2026-10-02T05:32:10Z,2026-10-02T05:36:11Z,5,linux_16_core,0.026,0.13,ubuntu-latest-16-core-arm-oss
36969336888,131693,build-and-test,pull_request,lukesandberg,User,human,110719907658,build-native-windows / build,2026-10-02T05:32:10Z,2026-10-02T05:41:56Z,10,windows_8_core,0.042,0.42000000000000004,windows-latest-8-core-oss
36969336888,131693,build-and-test,pull_request,lukesandberg,User,human,110719907688,test devlow package / build,2026-10-02T05:32:10Z,2026-10-02T05:33:51Z,2,linux_16_core,0.026,0.052,ubuntu-latest-16-core-arm-oss
36969336888,131693,build-and-test,pull_request,lukesandberg,User,human,110720243878,ast-grep lint,2026-10-02T05:33:41Z,2026-10-02T05:33:57Z,1,actions_linux,0.006,0.006,ubuntu-latest
36969336888,131693,build-and-test,pull_request,lukesandberg,User,human,110720243888,test cargo benches / Test,2026-10-02T05:33:40Z,2026-10-02T05:39:54Z,7,linux_16_core,0.042,0.29400000000000004,ubuntu-latest-16-core-oss
36969336888,131693,build-and-test,pull_request,lukesandberg,User,human,110720243938,rustdoc check / build,2026-10-02T05:33:40Z,2026-10-02T05:35:51Z,3,linux_16_core,0.026,0.078,ubuntu-latest-16-core-arm-oss
36969336888,131693,build-and-test,pull_request,lukesandberg,User,human,110720243986,rust check / build,2026-10-02T05:33:41Z,2026-10-02T05:38:54Z,6,linux_16_core,0.026,0.156,ubuntu-latest-16-core-arm-oss
36969336888,131693,build-and-test,pull_request,lukesandberg,User,human,110720244004,lint / build,2026-10-02T05:33:40Z,2026-10-02T05:38:00Z,5,linux_16_core,0.026,0.13,ubuntu-latest-16-core-arm-oss
36969336888,131693,build-and-test,pull_request,lukesandberg,User,human,110720244009,test cargo unit (miri) / build,2026-10-02T05:33:40Z,2026-10-02T05:41:46Z,9,linux_16_core,0.026,0.23399999999999999,ubuntu-latest-16-core-arm-oss
36969336888,131693,build-and-test,pull_request,lukesandberg,User,human,110720244032,test cargo unit / build,2026-10-02T05:33:41Z,2026-10-02T05:43:30Z,10,linux_16_core,0.042,0.42000000000000004,ubuntu-latest-16-core-oss
36969336888,131693,build-and-test,pull_request,lukesandberg,User,human,110720244033,test next-swc wasi / build,2026-10-02T05:33:40Z,2026-10-02T05:36:11Z,3,linux_16_core,0.026,0.078,ubuntu-latest-16-core-arm-oss
36969336888,131693,build-and-test,pull_request,lukesandberg,User,human,110720244049,test next-swc wasm / build,2026-10-02T05:33:41Z,2026-10-02T05:38:06Z,5,linux_16_core,0.026,0.13,ubuntu-latest-16-core-arm-oss
36969336888,131693,build-and-test,pull_request,lukesandberg,User,human,110720810933,types and precompiled / build,2026-10-02T05:37:42Z,2026-10-02T05:39:43Z,3,linux_16_core,0.026,0.078,ubuntu-latest-16-core-arm-oss
36969336888,131693,build-and-test,pull_request,lukesandberg,User,human,110720811283,test firefox and safari / build,2026-10-02T05:37:39Z,2026-10-02T05:42:30Z,5,linux_16_core,0.026,0.13,ubuntu-latest-16-core-arm-oss
36969336888,131693,build-and-test,pull_request,lukesandberg,User,human,110720811447,test turbopack production (2/7) / build,2026-10-02T05:37:39Z,2026-10-02T05:51:07Z,14,linux_16_core,0.026,0.364,ubuntu-latest-16-core-arm-oss
36969336888,131693,build-and-test,pull_request,lukesandberg,User,human,110720811449,test turbopack dev (2/7) / build,2026-10-02T05:37:43Z,2026-10-02T05:47:19Z,10,linux_16_core,0.026,0.26,ubuntu-latest-16-core-arm-oss
36969336888,131693,build-and-test,pull_request,lukesandberg,User,human,110720811459,test turbopack production (1/7) / build,2026-10-02T05:37:39Z,2026-10-02T05:50:30Z,13,linux_16_core,0.026,0.33799999999999997,ubuntu-latest-16-core-arm-oss
36969336888,131693,build-and-test,pull_request,lukesandberg,User,human,110720811490,test turbopack dev (7/7) / build,2026-10-02T05:37:39Z,2026-10-02T05:55:48Z,19,linux_16_core,0.026,0.494,ubuntu-latest-16-core-arm-oss
36969336888,131693,build-and-test,pull_request,lukesandberg,User,human,110720811493,test turbopack dev (3/7) / build,2026-10-02T05:37:38Z,2026-10-02T05:47:56Z,11,linux_16_core,0.026,0.286,ubuntu-latest-16-core-arm-oss
36969336888,131693,build-and-test,pull_request,lukesandberg,User,human,110720811512,test turbopack dev (4/7) / build,2026-10-02T05:37:39Z,2026-10-02T05:47:41Z,11,linux_16_core,0.026,0.286,ubuntu-latest-16-core-arm-oss
36969336888,131693,build-and-test,pull_request,lukesandberg,User,human,110720811519,test turbopack dev (6/7) / build,2026-10-02T05:37:39Z,2026-10-02T05:47:38Z,10,linux_16_core,0.026,0.26,ubuntu-latest-16-core-arm-oss
36969336888,131693,build-and-test,pull_request,lukesandberg,User,human,110720811520,test turbopack production (3/7) / build,2026-10-02T05:37:37Z,2026-10-02T05:49:24Z,12,linux_16_core,0.026,0.312,ubuntu-latest-16-core-arm-oss
36969336888,131693,build-and-test,pull_request,lukesandberg,User,human,110720811521,test turbopack production (5/7) / build,2026-10-02T05:37:39Z,2026-10-02T05:55:28Z,18,linux_16_core,0.026,0.46799999999999997,ubuntu-latest-16-core-arm-oss
36969336888,131693,build-and-test,pull_request,lukesandberg,User,human,110720811525,test turbopack dev (1/7) / build,2026-10-02T05:37:40Z,2026-10-02T05:49:01Z,12,linux_16_core,0.026,0.312,ubuntu-latest-16-core-arm-oss
36969336888,131693,build-and-test,pull_request,lukesandberg,User,human,110720811537,test turbopack production (6/7) / build,2026-10-02T05:37:42Z,2026-10-02T05:48:59Z,12,linux_16_core,0.026,0.312,ubuntu-latest-16-core-arm-oss
36969336888,131693,build-and-test,pull_request,lukesandberg,User,human,110720811540,test turbopack production (4/7) / build,2026-10-02T05:37:38Z,2026-10-02T05:50:40Z,14,linux_16_core,0.026,0.364,ubuntu-latest-16-core-arm-oss
36969336888,131693,build-and-test,pull_request,lukesandberg,User,human,110720811545,test turbopack dev (5/7) / build,2026-10-02T05:37:38Z,2026-10-02T05:49:03Z,12,linux_16_core,0.026,0.312,ubuntu-latest-16-core-arm-oss
36969336888,131693,build-and-test,pull_request,lukesandberg,User,human,110720811565,Test new and changed tests for flakes (dev) (1/5) / build,2026-10-02T05:37:40Z,2026-10-02T05:38:33Z,1,linux_16_core,0.026,0.026,ubuntu-latest-16-core-arm-oss
36969336888,131693,build-and-test,pull_request,lukesandberg,User,human,110720811576,test dev,2026-10-02T05:36:11Z,2026-10-02T05:36:11Z,1,actions_linux,0.006,0.006,
36969336888,131693,build-and-test,pull_request,lukesandberg,User,human,110720811638,Test new and changed tests for flakes (dev) (5/5) / build,2026-10-02T05:37:40Z,2026-10-02T05:38:24Z,1,linux_16_core,0.026,0.026,ubuntu-latest-16-core-arm-oss
36969336888,131693,build-and-test,pull_request,lukesandberg,User,human,110720811643,test turbopack production (7/7) / build,2026-10-02T05:37:41Z,2026-10-02T05:50:12Z,13,linux_16_core,0.026,0.33799999999999997,ubuntu-latest-16-core-arm-oss
36969336888,131693,build-and-test,pull_request,lukesandberg,User,human,110720811647,test rspack dev,2026-10-02T05:36:11Z,2026-10-02T05:36:11Z,1,actions_linux,0.006,0.006,
36969336888,131693,build-and-test,pull_request,lukesandberg,User,human,110720811650,Test new and changed tests for flakes (dev) (2/5) / build,2026-10-02T05:37:39Z,2026-10-02T05:38:24Z,1,linux_16_core,0.026,0.026,ubuntu-latest-16-core-arm-oss
36969336888,131693,build-and-test,pull_request,lukesandberg,User,human,110720811654,test next-config-ts-native-ts dev (24.15.0) / build,2026-10-02T05:37:37Z,2026-10-02T05:39:04Z,2,linux_16_core,0.026,0.052,ubuntu-latest-16-core-arm-oss
36969336888,131693,build-and-test,pull_request,lukesandberg,User,human,110720811671,Test new and changed tests for flakes (dev) (4/5) / build,2026-10-02T05:37:42Z,2026-10-02T05:38:23Z,1,linux_16_core,0.026,0.026,ubuntu-latest-16-core-arm-oss
36969336888,131693,build-and-test,pull_request,lukesandberg,User,human,110720811695,Test new and changed tests for flakes (prod) (3/5) / build,2026-10-02T05:37:40Z,2026-10-02T05:38:30Z,1,linux_16_core,0.026,0.026,ubuntu-latest-16-core-arm-oss
36969336888,131693,build-and-test,pull_request,lukesandberg,User,human,110720811709,Test new and changed tests for flakes (dev) (3/5) / build,2026-10-02T05:37:40Z,2026-10-02T05:38:20Z,1,linux_16_core,0.026,0.026,ubuntu-latest-16-core-arm-oss
36969336888,131693,build-and-test,pull_request,lukesandberg,User,human,110720811711,Test new and changed tests for flakes (prod) (2/5) / build,2026-10-02T05:37:40Z,2026-10-02T05:38:22Z,1,linux_16_core,0.026,0.026,ubuntu-latest-16-core-arm-oss
36969336888,131693,build-and-test,pull_request,lukesandberg,User,human,110720811751,Test new and changed tests for flakes (prod) (5/5) / build,2026-10-02T05:37:39Z,2026-10-02T05:38:21Z,1,linux_16_core,0.026,0.026,ubuntu-latest-16-core-arm-oss
36969336888,131693,build-and-test,pull_request,lukesandberg,User,human,110720811758,test rspack production,2026-10-02T05:36:11Z,2026-10-02T05:36:11Z,1,actions_linux,0.006,0.006,
36969336888,131693,build-and-test,pull_request,lukesandberg,User,human,110720811761,Test new and changed tests for flakes (prod) (1/5) / build,2026-10-02T05:37:40Z,2026-10-02T05:38:18Z,1,linux_16_core,0.026,0.026,ubuntu-latest-16-core-arm-oss
36969336888,131693,build-and-test,pull_request,lukesandberg,User,human,110720811764,test next-config-ts-native-ts dev (22) / build,2026-10-02T05:37:37Z,2026-10-02T05:39:11Z,2,linux_16_core,0.026,0.052,ubuntu-latest-16-core-arm-oss
36969336888,131693,build-and-test,pull_request,lukesandberg,User,human,110720811787,test cache components prod (3/7) / build,2026-10-02T05:37:40Z,2026-10-02T05:45:18Z,8,linux_16_core,0.026,0.208,ubuntu-latest-16-core-arm-oss
36969336888,131693,build-and-test,pull_request,lukesandberg,User,human,110720811789,test cache components prod (6/7) / build,2026-10-02T05:37:38Z,2026-10-02T05:52:02Z,15,linux_16_core,0.026,0.38999999999999996,ubuntu-latest-16-core-arm-oss
36969336888,131693,build-and-test,pull_request,lukesandberg,User,human,110720811793,Test new and changed tests for flakes (prod) (4/5) / build,2026-10-02T05:37:41Z,2026-10-02T05:38:17Z,1,linux_16_core,0.026,0.026,ubuntu-latest-16-core-arm-oss
36969336888,131693,build-and-test,pull_request,lukesandberg,User,human,110720811799,test cache components prod (7/7) / build,2026-10-02T05:37:38Z,2026-10-02T05:46:25Z,9,linux_16_core,0.026,0.23399999999999999,ubuntu-latest-16-core-arm-oss
36969336888,131693,build-and-test,pull_request,lukesandberg,User,human,110720811824,test cache components prod (4/7) / build,2026-10-02T05:37:38Z,2026-10-02T05:45:24Z,8,linux_16_core,0.026,0.208,ubuntu-latest-16-core-arm-oss
36969336888,131693,build-and-test,pull_request,lukesandberg,User,human,110720811863,test cache components prod (2/7) / build,2026-10-02T05:37:41Z,2026-10-02T05:44:47Z,8,linux_16_core,0.026,0.208,ubuntu-latest-16-core-arm-oss
36969336888,131693,build-and-test,pull_request,lukesandberg,User,human,110720811910,test cache components prod (1/7) / build,2026-10-02T05:37:42Z,2026-10-02T05:46:12Z,9,linux_16_core,0.026,0.23399999999999999,ubuntu-latest-16-core-arm-oss
36969336888,131693,build-and-test,pull_request,lukesandberg,User,human,110720811911,test next-config-ts-native-ts prod (24.15.0) / build,2026-10-02T05:37:42Z,2026-10-02T05:39:42Z,2,linux_16_core,0.026,0.052,ubuntu-latest-16-core-arm-oss
36969336888,131693,build-and-test,pull_request,lukesandberg,User,human,110720811926,test cache components prod (5/7) / build,2026-10-02T05:37:42Z,2026-10-02T05:44:07Z,7,linux_16_core,0.026,0.182,ubuntu-latest-16-core-arm-oss
36969336888,131693,build-and-test,pull_request,lukesandberg,User,human,110720811942,test cache components dev (3/6) / build,2026-10-02T05:37:39Z,2026-10-02T05:53:52Z,17,linux_16_core,0.026,0.442,ubuntu-latest-16-core-arm-oss
36969336888,131693,build-and-test,pull_request,lukesandberg,User,human,110720811959,test cache components dev (4/6) / build,2026-10-02T05:37:42Z,2026-10-02T05:45:00Z,8,linux_16_core,0.026,0.208,ubuntu-latest-16-core-arm-oss
36969336888,131693,build-and-test,pull_request,lukesandberg,User,human,110720811971,test cache components dev (6/6) / build,2026-10-02T05:37:42Z,2026-10-02T05:44:32Z,7,linux_16_core,0.026,0.182,ubuntu-latest-16-core-arm-oss
36969336888,131693,build-and-test,pull_request,lukesandberg,User,human,110720812001,test cache components dev (1/6) / build,2026-10-02T05:37:43Z,2026-10-02T05:45:28Z,8,linux_16_core,0.026,0.208,ubuntu-latest-16-core-arm-oss
36969336888,131693,build-and-test,pull_request,lukesandberg,User,human,110720812007,test cache components dev (5/6) / build,2026-10-02T05:37:42Z,2026-10-02T05:44:53Z,8,linux_16_core,0.026,0.208,ubuntu-latest-16-core-arm-oss
36969336888,131693,build-and-test,pull_request,lukesandberg,User,human,110720812019,test next-config-ts-native-ts prod (22) / build,2026-10-02T05:37:43Z,2026-10-02T05:39:42Z,2,linux_16_core,0.026,0.052,ubuntu-latest-16-core-arm-oss
36969336888,131693,build-and-test,pull_request,lukesandberg,User,human,110720812184,test cache components dev (2/6) / build,2026-10-02T05:37:43Z,2026-10-02T05:45:03Z,8,linux_16_core,0.026,0.208,ubuntu-latest-16-core-arm-oss
36969336888,131693,build-and-test,pull_request,lukesandberg,User,human,110720812206,test unit (22) / build,2026-10-02T05:37:43Z,2026-10-02T05:39:47Z,3,linux_16_core,0.026,0.078,ubuntu-latest-16-core-arm-oss
36969336888,131693,build-and-test,pull_request,lukesandberg,User,human,110720812213,test unit (20) / build,2026-10-02T05:37:43Z,2026-10-02T05:39:45Z,3,linux_16_core,0.026,0.078,ubuntu-latest-16-core-arm-oss
36969336888,131693,build-and-test,pull_request,lukesandberg,User,human,110720812218,test prod,2026-10-02T05:36:12Z,2026-10-02T05:36:11Z,1,actions_linux,0.006,0.006,
36969336888,131693,build-and-test,pull_request,lukesandberg,User,human,110720812277,Run devlow benchmarks,2026-10-02T05:36:12Z,2026-10-02T05:36:11Z,1,actions_linux,0.006,0.006,
36969336888,131693,build-and-test,pull_request,lukesandberg,User,human,110721957234,Test new and changed tests when deployed (cache components) (1/5) / build,2026-10-02T05:41:48Z,2026-10-02T05:42:26Z,1,linux_16_core,0.026,0.026,ubuntu-latest-16-core-arm-oss
36969336888,131693,build-and-test,pull_request,lukesandberg,User,human,110721957270,Test new and changed tests when deployed (cache components) (5/5) / build,2026-10-02T05:41:54Z,2026-10-02T05:42:29Z,1,linux_16_core,0.026,0.026,ubuntu-latest-16-core-arm-oss
36969336888,131693,build-and-test,pull_request,lukesandberg,User,human,110721957323,Test new and changed tests when deployed (cache components) (2/5) / build,2026-10-02T05:41:34Z,2026-10-02T05:42:25Z,1,linux_16_core,0.026,0.026,ubuntu-latest-16-core-arm-oss
36969336888,131693,build-and-test,pull_request,lukesandberg,User,human,110721957324,Test new and changed tests when deployed (2/5) / build,2026-10-02T05:41:43Z,2026-10-02T05:42:24Z,1,linux_16_core,0.026,0.026,ubuntu-latest-16-core-arm-oss
36969336888,131693,build-and-test,pull_request,lukesandberg,User,human,110721957325,Test new and changed tests when deployed (4/5) / build,2026-10-02T05:41:57Z,2026-10-02T05:42:37Z,1,linux_16_core,0.026,0.026,ubuntu-latest-16-core-arm-oss
36969336888,131693,build-and-test,pull_request,lukesandberg,User,human,110721957334,Test new and changed tests when deployed (cache components) (3/5) / build,2026-10-02T05:42:31Z,2026-10-02T05:43:09Z,1,linux_16_core,0.026,0.026,ubuntu-latest-16-core-arm-oss
36969336888,131693,build-and-test,pull_request,lukesandberg,User,human,110721957339,Test new and changed tests when deployed (cache components) (4/5) / build,2026-10-02T05:42:27Z,2026-10-02T05:43:13Z,1,linux_16_core,0.026,0.026,ubuntu-latest-16-core-arm-oss
36969336888,131693,build-and-test,pull_request,lukesandberg,User,human,110721957390,Test new and changed tests when deployed (3/5) / build,2026-10-02T05:42:25Z,2026-10-02T05:43:05Z,1,linux_16_core,0.026,0.026,ubuntu-latest-16-core-arm-oss
36969336888,131693,build-and-test,pull_request,lukesandberg,User,human,110721957438,Test new and changed tests when deployed (5/5) / build,2026-10-02T05:42:27Z,2026-10-02T05:43:08Z,1,linux_16_core,0.026,0.026,ubuntu-latest-16-core-arm-oss
36969336888,131693,build-and-test,pull_request,lukesandberg,User,human,110721957442,Test new and changed tests when deployed (1/5) / build,2026-10-02T05:42:27Z,2026-10-02T05:43:09Z,1,linux_16_core,0.026,0.026,ubuntu-latest-16-core-arm-oss
36969336888,131693,build-and-test,pull_request,lukesandberg,User,human,110722098528,test dev windows / build,2026-10-02T05:41:59Z,2026-10-02T05:50:35Z,9,windows_8_core,0.042,0.378,windows-latest-8-core-oss
36969336888,131693,build-and-test,pull_request,lukesandberg,User,human,110722098564,test prod windows / build,2026-10-02T05:41:59Z,2026-10-02T05:48:42Z,7,windows_8_core,0.042,0.29400000000000004,windows-latest-8-core-oss
36969336888,131693,build-and-test,pull_request,lukesandberg,User,human,110722098567,test integration windows / build,2026-10-02T05:41:58Z,2026-10-02T05:50:29Z,9,windows_8_core,0.042,0.378,windows-latest-8-core-oss
36969336888,131693,build-and-test,pull_request,lukesandberg,User,human,110722098585,test unit windows (22) / build,2026-10-02T05:41:59Z,2026-10-02T05:53:06Z,12,windows_8_core,0.042,0.504,windows-latest-8-core-oss
36969336888,131693,build-and-test,pull_request,lukesandberg,User,human,110722098649,test unit windows (20) / build,2026-10-02T05:41:58Z,2026-10-02T05:49:24Z,8,windows_8_core,0.042,0.336,windows-latest-8-core-oss
36969336888,131693,build-and-test,pull_request,lukesandberg,User,human,110725183993,"thank you, next",2026-10-02T05:55:50Z,2026-10-02T05:55:53Z,1,actions_linux,0.006,0.006,ubuntu-latest
36969336702,148109,build-and-deploy,pull_request,lukesandberg,User,human,110719823558,deploy-target,2026-10-02T05:31:47Z,2026-10-02T05:32:03Z,1,actions_linux,0.006,0.006,ubuntu-latest
36969336702,148109,build-and-deploy,pull_request,lukesandberg,User,human,110719890093,build,2026-10-02T05:32:05Z,2026-10-02T05:35:00Z,3,actions_linux,0.006,0.018000000000000002,ubuntu-latest
36969336702,148109,build-and-deploy,pull_request,lukesandberg,User,human,110719890115,build-wasm (nodejs),2026-10-02T05:32:05Z,2026-10-02T05:34:32Z,3,linux_16_core,0.042,0.126,ubuntu-latest-16-core-oss
36969336702,148109,build-and-deploy,pull_request,lukesandberg,User,human,110719890135,generate-native-matrix,2026-10-02T05:32:05Z,2026-10-02T05:32:08Z,1,actions_linux,0.006,0.006,ubuntu-latest
36969336702,148109,build-and-deploy,pull_request,lukesandberg,User,human,110719890159,build-wasm (web),2026-10-02T05:32:06Z,2026-10-02T05:34:14Z,3,linux_16_core,0.042,0.126,ubuntu-latest-16-core-oss
36969336702,148109,build-and-deploy,pull_request,lukesandberg,User,human,110719910047,stable - x86_64-unknown-linux-gnu - node@20,2026-10-02T05:33:37Z,2026-10-02T05:38:05Z,5,linux_16_core,0.042,0.21000000000000002,ubuntu-latest-16-core-oss
36969336702,148109,build-and-deploy,pull_request,lukesandberg,User,human,110719945384,Docs Link Validation,2026-10-02T05:32:18Z,2026-10-02T05:32:18Z,1,actions_linux,0.006,0.006,
36969336702,148109,build-and-deploy,pull_request,lukesandberg,User,human,110721235734,"thank you, build",2026-10-02T05:38:07Z,2026-10-02T05:38:10Z,1,actions_linux,0.006,0.006,ubuntu-latest
36969336702,148109,build-and-deploy,pull_request,lukesandberg,User,human,110721235751,Prepare preview tarball,2026-10-02T05:38:07Z,2026-10-02T05:40:41Z,3,actions_linux,0.006,0.018000000000000002,ubuntu-latest
36969336702,148109,build-and-deploy,pull_request,lukesandberg,User,human,110721236643,Potentially publish release,2026-10-02T05:38:06Z,2026-10-02T05:38:06Z,1,actions_linux,0.006,0.006,ubuntu-latest
36969336702,148109,build-and-deploy,pull_request,lukesandberg,User,human,110721237338,Upload Turbopack Bytesize metrics to Datadog,2026-10-02T05:38:06Z,2026-10-02T05:38:06Z,1,actions_linux,0.006,0.006,ubuntu-latest
36969336702,148109,build-and-deploy,pull_request,lukesandberg,User,human,110721237840,report publish failure to slack,2026-10-02T05:38:06Z,2026-10-02T05:38:06Z,1,actions_linux,0.006,0.006,ubuntu-latest
36969334981,77987,PR CI Comment,workflow_run,lukesandberg,User,human,110719817938,Comment on PR,2026-10-02T05:31:46Z,2026-10-02T05:31:59Z,1,actions_linux,0.006,0.006,ubuntu-latest
